"relative_path","bytes","sha256","last_write_time"
"README.md","2923","00076D2C70D5B4167D0674F225FBD9AED2432AB20448466D7C0BCC27B3F2D995","2026-05-23T18:25:54"
"code/COBsquare__Dementia-Examiner-for-Individuals/.classpath","1280","A742001137C1B896D6CB1262C4BF65D4A97FEA49F34DD9C090396E376AFC3531","2026-05-23T17:09:25"
"code/COBsquare__Dementia-Examiner-for-Individuals/.git/HEAD","23","F6F2B945F6C411B02BA3DA9C7ACE88DCF71B6AF65BA2E0D89AA82900042B5A10","2026-05-23T17:09:25"
"code/COBsquare__Dementia-Examiner-for-Individuals/.git/config","335","AD2E403EDFDDD75502CADA24D552E4A9E2AE44D07F85953D9BA20A1F88C28E0F","2026-05-23T17:09:25"
"code/COBsquare__Dementia-Examiner-for-Individuals/.git/description","73","85AB6C163D43A17EA9CF7788308BCA1466F1B0A8D1CC92E26E9BF63DA4062AEE","2026-05-23T17:09:23"
"code/COBsquare__Dementia-Examiner-for-Individuals/.git/hooks/applypatch-msg.sample","478","0223497A0B8B033AA58A3A521B8629869386CF7AB0E2F101963D328AA62193F7","2026-05-23T17:09:23"
"code/COBsquare__Dementia-Examiner-for-Individuals/.git/hooks/commit-msg.sample","1972","EFC1401B0E99D1FF51494D154D98B46C1E99059BCD8BF9F73CECDE19FD3EB23B","2026-05-23T17:09:23"
"code/COBsquare__Dementia-Examiner-for-Individuals/.git/hooks/fsmonitor-watchman.sample","4611","9159720099AD5595B8E66645CBFD47763C1E920F46E0B50AE75E642BBEC57EF0","2026-05-23T17:09:23"
"code/COBsquare__Dementia-Examiner-for-Individuals/.git/hooks/post-update.sample","189","81765AF2DAEF323061DCBC5E61FC16481CB74B3BAC9AD8A174B186523586F6C5","2026-05-23T17:09:23"
"code/COBsquare__Dementia-Examiner-for-Individuals/.git/hooks/pre-applypatch.sample","424","E15C5B469EA3E0A695BEA6F2C82BCF8E62821074939DDD85B77E0007FF165475","2026-05-23T17:09:23"
"code/COBsquare__Dementia-Examiner-for-Individuals/.git/hooks/pre-commit.sample","1649","57185B7B9F05239D7AB52DB045F5B89EB31348D7B2177EAB214F5EB872E1971B","2026-05-23T17:09:23"
"code/COBsquare__Dementia-Examiner-for-Individuals/.git/hooks/pre-merge-commit.sample","416","D3825A70337940EBBD0A5C072984E13245920CDF8898BD225C8D27A6DFC9CB53","2026-05-23T17:09:23"
"code/COBsquare__Dementia-Examiner-for-Individuals/.git/hooks/pre-push.sample","1374","ECCE9C7E04D3F5DD9D8ADA81753DD1D549A9634B26770042B58DDA00217D086A","2026-05-23T17:09:23"
"code/COBsquare__Dementia-Examiner-for-Individuals/.git/hooks/pre-rebase.sample","4898","4FEBCE867790052338076F4E66CC47EFB14879D18097D1D61C8261859EAAA7B3","2026-05-23T17:09:23"
"code/COBsquare__Dementia-Examiner-for-Individuals/.git/hooks/pre-receive.sample","544","A4C3D2B9C7BB3FD8D1441C31BD4EE71A595D66B44FCF49DDB310252320169989","2026-05-23T17:09:23"
"code/COBsquare__Dementia-Examiner-for-Individuals/.git/hooks/prepare-commit-msg.sample","1492","E9DDCAA4189FDDD25ED97FC8C789ECA7B6CA16390B2392AE3276F0C8E1AA4619","2026-05-23T17:09:23"
"code/COBsquare__Dementia-Examiner-for-Individuals/.git/hooks/push-to-checkout.sample","2783","A53D0741798B287C6DD7AFA64AEE473F305E65D3F49463BB9D7408EC3B12BF5F","2026-05-23T17:09:23"
"code/COBsquare__Dementia-Examiner-for-Individuals/.git/hooks/sendemail-validate.sample","2308","44EBFC923DC5466BC009602F0ECF067B9C65459ABFE8868DDC49B78E6CED7A92","2026-05-23T17:09:23"
"code/COBsquare__Dementia-Examiner-for-Individuals/.git/hooks/update.sample","3650","8D5F2FA83E103CF08B57EAA67521DF9194F45CBDBCB37DA52AD586097A14D106","2026-05-23T17:09:23"
"code/COBsquare__Dementia-Examiner-for-Individuals/.git/index","18600","53DA3E3806977DEADBF0F8BA043F903873B0976122EB4949895D4E92DF360ABD","2026-05-23T17:09:26"
"code/COBsquare__Dementia-Examiner-for-Individuals/.git/info/exclude","240","6671FE83B7A07C8932EE89164D1F2793B2318058EB8B98DC5C06EE0A5A3B0EC1","2026-05-23T17:09:23"
"code/COBsquare__Dementia-Examiner-for-Individuals/.git/logs/HEAD","217","9CA11D4FE4D282F6E05CDE48067F57D10C4B5232778D542ED148AADD16E7F098","2026-05-23T17:09:25"
"code/COBsquare__Dementia-Examiner-for-Individuals/.git/logs/refs/heads/master","217","9CA11D4FE4D282F6E05CDE48067F57D10C4B5232778D542ED148AADD16E7F098","2026-05-23T17:09:25"
"code/COBsquare__Dementia-Examiner-for-Individuals/.git/logs/refs/remotes/origin/HEAD","217","9CA11D4FE4D282F6E05CDE48067F57D10C4B5232778D542ED148AADD16E7F098","2026-05-23T17:09:25"
"code/COBsquare__Dementia-Examiner-for-Individuals/.git/objects/pack/pack-ee803b3274fe84e770f19856c60a137db6edd541.idx","5132","3175D07ECD0A28E474596486E566BE577929916266E3952EC456D32CF838BC18","2026-05-23T17:09:25"
"code/COBsquare__Dementia-Examiner-for-Individuals/.git/objects/pack/pack-ee803b3274fe84e770f19856c60a137db6edd541.pack","13717019","67DA5411CCD23A0A9C9E90ABAA1BEF1AAD743D948FF707F9463ED00366C1C47E","2026-05-23T17:09:25"
"code/COBsquare__Dementia-Examiner-for-Individuals/.git/objects/pack/pack-ee803b3274fe84e770f19856c60a137db6edd541.rev","632","CC3B517B1957C8E177623D922A1C42E308B42CF33FC1082D47AAC3B12FA5B226","2026-05-23T17:09:25"
"code/COBsquare__Dementia-Examiner-for-Individuals/.git/packed-refs","114","60BA7924B5EED36D133A473C7D2B466A2E4E8AB5BAF646FA38E6CB4FDF414FBF","2026-05-23T17:09:25"
"code/COBsquare__Dementia-Examiner-for-Individuals/.git/refs/heads/master","41","5B2D89AD3271D32F0E0941E65C6A5039D93CBEF9FA37F5D894EDDD6155A589C5","2026-05-23T17:09:25"
"code/COBsquare__Dementia-Examiner-for-Individuals/.git/refs/remotes/origin/HEAD","32","CDC65E67690C4C6475174E5EC662B70655246A2F3924354778835AB3BE70AA76","2026-05-23T17:09:25"
"code/COBsquare__Dementia-Examiner-for-Individuals/.git/shallow","41","5B2D89AD3271D32F0E0941E65C6A5039D93CBEF9FA37F5D894EDDD6155A589C5","2026-05-23T17:09:24"
"code/COBsquare__Dementia-Examiner-for-Individuals/.gitattributes","395","3A8C3F18CCAFD0D006B65121752F53D3D631724E2E0B642909718D918D75A094","2026-05-23T17:09:25"
"code/COBsquare__Dementia-Examiner-for-Individuals/.gitignore","941","F4127C49178A0FA85F9CF953140EBAA56DE203CF8BEAE4E9F4E0E6616E866F86","2026-05-23T17:09:25"
"code/COBsquare__Dementia-Examiner-for-Individuals/.project","568","3AF94880BB64841AE00340F3B05B567318597077AAB59B4BF6C0A1A480FDCB56","2026-05-23T17:09:25"
"code/COBsquare__Dementia-Examiner-for-Individuals/.settings/org.eclipse.jdt.core.prefs","598","574B23C946B0F069DB9952D537F2268C810A1A4B6A7B6895111DFB8F94B56838","2026-05-23T17:09:25"
"code/COBsquare__Dementia-Examiner-for-Individuals/README.md","971","FC2F57D39458B9A88271A258C0FDF4B5029344050BF1CBA87B46018FB84D2729","2026-05-23T17:09:25"
"code/COBsquare__Dementia-Examiner-for-Individuals/Resources/Grammer/Question1.gram","771","A353C5001106AF9408BAC2DDBE94C778F583583193B163884263FA419E7FC7B7","2026-05-23T17:09:25"
"code/COBsquare__Dementia-Examiner-for-Individuals/Resources/Grammer/Question10.gram","132","4DA9DDBF3C46E3DE7A759C6D03F1F036CCC29C46CE369E14114B97B8598F50FD","2026-05-23T17:09:25"
"code/COBsquare__Dementia-Examiner-for-Individuals/Resources/Grammer/Question11.gram","87","39BFA35A437F9C1F6ADE993026011D6147B09B865AD1AB7389B24B50564153EC","2026-05-23T17:09:25"
"code/COBsquare__Dementia-Examiner-for-Individuals/Resources/Grammer/Question12.gram","71","32984D6357FE192A4207C1D8C2ACBF0BEA96A2D51560D63A93C475D2AC67ECD3","2026-05-23T17:09:25"
"code/COBsquare__Dementia-Examiner-for-Individuals/Resources/Grammer/Question18.gram","136","CC3B762531429094BFB5E5C21EFA3BC8441D68E50793E7758C387C285838B8C8","2026-05-23T17:09:25"
"code/COBsquare__Dementia-Examiner-for-Individuals/Resources/Grammer/Question19.gram","97","4EA9E684A1F1CD1D7FC0B14BF69830153E5E28C1B8EE1F384828C91E90963D9F","2026-05-23T17:09:25"
"code/COBsquare__Dementia-Examiner-for-Individuals/Resources/Grammer/Question2.gram","95","CF8A036B37AC04552B2985629B7AB28EE1255C069F30FA9190B5CA5ECD611470","2026-05-23T17:09:25"
"code/COBsquare__Dementia-Examiner-for-Individuals/Resources/Grammer/Question3.gram","7369","03EC389441F70544DC3D30E4D148707C0CE3EBFC0B4208BA503B0EB8FC07A863","2026-05-23T17:09:25"
"code/COBsquare__Dementia-Examiner-for-Individuals/Resources/Grammer/Question4.gram","131","82734A43DB376E4565643FEA1D859F58942838155256202621CBAADF5004452F","2026-05-23T17:09:25"
"code/COBsquare__Dementia-Examiner-for-Individuals/Resources/Grammer/Question5.gram","171","8819B33BE5C853B9A8D0B70D4C1718782007FF0BBF14093143A20FA9A00A330E","2026-05-23T17:09:25"
"code/COBsquare__Dementia-Examiner-for-Individuals/Resources/Grammer/Question6.gram","101","EAC17750034C23566CE8311BF262E8F5CCBE6E7F5C0D7269C8B05AC9DE7E326E","2026-05-23T17:09:25"
"code/COBsquare__Dementia-Examiner-for-Individuals/Resources/Grammer/Question7.gram","82","EC7206F521F0F18472F297E636B80378291DB7727279A53F9C03EB79E4C01CA8","2026-05-23T17:09:25"
"code/COBsquare__Dementia-Examiner-for-Individuals/Resources/Grammer/Question8.gram","148","87AE5F5C3CE3C34D500CEE51403E36D8A337CB006CAEBDE60CD5DB0C051F35C3","2026-05-23T17:09:25"
"code/COBsquare__Dementia-Examiner-for-Individuals/Resources/Grammer/Question9.gram","82","8AC15D55FA427A6B81FB1B34A0EABE48CB9EB5A5306A209557F20D8AD3A63418","2026-05-23T17:09:25"
"code/COBsquare__Dementia-Examiner-for-Individuals/Resources/Grammer/Tutorial.gram","80","5A90764A9BD39F0556961E9760108F78A4A5FEDB8F6F7D135F61B1B1B09D474D","2026-05-23T17:09:25"
"code/COBsquare__Dementia-Examiner-for-Individuals/Resources/Images/Defi Logo.png","326925","2875AFBF266112991B306DCCBC88F19136ABCDEC6A2C080947C3F7225D59DB53","2026-05-23T17:09:25"
"code/COBsquare__Dementia-Examiner-for-Individuals/Resources/Images/arrowRight.png","2032","8296DEB566BBFD60527D68F56B54C35521FBACDFD85667BD8EB0B4FF3FF7834A","2026-05-23T17:09:25"
"code/COBsquare__Dementia-Examiner-for-Individuals/Resources/Images/background.png","46033","6640F60DA43EAB42482CE9837CC3FB0404310FD135EE406621AE5472D0574867","2026-05-23T17:09:25"
"code/COBsquare__Dementia-Examiner-for-Individuals/Resources/Images/camera.png","1894","79C4C2E5EF2F805E677B3E644085D5726FDCA464458498666E237F7CD671F933","2026-05-23T17:09:25"
"code/COBsquare__Dementia-Examiner-for-Individuals/Resources/Images/chair.png","66714","F1893DFAE78F281029F9AA77C8A36A3E54CCF4AE66487742BA46A35D0BE9D989","2026-05-23T17:09:25"
"code/COBsquare__Dementia-Examiner-for-Individuals/Resources/Images/checkmark.png","12805","288BC55C03E00C1983DCD62412AD09756F8E590AE31AC5ED1C648B39EA5B37ED","2026-05-23T17:09:25"
"code/COBsquare__Dementia-Examiner-for-Individuals/Resources/Images/clock.jpg","12665","5A42676D304B5C190999FB721453A8C2B4F7710489D9BEFB7ACED7314094CCC8","2026-05-23T17:09:25"
"code/COBsquare__Dementia-Examiner-for-Individuals/Resources/Images/close.png","1042","65CB4710C1E7D28D6CEA1061879F3B5D328A0F2FEF631EA08EEA4D7351F7C4B4","2026-05-23T17:09:25"
"code/COBsquare__Dementia-Examiner-for-Individuals/Resources/Images/compass.png","32659","022F6FBAE9284D54CE5F3998D920F3EB0D64DE3B27C5C7D0532ECCBE1AFFDC51","2026-05-23T17:09:25"
"code/COBsquare__Dementia-Examiner-for-Individuals/Resources/Images/folder.png","1851","08200214D37F49AE4FBE22C0CA623DC16B891BFF1FB8614516954297DD5C670E","2026-05-23T17:09:25"
"code/COBsquare__Dementia-Examiner-for-Individuals/Resources/Images/greentick.png","8142","D26441E792CCFBC89E46227431F9E0DF1E6CE84B73F443DEF62E0CFA360DB47E","2026-05-23T17:09:25"
"code/COBsquare__Dementia-Examiner-for-Individuals/Resources/Images/greenticksmall.png","1890","347BA2E3BDDF6E41CEAC07177FD1E11AD27A033BC1265272C7C3840C53D122D0","2026-05-23T17:09:25"
"code/COBsquare__Dementia-Examiner-for-Individuals/Resources/Images/home.png","640","196B26E39DAC90F63427D24807C159E1FF87E54E80F6BB5DEAA6A8E443F71DC3","2026-05-23T17:09:25"
"code/COBsquare__Dementia-Examiner-for-Individuals/Resources/Images/kucuklogo.png","18903","E9BFC380DF17C0D2D87DEA7776E9894A9B5AFE5ED3E9B95637E83DF42B93DAB5","2026-05-23T17:09:25"
"code/COBsquare__Dementia-Examiner-for-Individuals/Resources/Images/logo.png","38472","6D96E751A45F7EB7720DFF87A035673D79C78C9ED86035F08527EBA4421C72D3","2026-05-23T17:09:25"
"code/COBsquare__Dementia-Examiner-for-Individuals/Resources/Images/map.png","33916","546B50534E249320580901FCDA5E46BD3B93D558D9D69600CE4079A242883604","2026-05-23T17:09:25"
"code/COBsquare__Dementia-Examiner-for-Individuals/Resources/Images/microphone.png","2134","B084FFA4D55C5DF62EE7BD974BB92E2E04B0DDA282A8E2AC201213B550AB946A","2026-05-23T17:09:25"
"code/COBsquare__Dementia-Examiner-for-Individuals/Resources/Images/pdficon.png","21813","98AC2A64AB11F0DF8D75C2EA2E3DDC1BE3CB371FECDF0C9AABFAB616AF0E2FB2","2026-05-23T17:09:25"
"code/COBsquare__Dementia-Examiner-for-Individuals/Resources/Images/play.png","2235","6650568EDB1516300DF235667F50B4B969E2897EEFE3D72DA65CCCE5F55BF6CC","2026-05-23T17:09:25"
"code/COBsquare__Dementia-Examiner-for-Individuals/Resources/Images/polygon_illiterate.png","14929","EA6D7E9984E9052CC42B7ABE4EC0FE2C14A98B1C6799D0903228D675D5F5A2C6","2026-05-23T17:09:25"
"code/COBsquare__Dementia-Examiner-for-Individuals/Resources/Images/polygon_literate.png","12320","9FB65D2F343F2E99EC9EF1D135A9102E18C186DFF6F625610D857D88804542A9","2026-05-23T17:09:25"
"code/COBsquare__Dementia-Examiner-for-Individuals/Resources/Images/record.png","7654","122EA5D1CE82E69A7A2C8646A6379DCB35AAFE90D0808B47186C12DCAACF2DCF","2026-05-23T17:09:25"
"code/COBsquare__Dementia-Examiner-for-Individuals/Resources/Images/staricon.png","660","B13F3A97B9B736500EA6AB3E4E6CC68276530C059CC36F9CCB768AAC34052983","2026-05-23T17:09:25"
"code/COBsquare__Dementia-Examiner-for-Individuals/Resources/Images/tick.png","2996","8F676B00DFE35EFC6413F469DFA03B650A62B5FC572B1B52D591338F509586A1","2026-05-23T17:09:25"
"code/COBsquare__Dementia-Examiner-for-Individuals/Resources/Images/warningicon.png","659","02F0382CC6ADAF4E1BAA66C34E778D2879D4DA8722D5C0D5ADE0035D28437A1F","2026-05-23T17:09:25"
"code/COBsquare__Dementia-Examiner-for-Individuals/Resources/NeuralNetwork/NeuralNetwork_Perceptron.nnet","111381","71DCEE05521BA7112155C1610E69F850EE1D177A027F82E4F7FF7D8FC3E1DC2B","2026-05-23T17:09:25"
"code/COBsquare__Dementia-Examiner-for-Individuals/Resources/NeuralNetwork/numbers_data.txt","849069","E60E8F5B5D123C133B374B6E4C387F592AD3C23C668BA8B49DA59F3DEEA6E565","2026-05-23T17:09:25"
"code/COBsquare__Dementia-Examiner-for-Individuals/Resources/Questions/1.wav","273464","79C051469B9A346F2D37FEA86EE5C290AA60104E6FF872DB103062C6A0842AD0","2026-05-23T17:09:25"
"code/COBsquare__Dementia-Examiner-for-Individuals/Resources/Questions/10.wav","529244","CABAC7089B616672AC3FA77D3A7B12DC0F996112D3894EB5AA1B49ACC4944A69","2026-05-23T17:09:25"
"code/COBsquare__Dementia-Examiner-for-Individuals/Resources/Questions/11.wav","582164","4D5F2021404D17A798C4BEB7B98E512FE29D6E966827A1C2BCB7116764DC45B4","2026-05-23T17:09:25"
"code/COBsquare__Dementia-Examiner-for-Individuals/Resources/Questions/12.wav","229364","132313B63DA5B26C75ECA7EBD651A12407E597719600344209049D448229D94B","2026-05-23T17:09:25"
"code/COBsquare__Dementia-Examiner-for-Individuals/Resources/Questions/13.wav","273464","BA47D521D5DFC769C35A7658715F676717EDA6A8DB657673A2CB6EDE0A262540","2026-05-23T17:09:25"
"code/COBsquare__Dementia-Examiner-for-Individuals/Resources/Questions/14.wav","388124","0B864188793BF37EB0161738155F1F19E73D48C3E69605FB615FD32F7F974DC3","2026-05-23T17:09:25"
"code/COBsquare__Dementia-Examiner-for-Individuals/Resources/Questions/15.wav","370484","5F1B70B15E33B6D989DF4996D9FC1665880982CE1F269F90915407E36D010E73","2026-05-23T17:09:25"
"code/COBsquare__Dementia-Examiner-for-Individuals/Resources/Questions/16.wav","714464","0298FF0D96DAEC66ED159AEAC570CB623FA46CAED0798EFDADBD728CF184C8B5","2026-05-23T17:09:25"
"code/COBsquare__Dementia-Examiner-for-Individuals/Resources/Questions/17.wav","264644","3050C360BEAF354E64D6A165E5306EAAD01C403B431A3A5B1FF461F1920DEC90","2026-05-23T17:09:25"
"code/COBsquare__Dementia-Examiner-for-Individuals/Resources/Questions/18.wav","890864","E44447E35DFB97BC7A3B48EF21D0F65EA3D7F3C37333F983292119539E8149D2","2026-05-23T17:09:25"
"code/COBsquare__Dementia-Examiner-for-Individuals/Resources/Questions/19.wav","476324","DED6189694594C89EF5EF71E69348BCA3514AF703C504CD61A2DD1B73371B014","2026-05-23T17:09:25"
"code/COBsquare__Dementia-Examiner-for-Individuals/Resources/Questions/2.wav","211724","3CFBDEA8FD66C93D2D2CC0F9715782F02C3271D016B5C7CB6FC0738F0BF88302","2026-05-23T17:09:25"
"code/COBsquare__Dementia-Examiner-for-Individuals/Resources/Questions/20.wav","837944","CFFB976A238F914494BF9ED99C3FE1EB8392C0F46F580BE47501EBFEDB14CBE1","2026-05-23T17:09:25"
"code/COBsquare__Dementia-Examiner-for-Individuals/Resources/Questions/3.wav","538064","519BE2CAE0CD7D7D2DCF53851D33C1AF6C18532EB5E71A0A234DE367A7A18438","2026-05-23T17:09:25"
"code/COBsquare__Dementia-Examiner-for-Individuals/Resources/Questions/4.wav","220544","BAC5023C54EC7D9C2CF7C4941A4326EF903D5E277A4C7C97D09159ACBD68849C","2026-05-23T17:09:25"
"code/COBsquare__Dementia-Examiner-for-Individuals/Resources/Questions/5.wav","255824","97362F4DC8BC01B23562B692C4C24CD23903B3683323C4D571B8A7301DD3F31E","2026-05-23T17:09:25"
"code/COBsquare__Dementia-Examiner-for-Individuals/Resources/Questions/6.wav","723284","C63F03FBA95C8E06E66C5333F1281FBF9D3C678544C8B0A8C52809395842A530","2026-05-23T17:09:25"
"code/COBsquare__Dementia-Examiner-for-Individuals/Resources/Questions/7.wav","1120184","C441F7860B77036A51D68001234CDD9AF4787754F6F4C0B62434A6A9C52E3F9E","2026-05-23T17:09:25"
"code/COBsquare__Dementia-Examiner-for-Individuals/Resources/Questions/8.wav","529244","DDEE233B48D143171AF5A9AFAD3ABFACF7630D16116FF2A61688B338F74A3555","2026-05-23T17:09:25"
"code/COBsquare__Dementia-Examiner-for-Individuals/Resources/Questions/9.wav","573344","F1FE72284B3DD384FFE86D1B5B6F65D3E51C2D9DE75EDF72858E7B52F40C3459","2026-05-23T17:09:25"
"code/COBsquare__Dementia-Examiner-for-Individuals/Resources/Questions/README.txt","2026","87EFC293756F187B9DC8D2E8AE11BB0A2444C22968520A25F373218E91E1EB1D","2026-05-23T17:09:25"
"code/COBsquare__Dementia-Examiner-for-Individuals/Resources/Questions/Sound_Check.wav","344024","9A3DFFB16F94940874DDE598799021EE4509FA5CF5EA0B6F3B3133B569E855E3","2026-05-23T17:09:25"
"code/COBsquare__Dementia-Examiner-for-Individuals/bin/.gitignore","171","79FC2931C4D54AA3778410F3CD0001BCF3B7BF53A47E44577EAB32BCD3AED17C","2026-05-23T17:09:25"
"code/COBsquare__Dementia-Examiner-for-Individuals/bin/Grammer/Question1.gram","771","A353C5001106AF9408BAC2DDBE94C778F583583193B163884263FA419E7FC7B7","2026-05-23T17:09:25"
"code/COBsquare__Dementia-Examiner-for-Individuals/bin/Grammer/Question10.gram","132","4DA9DDBF3C46E3DE7A759C6D03F1F036CCC29C46CE369E14114B97B8598F50FD","2026-05-23T17:09:25"
"code/COBsquare__Dementia-Examiner-for-Individuals/bin/Grammer/Question11.gram","87","39BFA35A437F9C1F6ADE993026011D6147B09B865AD1AB7389B24B50564153EC","2026-05-23T17:09:25"
"code/COBsquare__Dementia-Examiner-for-Individuals/bin/Grammer/Question12.gram","71","32984D6357FE192A4207C1D8C2ACBF0BEA96A2D51560D63A93C475D2AC67ECD3","2026-05-23T17:09:25"
"code/COBsquare__Dementia-Examiner-for-Individuals/bin/Grammer/Question18.gram","136","CC3B762531429094BFB5E5C21EFA3BC8441D68E50793E7758C387C285838B8C8","2026-05-23T17:09:25"
"code/COBsquare__Dementia-Examiner-for-Individuals/bin/Grammer/Question19.gram","97","4EA9E684A1F1CD1D7FC0B14BF69830153E5E28C1B8EE1F384828C91E90963D9F","2026-05-23T17:09:25"
"code/COBsquare__Dementia-Examiner-for-Individuals/bin/Grammer/Question2.gram","95","CF8A036B37AC04552B2985629B7AB28EE1255C069F30FA9190B5CA5ECD611470","2026-05-23T17:09:25"
"code/COBsquare__Dementia-Examiner-for-Individuals/bin/Grammer/Question3.gram","7369","03EC389441F70544DC3D30E4D148707C0CE3EBFC0B4208BA503B0EB8FC07A863","2026-05-23T17:09:25"
"code/COBsquare__Dementia-Examiner-for-Individuals/bin/Grammer/Question4.gram","131","82734A43DB376E4565643FEA1D859F58942838155256202621CBAADF5004452F","2026-05-23T17:09:25"
"code/COBsquare__Dementia-Examiner-for-Individuals/bin/Grammer/Question5.gram","171","8819B33BE5C853B9A8D0B70D4C1718782007FF0BBF14093143A20FA9A00A330E","2026-05-23T17:09:25"
"code/COBsquare__Dementia-Examiner-for-Individuals/bin/Grammer/Question6.gram","101","EAC17750034C23566CE8311BF262E8F5CCBE6E7F5C0D7269C8B05AC9DE7E326E","2026-05-23T17:09:25"
"code/COBsquare__Dementia-Examiner-for-Individuals/bin/Grammer/Question7.gram","82","EC7206F521F0F18472F297E636B80378291DB7727279A53F9C03EB79E4C01CA8","2026-05-23T17:09:25"
"code/COBsquare__Dementia-Examiner-for-Individuals/bin/Grammer/Question8.gram","148","87AE5F5C3CE3C34D500CEE51403E36D8A337CB006CAEBDE60CD5DB0C051F35C3","2026-05-23T17:09:25"
"code/COBsquare__Dementia-Examiner-for-Individuals/bin/Grammer/Question9.gram","82","8AC15D55FA427A6B81FB1B34A0EABE48CB9EB5A5306A209557F20D8AD3A63418","2026-05-23T17:09:25"
"code/COBsquare__Dementia-Examiner-for-Individuals/bin/Grammer/Tutorial.gram","80","5A90764A9BD39F0556961E9760108F78A4A5FEDB8F6F7D135F61B1B1B09D474D","2026-05-23T17:09:25"
"code/COBsquare__Dementia-Examiner-for-Individuals/bin/ImageProcessing/application/ImageRecognition.fxml","3025","55B6399D55390841B1792F524AB675A7FBD0F4A033A8455FC9AAC31CF97F1FF9","2026-05-23T17:09:25"
"code/COBsquare__Dementia-Examiner-for-Individuals/bin/ImageProcessing/application/application.css","101","A3B6C4C243330C07570A2188E45773E9307A422D10937F92FFFD3F204B2DFF6D","2026-05-23T17:09:25"
"code/COBsquare__Dementia-Examiner-for-Individuals/bin/Images/Defi Logo.png","326925","2875AFBF266112991B306DCCBC88F19136ABCDEC6A2C080947C3F7225D59DB53","2026-05-23T17:09:25"
"code/COBsquare__Dementia-Examiner-for-Individuals/bin/Images/arrowRight.png","2032","8296DEB566BBFD60527D68F56B54C35521FBACDFD85667BD8EB0B4FF3FF7834A","2026-05-23T17:09:25"
"code/COBsquare__Dementia-Examiner-for-Individuals/bin/Images/background.png","46033","6640F60DA43EAB42482CE9837CC3FB0404310FD135EE406621AE5472D0574867","2026-05-23T17:09:25"
"code/COBsquare__Dementia-Examiner-for-Individuals/bin/Images/camera.png","1894","79C4C2E5EF2F805E677B3E644085D5726FDCA464458498666E237F7CD671F933","2026-05-23T17:09:25"
"code/COBsquare__Dementia-Examiner-for-Individuals/bin/Images/chair.png","66714","F1893DFAE78F281029F9AA77C8A36A3E54CCF4AE66487742BA46A35D0BE9D989","2026-05-23T17:09:25"
"code/COBsquare__Dementia-Examiner-for-Individuals/bin/Images/checkmark.png","12805","288BC55C03E00C1983DCD62412AD09756F8E590AE31AC5ED1C648B39EA5B37ED","2026-05-23T17:09:25"
"code/COBsquare__Dementia-Examiner-for-Individuals/bin/Images/clock.jpg","12665","5A42676D304B5C190999FB721453A8C2B4F7710489D9BEFB7ACED7314094CCC8","2026-05-23T17:09:25"
"code/COBsquare__Dementia-Examiner-for-Individuals/bin/Images/close.png","1042","65CB4710C1E7D28D6CEA1061879F3B5D328A0F2FEF631EA08EEA4D7351F7C4B4","2026-05-23T17:09:25"
"code/COBsquare__Dementia-Examiner-for-Individuals/bin/Images/compass.png","32659","022F6FBAE9284D54CE5F3998D920F3EB0D64DE3B27C5C7D0532ECCBE1AFFDC51","2026-05-23T17:09:25"
"code/COBsquare__Dementia-Examiner-for-Individuals/bin/Images/folder.png","1851","08200214D37F49AE4FBE22C0CA623DC16B891BFF1FB8614516954297DD5C670E","2026-05-23T17:09:25"
"code/COBsquare__Dementia-Examiner-for-Individuals/bin/Images/greentick.png","8142","D26441E792CCFBC89E46227431F9E0DF1E6CE84B73F443DEF62E0CFA360DB47E","2026-05-23T17:09:25"
"code/COBsquare__Dementia-Examiner-for-Individuals/bin/Images/greenticksmall.png","1890","347BA2E3BDDF6E41CEAC07177FD1E11AD27A033BC1265272C7C3840C53D122D0","2026-05-23T17:09:25"
"code/COBsquare__Dementia-Examiner-for-Individuals/bin/Images/home.png","640","196B26E39DAC90F63427D24807C159E1FF87E54E80F6BB5DEAA6A8E443F71DC3","2026-05-23T17:09:25"
"code/COBsquare__Dementia-Examiner-for-Individuals/bin/Images/kucuklogo.png","18903","E9BFC380DF17C0D2D87DEA7776E9894A9B5AFE5ED3E9B95637E83DF42B93DAB5","2026-05-23T17:09:25"
"code/COBsquare__Dementia-Examiner-for-Individuals/bin/Images/logo.png","38472","6D96E751A45F7EB7720DFF87A035673D79C78C9ED86035F08527EBA4421C72D3","2026-05-23T17:09:25"
"code/COBsquare__Dementia-Examiner-for-Individuals/bin/Images/map.png","33916","546B50534E249320580901FCDA5E46BD3B93D558D9D69600CE4079A242883604","2026-05-23T17:09:25"
"code/COBsquare__Dementia-Examiner-for-Individuals/bin/Images/microphone.png","2134","B084FFA4D55C5DF62EE7BD974BB92E2E04B0DDA282A8E2AC201213B550AB946A","2026-05-23T17:09:25"
"code/COBsquare__Dementia-Examiner-for-Individuals/bin/Images/pdficon.png","21813","98AC2A64AB11F0DF8D75C2EA2E3DDC1BE3CB371FECDF0C9AABFAB616AF0E2FB2","2026-05-23T17:09:25"
"code/COBsquare__Dementia-Examiner-for-Individuals/bin/Images/play.png","2235","6650568EDB1516300DF235667F50B4B969E2897EEFE3D72DA65CCCE5F55BF6CC","2026-05-23T17:09:25"
"code/COBsquare__Dementia-Examiner-for-Individuals/bin/Images/polygon_illiterate.png","14929","EA6D7E9984E9052CC42B7ABE4EC0FE2C14A98B1C6799D0903228D675D5F5A2C6","2026-05-23T17:09:25"
"code/COBsquare__Dementia-Examiner-for-Individuals/bin/Images/polygon_literate.png","12320","9FB65D2F343F2E99EC9EF1D135A9102E18C186DFF6F625610D857D88804542A9","2026-05-23T17:09:25"
"code/COBsquare__Dementia-Examiner-for-Individuals/bin/Images/record.png","7654","122EA5D1CE82E69A7A2C8646A6379DCB35AAFE90D0808B47186C12DCAACF2DCF","2026-05-23T17:09:25"
"code/COBsquare__Dementia-Examiner-for-Individuals/bin/Images/staricon.png","660","B13F3A97B9B736500EA6AB3E4E6CC68276530C059CC36F9CCB768AAC34052983","2026-05-23T17:09:25"
"code/COBsquare__Dementia-Examiner-for-Individuals/bin/Images/tick.png","2996","8F676B00DFE35EFC6413F469DFA03B650A62B5FC572B1B52D591338F509586A1","2026-05-23T17:09:25"
"code/COBsquare__Dementia-Examiner-for-Individuals/bin/Images/warningicon.png","659","02F0382CC6ADAF4E1BAA66C34E778D2879D4DA8722D5C0D5ADE0035D28437A1F","2026-05-23T17:09:25"
"code/COBsquare__Dementia-Examiner-for-Individuals/bin/NeuralNetwork/NeuralNetwork_Perceptron.nnet","111381","71DCEE05521BA7112155C1610E69F850EE1D177A027F82E4F7FF7D8FC3E1DC2B","2026-05-23T17:09:25"
"code/COBsquare__Dementia-Examiner-for-Individuals/bin/NeuralNetwork/numbers_data.txt","849069","E60E8F5B5D123C133B374B6E4C387F592AD3C23C668BA8B49DA59F3DEEA6E565","2026-05-23T17:09:25"
"code/COBsquare__Dementia-Examiner-for-Individuals/bin/Questions/1.wav","273464","79C051469B9A346F2D37FEA86EE5C290AA60104E6FF872DB103062C6A0842AD0","2026-05-23T17:09:25"
"code/COBsquare__Dementia-Examiner-for-Individuals/bin/Questions/10.wav","529244","CABAC7089B616672AC3FA77D3A7B12DC0F996112D3894EB5AA1B49ACC4944A69","2026-05-23T17:09:25"
"code/COBsquare__Dementia-Examiner-for-Individuals/bin/Questions/11.wav","582164","4D5F2021404D17A798C4BEB7B98E512FE29D6E966827A1C2BCB7116764DC45B4","2026-05-23T17:09:25"
"code/COBsquare__Dementia-Examiner-for-Individuals/bin/Questions/12.wav","229364","132313B63DA5B26C75ECA7EBD651A12407E597719600344209049D448229D94B","2026-05-23T17:09:25"
"code/COBsquare__Dementia-Examiner-for-Individuals/bin/Questions/14.wav","388124","0B864188793BF37EB0161738155F1F19E73D48C3E69605FB615FD32F7F974DC3","2026-05-23T17:09:25"
"code/COBsquare__Dementia-Examiner-for-Individuals/bin/Questions/15.wav","370484","5F1B70B15E33B6D989DF4996D9FC1665880982CE1F269F90915407E36D010E73","2026-05-23T17:09:25"
"code/COBsquare__Dementia-Examiner-for-Individuals/bin/Questions/16.wav","714464","0298FF0D96DAEC66ED159AEAC570CB623FA46CAED0798EFDADBD728CF184C8B5","2026-05-23T17:09:25"
"code/COBsquare__Dementia-Examiner-for-Individuals/bin/Questions/17.wav","264644","3050C360BEAF354E64D6A165E5306EAAD01C403B431A3A5B1FF461F1920DEC90","2026-05-23T17:09:25"
"code/COBsquare__Dementia-Examiner-for-Individuals/bin/Questions/18.wav","890864","E44447E35DFB97BC7A3B48EF21D0F65EA3D7F3C37333F983292119539E8149D2","2026-05-23T17:09:25"
"code/COBsquare__Dementia-Examiner-for-Individuals/bin/Questions/19.wav","476324","DED6189694594C89EF5EF71E69348BCA3514AF703C504CD61A2DD1B73371B014","2026-05-23T17:09:25"
"code/COBsquare__Dementia-Examiner-for-Individuals/bin/Questions/2.wav","211724","3CFBDEA8FD66C93D2D2CC0F9715782F02C3271D016B5C7CB6FC0738F0BF88302","2026-05-23T17:09:25"
"code/COBsquare__Dementia-Examiner-for-Individuals/bin/Questions/3.wav","538064","519BE2CAE0CD7D7D2DCF53851D33C1AF6C18532EB5E71A0A234DE367A7A18438","2026-05-23T17:09:25"
"code/COBsquare__Dementia-Examiner-for-Individuals/bin/Questions/4.wav","220544","BAC5023C54EC7D9C2CF7C4941A4326EF903D5E277A4C7C97D09159ACBD68849C","2026-05-23T17:09:25"
"code/COBsquare__Dementia-Examiner-for-Individuals/bin/Questions/5.wav","255824","97362F4DC8BC01B23562B692C4C24CD23903B3683323C4D571B8A7301DD3F31E","2026-05-23T17:09:25"
"code/COBsquare__Dementia-Examiner-for-Individuals/bin/Questions/7.wav","1120184","C441F7860B77036A51D68001234CDD9AF4787754F6F4C0B62434A6A9C52E3F9E","2026-05-23T17:09:25"
"code/COBsquare__Dementia-Examiner-for-Individuals/bin/Questions/8.wav","529244","DDEE233B48D143171AF5A9AFAD3ABFACF7630D16116FF2A61688B338F74A3555","2026-05-23T17:09:25"
"code/COBsquare__Dementia-Examiner-for-Individuals/bin/Questions/9.wav","573344","F1FE72284B3DD384FFE86D1B5B6F65D3E51C2D9DE75EDF72858E7B52F40C3459","2026-05-23T17:09:25"
"code/COBsquare__Dementia-Examiner-for-Individuals/bin/Questions/README.txt","2026","87EFC293756F187B9DC8D2E8AE11BB0A2444C22968520A25F373218E91E1EB1D","2026-05-23T17:09:25"
"code/COBsquare__Dementia-Examiner-for-Individuals/bin/Questions/Sound_Check.wav","344024","9A3DFFB16F94940874DDE598799021EE4509FA5CF5EA0B6F3B3133B569E855E3","2026-05-23T17:09:25"
"code/COBsquare__Dementia-Examiner-for-Individuals/bin/SpeechRecognition/default.config.xml","13908","67B08B605ACC6BB1C9F610E1D47E123A4ECE10119B8E488BE57E7BB4CE9D8EB8","2026-05-23T17:09:25"
"code/COBsquare__Dementia-Examiner-for-Individuals/build.fxbuild","303","69662384DE74CE3F60DA7E71037C9985EAF514DEB40BCB060114E27390831891","2026-05-23T17:09:25"
"code/COBsquare__Dementia-Examiner-for-Individuals/lib/ImageRecog/Getting Started with Neuroph 2.94.pdf","785845","4F37E3D2C5FC4A33DB51CD1365FB23EBCD16850298D0F38950BB2A9C58A6B399","2026-05-23T17:09:25"
"code/COBsquare__Dementia-Examiner-for-Individuals/lib/ImageRecog/logback-classic-1.0.13.jar","264595","5D1111B872A8BE8AC8F9E9876B70AFCD0D6967DC6A1D4BE4087CD6EB5C88CF6B","2026-05-23T17:09:25"
"code/COBsquare__Dementia-Examiner-for-Individuals/lib/ImageRecog/logback-core-1.1.2.jar","427729","0252340D20A44CF2C49ED3FECD16CDF4582442981C6F6E11CBF0B84A4ECE1F10","2026-05-23T17:09:26"
"code/COBsquare__Dementia-Examiner-for-Individuals/lib/ImageRecog/neuroph-core-2.94.jar","233263","C074D7F68EC2BA6142FB82B0E854650F994A0ABBA0E85D0B9F5A65FE389E7940","2026-05-23T17:09:26"
"code/COBsquare__Dementia-Examiner-for-Individuals/lib/ImageRecog/opencv-331.jar","409241","CBBC4C4E880BFC5037E9993F265CE68EAD4E9898571129208029124405C2B6B2","2026-05-23T17:09:26"
"code/COBsquare__Dementia-Examiner-for-Individuals/lib/ImageRecog/slf4j-api-1.7.5.jar","26084","FE30825245D2336C859DC38D60C0FC5F3668DBF29CD586828D2B5667EC355B91","2026-05-23T17:09:26"
"code/COBsquare__Dementia-Examiner-for-Individuals/lib/SpeechRecog/sphinx4-core-1.0.0.jar","1122629","4534A5DDEBA5FB404ED96547E34392FE31AF74FF114750860B4CA0CB0D1D177F","2026-05-23T17:09:26"
"code/COBsquare__Dementia-Examiner-for-Individuals/lib/SpeechRecog/sphinx4-scala-wrapper-1.0-20130327.183757-2.jar","76298","DC0FE14B2694511B7231F458A0E287B7BD3D62FDC15E1913CC1D88B10F8CD6F6","2026-05-23T17:09:26"
"code/COBsquare__Dementia-Examiner-for-Individuals/lib/itextpdf-5.5.5.jar","2164152","A635411CC07B1ACBCE2E43E327E6E5FD37DFA1D9DA4CDC728214ACD216CCE0D0","2026-05-23T17:09:26"
"code/COBsquare__Dementia-Examiner-for-Individuals/src/App/Main.java","158","392820A58ECC4EF0FDBD252132FC5214C7B165BB849F207DBA4E013CCD9B4EDA","2026-05-23T17:09:26"
"code/COBsquare__Dementia-Examiner-for-Individuals/src/App/User.java","4933","05D470BE4D541838DAE2200EF1DE1B50443525FD40CEADCCDA42C0A69A3995C6","2026-05-23T17:09:26"
"code/COBsquare__Dementia-Examiner-for-Individuals/src/ImageProcessing/Evaluation/Clock.java","14123","3162F65BADD0F05029C97C52D755467B409BD21AADEF1FB91BB0C810CAB06E1E","2026-05-23T17:09:26"
"code/COBsquare__Dementia-Examiner-for-Individuals/src/ImageProcessing/Evaluation/Polygon.java","16254","610A97723514ADB271B43C3DA99E143C3E0C706B4D48D8185BBB5B9409808EAF","2026-05-23T17:09:26"
"code/COBsquare__Dementia-Examiner-for-Individuals/src/ImageProcessing/Models/CCircle.java","602","A248AEF3A43E9A5B7D965701FAC6CF85C37868F7F0CD32BCD84D166A8DE1E3A8","2026-05-23T17:09:26"
"code/COBsquare__Dementia-Examiner-for-Individuals/src/ImageProcessing/Models/CLine.java","674","276FD1CE05CD3AC1E20E8BBB57F907A86ABD5417BC76B85EF954C2DDDB70A1E7","2026-05-23T17:09:26"
"code/COBsquare__Dementia-Examiner-for-Individuals/src/ImageProcessing/Utils/Find.java","4837","4FFF32A8519FD08F35F9CD047B362F80A671E9D560AE184071CA6319832C66AF","2026-05-23T17:09:26"
"code/COBsquare__Dementia-Examiner-for-Individuals/src/ImageProcessing/Utils/Network.java","2720","529DBBC02ED07EA674CC32A988889EE04CBF2964E0FC1B1AAFC323C581A5880A","2026-05-23T17:09:26"
"code/COBsquare__Dementia-Examiner-for-Individuals/src/ImageProcessing/Utils/Recognition.java","6045","F9124D3928072C74EB3B0B4485358E0EEAECFD34A2EBE4885D0BBEAC96DEF80F","2026-05-23T17:09:26"
"code/COBsquare__Dementia-Examiner-for-Individuals/src/ImageProcessing/Utils/Utils.java","2183","01296013A1A6880007C46AA1CFC6623D993694432E6133EE48A9E8C6A3A0FA61","2026-05-23T17:09:26"
"code/COBsquare__Dementia-Examiner-for-Individuals/src/ImageProcessing/application/ImageRecognition.fxml","3025","55B6399D55390841B1792F524AB675A7FBD0F4A033A8455FC9AAC31CF97F1FF9","2026-05-23T17:09:26"
"code/COBsquare__Dementia-Examiner-for-Individuals/src/ImageProcessing/application/ImageRecognitionController.java","6816","B1E4913E6DA443D9821BF27ECB61D56572D431132ABC8CADC34FA35824EEB274","2026-05-23T17:09:26"
"code/COBsquare__Dementia-Examiner-for-Individuals/src/ImageProcessing/application/ImageRecognitionMain.java","1176","01C1C9FFC478B9CB2D1F41104CB4E6CAFD81E25E1E8D7B25CB36FF6417D9B7F0","2026-05-23T17:09:26"
"code/COBsquare__Dementia-Examiner-for-Individuals/src/ImageProcessing/application/application.css","101","A3B6C4C243330C07570A2188E45773E9307A422D10937F92FFFD3F204B2DFF6D","2026-05-23T17:09:26"
"code/COBsquare__Dementia-Examiner-for-Individuals/src/SpeechRecognition/Evaluation.java","10220","69A3B0AE7E35556400B33334B311E2D83470BA420AB6795E753A58F1E4B33346","2026-05-23T17:09:26"
"code/COBsquare__Dementia-Examiner-for-Individuals/src/SpeechRecognition/SpeechRecorder.java","2117","76B707856E986054EB99A14B2C5ABA2FF5DB6E5DBD6B91E13D669C3ACB5463E6","2026-05-23T17:09:26"
"code/COBsquare__Dementia-Examiner-for-Individuals/src/SpeechRecognition/default.config.xml","13908","67B08B605ACC6BB1C9F610E1D47E123A4ECE10119B8E488BE57E7BB4CE9D8EB8","2026-05-23T17:09:26"
"code/COBsquare__Dementia-Examiner-for-Individuals/src/TestCases/App_TestCases.java","1256","85EA40868317A69E6F25C9B76CC642B7975D6791B22AEE6E193F1F53DC2B3E76","2026-05-23T17:09:26"
"code/COBsquare__Dementia-Examiner-for-Individuals/src/TestCases/ImageProcessing_TestCases.java","3808","488896F233533B9512B32F2A043B1A521DC57F14DAA9FF12A76BC25B5D83CC0D","2026-05-23T17:09:26"
"code/COBsquare__Dementia-Examiner-for-Individuals/src/UserInteractions/Constants/EndTest.java","2941","491A1119A9504D9A25F92690DAC3959925D9E62FDCAFCA48AF7E585F3A901F57","2026-05-23T17:09:26"
"code/COBsquare__Dementia-Examiner-for-Individuals/src/UserInteractions/Constants/StartTest.java","3495","93E083FF2CB2E216866E33A57B91AF7BBA0F4DD277C8AD68AE94B49F9787530B","2026-05-23T17:09:26"
"code/COBsquare__Dementia-Examiner-for-Individuals/src/UserInteractions/Constants/Warnings.java","3663","52494F15C642D73345EF815F3594BCCF6E0305ACA32C6C84148F8741012F0BBC","2026-05-23T17:09:26"
"code/COBsquare__Dementia-Examiner-for-Individuals/src/UserInteractions/Constants/Welcome.java","3165","56624727A4D6583D8B095ED19125DDC83E426567711775614499486F8136E791","2026-05-23T17:09:26"
"code/COBsquare__Dementia-Examiner-for-Individuals/src/UserInteractions/Examination/Question_Clock.java","5388","A4D817DFF36A368513E9D070EC4014547BB0A589A2EEB96C526509DFDB44F380","2026-05-23T17:09:26"
"code/COBsquare__Dementia-Examiner-for-Individuals/src/UserInteractions/Examination/Question_MMSE.java","10408","3A6F0A9858E8D5860D97EE1F8C679868B5E243A39CDE0CABA22EF07DDB1CD82E","2026-05-23T17:09:26"
"code/COBsquare__Dementia-Examiner-for-Individuals/src/UserInteractions/Examination/Question_Polygon.java","6483","A87E7FB4B01B4BDC31DFE136A6197C3DDD00E8CECBA18B0E4FF17BE10A9DB6C5","2026-05-23T17:09:26"
"code/COBsquare__Dementia-Examiner-for-Individuals/src/UserInteractions/Examination/Results_Clock.java","5455","BFCF2AD7FF89FD7887DB3E57482AB3E6631A140A4C825DD6C13DA3D036BE189B","2026-05-23T17:09:26"
"code/COBsquare__Dementia-Examiner-for-Individuals/src/UserInteractions/Examination/Results_MMSE.java","7562","EA33C596CC47D1304B5E944C772F8A52D90DC8C929EFE0303AFEFCAF53FB9BBC","2026-05-23T17:09:26"
"code/COBsquare__Dementia-Examiner-for-Individuals/src/UserInteractions/ExportToPDF.java","10569","5CC3EEFA4C302C4AA6D34D66C34BA39E1464C49CA899E192BEB2BD298802BB1E","2026-05-23T17:09:26"
"code/COBsquare__Dementia-Examiner-for-Individuals/src/UserInteractions/Information/Information_Age.java","3857","FA90406ED61490B147F081DE0513E1A3C078F982B1DD7E39A7462732C4E4C668","2026-05-23T17:09:26"
"code/COBsquare__Dementia-Examiner-for-Individuals/src/UserInteractions/Information/Information_Gender.java","4040","7703F961CDC2220FFA3708415A80362D3F11A16AD27B423A75053CD5C198B277","2026-05-23T17:09:26"
"code/COBsquare__Dementia-Examiner-for-Individuals/src/UserInteractions/Information/Information_Name.java","3942","DB0B045FECC175A0EBFE6814F8E537C29211BC06746A5C6E3B7605B7F2F00279","2026-05-23T17:09:26"
"code/COBsquare__Dementia-Examiner-for-Individuals/src/UserInteractions/Information/Information_Profession.java","3955","E0C0AD46FDAF72246799BB976162608694BB67004A491C7C8A40E91B678DE452","2026-05-23T17:09:26"
"code/COBsquare__Dementia-Examiner-for-Individuals/src/UserInteractions/Information/TutorialScreen_voice.java","9797","A4B4AA82DBAF3813551652BC737ECBFBCC36FC853E1B6E2E06F03E95D98F4B85","2026-05-23T17:09:26"
"code/COBsquare__Dementia-Examiner-for-Individuals/src/UserInteractions/Information/TypeSelection.java","4756","D7BF88CDDB3E4C9CECC4C6056B3C294D9EBE104B23B9BCCEC4E2E45BA7DCC037","2026-05-23T17:09:26"
"code/COBsquare__Digital-Recognition-and-Evaluation-of-the-Clock-Drawing-Test/.git/HEAD","23","F6F2B945F6C411B02BA3DA9C7ACE88DCF71B6AF65BA2E0D89AA82900042B5A10","2026-05-23T17:09:29"
"code/COBsquare__Digital-Recognition-and-Evaluation-of-the-Clock-Drawing-Test/.git/config","362","A9BC6389641016F5CDF9AD3704C218A32F4A8439FF975B1BA4F7C48C73FFDBD8","2026-05-23T17:09:29"
"code/COBsquare__Digital-Recognition-and-Evaluation-of-the-Clock-Drawing-Test/.git/description","73","85AB6C163D43A17EA9CF7788308BCA1466F1B0A8D1CC92E26E9BF63DA4062AEE","2026-05-23T17:09:28"
"code/COBsquare__Digital-Recognition-and-Evaluation-of-the-Clock-Drawing-Test/.git/hooks/applypatch-msg.sample","478","0223497A0B8B033AA58A3A521B8629869386CF7AB0E2F101963D328AA62193F7","2026-05-23T17:09:28"
"code/COBsquare__Digital-Recognition-and-Evaluation-of-the-Clock-Drawing-Test/.git/hooks/commit-msg.sample","1972","EFC1401B0E99D1FF51494D154D98B46C1E99059BCD8BF9F73CECDE19FD3EB23B","2026-05-23T17:09:28"
"code/COBsquare__Digital-Recognition-and-Evaluation-of-the-Clock-Drawing-Test/.git/hooks/fsmonitor-watchman.sample","4611","9159720099AD5595B8E66645CBFD47763C1E920F46E0B50AE75E642BBEC57EF0","2026-05-23T17:09:28"
"code/COBsquare__Digital-Recognition-and-Evaluation-of-the-Clock-Drawing-Test/.git/hooks/post-update.sample","189","81765AF2DAEF323061DCBC5E61FC16481CB74B3BAC9AD8A174B186523586F6C5","2026-05-23T17:09:28"
"code/COBsquare__Digital-Recognition-and-Evaluation-of-the-Clock-Drawing-Test/.git/hooks/pre-applypatch.sample","424","E15C5B469EA3E0A695BEA6F2C82BCF8E62821074939DDD85B77E0007FF165475","2026-05-23T17:09:28"
"code/COBsquare__Digital-Recognition-and-Evaluation-of-the-Clock-Drawing-Test/.git/hooks/pre-commit.sample","1649","57185B7B9F05239D7AB52DB045F5B89EB31348D7B2177EAB214F5EB872E1971B","2026-05-23T17:09:28"
"code/COBsquare__Digital-Recognition-and-Evaluation-of-the-Clock-Drawing-Test/.git/hooks/pre-merge-commit.sample","416","D3825A70337940EBBD0A5C072984E13245920CDF8898BD225C8D27A6DFC9CB53","2026-05-23T17:09:28"
"code/COBsquare__Digital-Recognition-and-Evaluation-of-the-Clock-Drawing-Test/.git/hooks/pre-push.sample","1374","ECCE9C7E04D3F5DD9D8ADA81753DD1D549A9634B26770042B58DDA00217D086A","2026-05-23T17:09:28"
"code/COBsquare__Digital-Recognition-and-Evaluation-of-the-Clock-Drawing-Test/.git/hooks/pre-rebase.sample","4898","4FEBCE867790052338076F4E66CC47EFB14879D18097D1D61C8261859EAAA7B3","2026-05-23T17:09:28"
"code/COBsquare__Digital-Recognition-and-Evaluation-of-the-Clock-Drawing-Test/.git/hooks/pre-receive.sample","544","A4C3D2B9C7BB3FD8D1441C31BD4EE71A595D66B44FCF49DDB310252320169989","2026-05-23T17:09:28"
"code/COBsquare__Digital-Recognition-and-Evaluation-of-the-Clock-Drawing-Test/.git/hooks/prepare-commit-msg.sample","1492","E9DDCAA4189FDDD25ED97FC8C789ECA7B6CA16390B2392AE3276F0C8E1AA4619","2026-05-23T17:09:28"
"code/COBsquare__Digital-Recognition-and-Evaluation-of-the-Clock-Drawing-Test/.git/hooks/push-to-checkout.sample","2783","A53D0741798B287C6DD7AFA64AEE473F305E65D3F49463BB9D7408EC3B12BF5F","2026-05-23T17:09:28"
"code/COBsquare__Digital-Recognition-and-Evaluation-of-the-Clock-Drawing-Test/.git/hooks/sendemail-validate.sample","2308","44EBFC923DC5466BC009602F0ECF067B9C65459ABFE8868DDC49B78E6CED7A92","2026-05-23T17:09:28"
"code/COBsquare__Digital-Recognition-and-Evaluation-of-the-Clock-Drawing-Test/.git/hooks/update.sample","3650","8D5F2FA83E103CF08B57EAA67521DF9194F45CBDBCB37DA52AD586097A14D106","2026-05-23T17:09:28"
"code/COBsquare__Digital-Recognition-and-Evaluation-of-the-Clock-Drawing-Test/.git/index","545","95E18E3B9700FA8C3E988F8B22C176B52F860CE5C68245790D8920B17053206F","2026-05-23T17:09:29"
"code/COBsquare__Digital-Recognition-and-Evaluation-of-the-Clock-Drawing-Test/.git/info/exclude","240","6671FE83B7A07C8932EE89164D1F2793B2318058EB8B98DC5C06EE0A5A3B0EC1","2026-05-23T17:09:28"
"code/COBsquare__Digital-Recognition-and-Evaluation-of-the-Clock-Drawing-Test/.git/logs/HEAD","244","28F8BCB2C4FCB62E1ACDF8AEF0699B0C55D5AFF61D0558A642490A669C015EEE","2026-05-23T17:09:29"
"code/COBsquare__Digital-Recognition-and-Evaluation-of-the-Clock-Drawing-Test/.git/logs/refs/heads/master","244","28F8BCB2C4FCB62E1ACDF8AEF0699B0C55D5AFF61D0558A642490A669C015EEE","2026-05-23T17:09:29"
"code/COBsquare__Digital-Recognition-and-Evaluation-of-the-Clock-Drawing-Test/.git/logs/refs/remotes/origin/HEAD","244","28F8BCB2C4FCB62E1ACDF8AEF0699B0C55D5AFF61D0558A642490A669C015EEE","2026-05-23T17:09:29"
"code/COBsquare__Digital-Recognition-and-Evaluation-of-the-Clock-Drawing-Test/.git/objects/pack/pack-dabff2bf5eae2387241285af15a274977ba712e2.idx","1296","51F91C00843FC0D83F939AF6A4FC008271D99E9C20F5D9AAA5A3F5E6DF879344","2026-05-23T17:09:28"
"code/COBsquare__Digital-Recognition-and-Evaluation-of-the-Clock-Drawing-Test/.git/objects/pack/pack-dabff2bf5eae2387241285af15a274977ba712e2.pack","101439","A27B8F6D3C9C9F3C0EF42575236859008397AB89DF3D65EDE7DB8E37392CFCC1","2026-05-23T17:09:28"
"code/COBsquare__Digital-Recognition-and-Evaluation-of-the-Clock-Drawing-Test/.git/objects/pack/pack-dabff2bf5eae2387241285af15a274977ba712e2.rev","84","F72187443591D86A4AA1CE7C674A8EF9B3448C66452396D0DF425BB8363A6633","2026-05-23T17:09:28"
"code/COBsquare__Digital-Recognition-and-Evaluation-of-the-Clock-Drawing-Test/.git/packed-refs","114","D91F8830E34E9CF3857596207264A7817D9F5DA4E9E52983EF46B7A18C284CA8","2026-05-23T17:09:29"
"code/COBsquare__Digital-Recognition-and-Evaluation-of-the-Clock-Drawing-Test/.git/refs/heads/master","41","119DE2FFD7C170CED0999B3C60526F2E5007DC03DEF3BEA9F4D6546F7F854F71","2026-05-23T17:09:29"
"code/COBsquare__Digital-Recognition-and-Evaluation-of-the-Clock-Drawing-Test/.git/refs/remotes/origin/HEAD","32","CDC65E67690C4C6475174E5EC662B70655246A2F3924354778835AB3BE70AA76","2026-05-23T17:09:29"
"code/COBsquare__Digital-Recognition-and-Evaluation-of-the-Clock-Drawing-Test/.git/shallow","41","119DE2FFD7C170CED0999B3C60526F2E5007DC03DEF3BEA9F4D6546F7F854F71","2026-05-23T17:09:28"
"code/COBsquare__Digital-Recognition-and-Evaluation-of-the-Clock-Drawing-Test/README.md","507","58D6B623766D977725D335CFEC2D1A9AA7559B52F52B4F6ED391516BED44F408","2026-05-23T17:09:29"
"code/COBsquare__Digital-Recognition-and-Evaluation-of-the-Clock-Drawing-Test/angleClockHands.m","173","25359C853921D904D680B394E43549B49CDAFD76509CF6FF850AF787AD6BC830","2026-05-23T17:09:29"
"code/COBsquare__Digital-Recognition-and-Evaluation-of-the-Clock-Drawing-Test/scoreclock.m","13517","C47C3BE16FABF1CA61D425F7F7C5A7955337EDFFD7379FA44D17022EF071F25A","2026-05-23T17:09:29"
"code/COBsquare__Digital-Recognition-and-Evaluation-of-the-Clock-Drawing-Test/semeion.data.reduced.txt","850662","7C74222DD9BEB6A5B30C7B41104E7486CABC274E013689DB1CD62B1CA56D0DD4","2026-05-23T17:09:29"
"code/COBsquare__Digital-Recognition-and-Evaluation-of-the-Clock-Drawing-Test/trained.mat","44025","B57CD12F30D07101A33CCAE2CE983E7F3FF4968373D219B7EF283E8C1C8F79F8","2026-05-23T17:09:29"
"code/COBsquare__Digital-Recognition-and-Evaluation-of-the-Clock-Drawing-Test/trainnumbers.m","1501","1E32E3A1FAAA75D04C7D873B43F6FE63263C55A29DD7DC598D91A13E1AEAF3E8","2026-05-23T17:09:29"
"code/GEJ1__jsPsych_online_TMT/.git/HEAD","23","F6F2B945F6C411B02BA3DA9C7ACE88DCF71B6AF65BA2E0D89AA82900042B5A10","2026-05-23T17:09:30"
"code/GEJ1__jsPsych_online_TMT/.git/config","315","D8BF19A9EC438B44F4C48C51B7A867E486ECB7735926FDE2D2082CBB7E18BDD7","2026-05-23T17:09:31"
"code/GEJ1__jsPsych_online_TMT/.git/description","73","85AB6C163D43A17EA9CF7788308BCA1466F1B0A8D1CC92E26E9BF63DA4062AEE","2026-05-23T17:09:29"
"code/GEJ1__jsPsych_online_TMT/.git/hooks/applypatch-msg.sample","478","0223497A0B8B033AA58A3A521B8629869386CF7AB0E2F101963D328AA62193F7","2026-05-23T17:09:29"
"code/GEJ1__jsPsych_online_TMT/.git/hooks/commit-msg.sample","1972","EFC1401B0E99D1FF51494D154D98B46C1E99059BCD8BF9F73CECDE19FD3EB23B","2026-05-23T17:09:29"
"code/GEJ1__jsPsych_online_TMT/.git/hooks/fsmonitor-watchman.sample","4611","9159720099AD5595B8E66645CBFD47763C1E920F46E0B50AE75E642BBEC57EF0","2026-05-23T17:09:29"
"code/GEJ1__jsPsych_online_TMT/.git/hooks/post-update.sample","189","81765AF2DAEF323061DCBC5E61FC16481CB74B3BAC9AD8A174B186523586F6C5","2026-05-23T17:09:29"
"code/GEJ1__jsPsych_online_TMT/.git/hooks/pre-applypatch.sample","424","E15C5B469EA3E0A695BEA6F2C82BCF8E62821074939DDD85B77E0007FF165475","2026-05-23T17:09:29"
"code/GEJ1__jsPsych_online_TMT/.git/hooks/pre-commit.sample","1649","57185B7B9F05239D7AB52DB045F5B89EB31348D7B2177EAB214F5EB872E1971B","2026-05-23T17:09:29"
"code/GEJ1__jsPsych_online_TMT/.git/hooks/pre-merge-commit.sample","416","D3825A70337940EBBD0A5C072984E13245920CDF8898BD225C8D27A6DFC9CB53","2026-05-23T17:09:29"
"code/GEJ1__jsPsych_online_TMT/.git/hooks/pre-push.sample","1374","ECCE9C7E04D3F5DD9D8ADA81753DD1D549A9634B26770042B58DDA00217D086A","2026-05-23T17:09:29"
"code/GEJ1__jsPsych_online_TMT/.git/hooks/pre-rebase.sample","4898","4FEBCE867790052338076F4E66CC47EFB14879D18097D1D61C8261859EAAA7B3","2026-05-23T17:09:29"
"code/GEJ1__jsPsych_online_TMT/.git/hooks/pre-receive.sample","544","A4C3D2B9C7BB3FD8D1441C31BD4EE71A595D66B44FCF49DDB310252320169989","2026-05-23T17:09:29"
"code/GEJ1__jsPsych_online_TMT/.git/hooks/prepare-commit-msg.sample","1492","E9DDCAA4189FDDD25ED97FC8C789ECA7B6CA16390B2392AE3276F0C8E1AA4619","2026-05-23T17:09:29"
"code/GEJ1__jsPsych_online_TMT/.git/hooks/push-to-checkout.sample","2783","A53D0741798B287C6DD7AFA64AEE473F305E65D3F49463BB9D7408EC3B12BF5F","2026-05-23T17:09:29"
"code/GEJ1__jsPsych_online_TMT/.git/hooks/sendemail-validate.sample","2308","44EBFC923DC5466BC009602F0ECF067B9C65459ABFE8868DDC49B78E6CED7A92","2026-05-23T17:09:29"
"code/GEJ1__jsPsych_online_TMT/.git/hooks/update.sample","3650","8D5F2FA83E103CF08B57EAA67521DF9194F45CBDBCB37DA52AD586097A14D106","2026-05-23T17:09:29"
"code/GEJ1__jsPsych_online_TMT/.git/index","32178","3E55502429E1ED095D2A62BEEB9783844F2A08149E992E84EA85697627C602A3","2026-05-23T17:09:31"
"code/GEJ1__jsPsych_online_TMT/.git/info/exclude","240","6671FE83B7A07C8932EE89164D1F2793B2318058EB8B98DC5C06EE0A5A3B0EC1","2026-05-23T17:09:29"
"code/GEJ1__jsPsych_online_TMT/.git/logs/HEAD","197","45C1BA9382ABB54E87DA10FDC230B2832FCFBCFCFA21E39A0E763E40A20703AD","2026-05-23T17:09:31"
"code/GEJ1__jsPsych_online_TMT/.git/logs/refs/heads/master","197","45C1BA9382ABB54E87DA10FDC230B2832FCFBCFCFA21E39A0E763E40A20703AD","2026-05-23T17:09:31"
"code/GEJ1__jsPsych_online_TMT/.git/logs/refs/remotes/origin/HEAD","197","45C1BA9382ABB54E87DA10FDC230B2832FCFBCFCFA21E39A0E763E40A20703AD","2026-05-23T17:09:30"
"code/GEJ1__jsPsych_online_TMT/.git/objects/pack/pack-01f7f4e954bbe3406445b64f520bed4e5eb30909.idx","8856","355C381A3829E0AA60D06685A9DAABC3F3D6FCEAF6BD86A7BAF96F287BB3E420","2026-05-23T17:09:30"
"code/GEJ1__jsPsych_online_TMT/.git/objects/pack/pack-01f7f4e954bbe3406445b64f520bed4e5eb30909.pack","2381535","564A0C5FD66239E142E3F95AF25B834A1B899E4D73E1F545D56A42E837233ABF","2026-05-23T17:09:30"
"code/GEJ1__jsPsych_online_TMT/.git/objects/pack/pack-01f7f4e954bbe3406445b64f520bed4e5eb30909.rev","1164","F90563F274FEB7E44AF241E6BAD1D1D1D25F6594FD50B4CD320BB0BA6C141BB5","2026-05-23T17:09:30"
"code/GEJ1__jsPsych_online_TMT/.git/packed-refs","114","E2B4D39F13AFC399F265709C06A36689E11A4D9B5DEC60F5676FF7E7E7820C2F","2026-05-23T17:09:30"
"code/GEJ1__jsPsych_online_TMT/.git/refs/heads/master","41","C0D32A57090508993DF1857E6FB8F5ABCAEA5C3047014C98BDAD82B0FD97EC90","2026-05-23T17:09:31"
"code/GEJ1__jsPsych_online_TMT/.git/refs/remotes/origin/HEAD","32","CDC65E67690C4C6475174E5EC662B70655246A2F3924354778835AB3BE70AA76","2026-05-23T17:09:30"
"code/GEJ1__jsPsych_online_TMT/.git/shallow","41","C0D32A57090508993DF1857E6FB8F5ABCAEA5C3047014C98BDAD82B0FD97EC90","2026-05-23T17:09:30"
"code/GEJ1__jsPsych_online_TMT/README.md","1805","A5434DA6737F5080D3A20532D617C26E6AD2BC17DDA0FD5F312D32C55A645B65","2026-05-23T17:09:31"
"code/GEJ1__jsPsych_online_TMT/TMT.html","20369","328A3D5CF8C24EA40C6C14A1249158C743593443618453EBF0FFF94F4D1A3B1A","2026-05-23T17:09:31"
"code/GEJ1__jsPsych_online_TMT/analysis/data/2TrialsCsv.csv","6887","06BB0D5FAA2A5878410C465D278C61BA1AF67AF9A247AA20B49F3210D46AC35B","2026-05-23T17:09:31"
"code/GEJ1__jsPsych_online_TMT/analysis/data/2TrialsJson.json","14054","C34788880438DBE912252095C8AE46A1A343BE7446E28E5068E3BE6927EDDB0E","2026-05-23T17:09:31"
"code/GEJ1__jsPsych_online_TMT/analysis/data/cruz arrancando izq arriba luego subiendo derecho por el cateto derecho y finalmente haciendo der abajo _csvjson.json","13685","4CF37EBEBFA17CC0EF1FF366894DA82669D391CFB1529D04B8FA62B1A1B69276","2026-05-23T17:09:31"
"code/GEJ1__jsPsych_online_TMT/analysis/data/cruz arrancando izq arriba luego subiendo derecho por el cateto derecho y finalmente haciendo der abajo.csv","12991","42092DA5AFCC7FE801A3F2B717480F5CE0441DB65C384FD0F9C0A09676B31203","2026-05-23T17:09:31"
"code/GEJ1__jsPsych_online_TMT/analysis/data/hice_cuadrados_empezando_arriba_a_la_derecha.csv","22924","9E001BC36512594A1CF2F365F4F30D0B86B052FF573A21B02AC251DE0B954366","2026-05-23T17:09:31"
"code/GEJ1__jsPsych_online_TMT/analysis/data/recuadros sobre alrededor de los circulos (solo primer trial).csv","34800","6F633A738FB65DA8D301BD5B41B1EC784DE89A8708ADEDCA1A566761AE1FE416","2026-05-23T17:09:31"
"code/GEJ1__jsPsych_online_TMT/analysis/data/recuadros sobre alrededor de los circulos (solo primer trial)_csvjson.json","35494","2D599FA6234E7BC3FBB07D440696C27359A9A430B054727420F7DD1BC5FA21FA","2026-05-23T17:09:31"
"code/GEJ1__jsPsych_online_TMT/analysis/data/tmt-liaa-149.csv","84222","A97057A2EC49C8C590CBDA8F19697FE8534F7B7615792553F26E6D606D75DE7F","2026-05-23T17:09:31"
"code/GEJ1__jsPsych_online_TMT/analysis/data/tmt-liaa-150.csv","100568","2E9193FE3765A87B506937645E6314A8941FD102D9807FEE3E336ABF098A91DF","2026-05-23T17:09:31"
"code/GEJ1__jsPsych_online_TMT/analysis/data/tmt-liaa-158.csv","8297","6DB1760B0894435A063A046664B83C32A77A6FEC9D995C764D0E8139A94908B0","2026-05-23T17:09:31"
"code/GEJ1__jsPsych_online_TMT/analysis/data/tmt-liaa-160.csv","8818","C2E8AB1D75DDB5A448D29B99B33A981D2C533EE7FD60956347C0B8D3863D5CEC","2026-05-23T17:09:31"
"code/GEJ1__jsPsych_online_TMT/analysis/data/tmt-liaa-165-gus.csv","183507","BE6662D9FE6B62085B0F912991BFECE8A2500EFA409AB19AD299845F19E95673","2026-05-23T17:09:31"
"code/GEJ1__jsPsych_online_TMT/analysis/data/tmt-liaa-169.csv","15113","439C2E6D32766A1B1C10EB9C8E8A3B7EE2F64A9C63661EB64614FC68B9D6DA95","2026-05-23T17:09:31"
"code/GEJ1__jsPsych_online_TMT/analysis/data/tmt-liaa-172.csv","197388","61DBAEC046F76E7BE749CEBFDEA9B373EBA0BF01952FC7D4140A296C9E19942B","2026-05-23T17:09:31"
"code/GEJ1__jsPsych_online_TMT/analysis/data/tmt-liaa-all-files-modified.csv","231861","DB020DCB5A0153E6DFE00F8E7467F70D8A865CD118E3FB133E3E5EB8B306B799","2026-05-23T17:09:31"
"code/GEJ1__jsPsych_online_TMT/analysis/data/tmt-liaa-all-files.csv","1059732","CCD8A70966120906265A304D54B4D03060BA5E1D26A0D55CE7A0549D51A15784","2026-05-23T17:09:31"
"code/GEJ1__jsPsych_online_TMT/analysis/data/tmt_data_156.csv","5543","002DC2B9B7D5A44798A679ABBFF1CCE249370B8E2259714CF7041A811BA36612","2026-05-23T17:09:31"
"code/GEJ1__jsPsych_online_TMT/analysis/data/tmt_data_gus_completo.csv","178003","4392723F66AC177B775485B9D5568D822E464E042B46F857DB3D2126A5F5CB75","2026-05-23T17:09:31"
"code/GEJ1__jsPsych_online_TMT/analysis/data/tmt_time 3 - 5-7-9 - 12.csv","1515","7F81AA810391D4CC32D25B7B20FBF67A023D320D29FC867916705DECBA527A9C","2026-05-23T17:09:31"
"code/GEJ1__jsPsych_online_TMT/analysis/data/tmt_time 3 - 5-7-9 - 12_csvjson.json","4545","1762BB4A0411A2FDD4388598135BF72A42EF14AB45D83DC50DC71DC055190ABB","2026-05-23T17:09:31"
"code/GEJ1__jsPsych_online_TMT/analysis/data/todo alrededor del canvas empezando por arriba izq y yendo hacia la derecha.csv","28864","B7843AD1F3A8843C6055079E2A70664333EC9E5BD393657BBEEBD8B05F19FA68","2026-05-23T17:09:31"
"code/GEJ1__jsPsych_online_TMT/analysis/data/todo alrededor del canvas empezando por arriba izq y yendo hacia la derecha_csvjson.json","29558","604615A3FF1517F057B0BA57240E70AEF0B8502EF13DFE27A6C8716D8962260D","2026-05-23T17:09:31"
"code/GEJ1__jsPsych_online_TMT/analysis/helper functions/GetGoogleSpreadsheet.m","2100","91CB197D595B17883031D7E44147BDCEEB845D27342511204D24812C65FF3687","2026-05-23T17:09:31"
"code/GEJ1__jsPsych_online_TMT/analysis/helper functions/fun_importfile_TMTpaper.m","4115","B1FDDBF253D1658C013A4C5B553CAC82B690311C41E4EB628801BE24DBEE4B31","2026-05-23T17:09:31"
"code/GEJ1__jsPsych_online_TMT/analysis/helper functions/fun_load_one_subject_TMTonline.m","8922","74E7EF30A895E0F087CF9356B9CE57BC6899BEBE750715C965A892681A24C07F","2026-05-23T17:09:31"
"code/GEJ1__jsPsych_online_TMT/analysis/helper functions/fun_plot_background_stim.m","1000","8DB56DA667BB22BB3940E9DFA3572BF2B3772231731A13868BED169B5E7ABB59","2026-05-23T17:09:31"
"code/GEJ1__jsPsych_online_TMT/analysis/helper functions/sigstar.m","9053","51BFA290E9A0B95089F179D634F4BB1FA047946796425E957AC060924245FFB4","2026-05-23T17:09:31"
"code/GEJ1__jsPsych_online_TMT/analysis/load_online_data_GJ_copy.m","13544","32A37AEAC6FC461CF5F01920A3803C9915C919F5D17241C77EBE03D1853CF2FE","2026-05-23T17:09:31"
"code/GEJ1__jsPsych_online_TMT/analysis/load_online_data_jk.m","8467","421755C84212B982134C1E80AB00100A9643387851E01F6A98D0DDECC01331C0","2026-05-23T17:09:31"
"code/GEJ1__jsPsych_online_TMT/card.png","61689","B10090C3D635978CDA7CFD4B777157B0873A2ABCCC763920ABEAE6BC4BA618A1","2026-05-23T17:09:31"
"code/GEJ1__jsPsych_online_TMT/jspsych/css/jspsych.css","2638","2B734FD76602578F296771C069864140F0FE73153FF5EFC0C6A7C68C045C1B55","2026-05-23T17:09:31"
"code/GEJ1__jsPsych_online_TMT/jspsych/jspsych.js","85121","3A6D7C973AD1CE891A01902573225587B77013A74F143E31B321310C37C8E666","2026-05-23T17:09:31"
"code/GEJ1__jsPsych_online_TMT/jspsych/plugins/draw-and-mouse-tracking.js","291","9725F8E845A581188D331FD59892C9C5C392BE450AC995F3DB3345868CD3F0A4","2026-05-23T17:09:31"
"code/GEJ1__jsPsych_online_TMT/jspsych/plugins/jspsych-call-function.js","1238","66A0BE3861DF6BB4B6A3C752502B59FA7171D543D82A42DE87228C30F8B5046B","2026-05-23T17:09:31"
"code/GEJ1__jsPsych_online_TMT/jspsych/plugins/jspsych-draw-and-mouse-tracking.js","7999","A1D866CF122D246E38A1B7763EF7BE959EDD3BAE58A1204ACF49B6DEF353DE4D","2026-05-23T17:09:31"
"code/GEJ1__jsPsych_online_TMT/jspsych/plugins/jspsych-fullscreen.js","3673","14171378A5EB29BC633C3F43EF7BF82AF80655DD9FED565222AD882E36286F89","2026-05-23T17:09:31"
"code/GEJ1__jsPsych_online_TMT/jspsych/plugins/jspsych-html-keyboard-response.js","4483","B20E18C0538168093E55267104B112AD09826DFA360AF73F1791FA85576A67B0","2026-05-23T17:09:31"
"code/GEJ1__jsPsych_online_TMT/jspsych/plugins/jspsych-image-top-bottom-click.js","8868","9C66C10C5932D3CC35E4B1FC7238A2DC962923ACA9D2094D6633FEA72D82C3CA","2026-05-23T17:09:31"
"code/GEJ1__jsPsych_online_TMT/jspsych/plugins/jspsych-instructions_modified.js","7532","DA718EF12E56EC1F32F01A3D32E8C9DE407DDBA776CAC83F5FACBDE517BD0A08","2026-05-23T17:09:31"
"code/GEJ1__jsPsych_online_TMT/jspsych/plugins/jspsych-psychophysics.js","32557","7E97D6933D6705C0152CBF805420C7994FDFE88CB8EF36CD8CDB5B1235BE55CC","2026-05-23T17:09:31"
"code/GEJ1__jsPsych_online_TMT/jspsych/plugins/jspsych-psychophysics_modified.js","32920","9806A8F3B049BD90F941535F10D9BC07925F648931EA7B182541E3B53EA53A45","2026-05-23T17:09:31"
"code/GEJ1__jsPsych_online_TMT/jspsych/plugins/jspsych-resize.js","6258","C15113AA9384C090870035A80AB7DA326095F887479BAD8FDAE20179476EBCC9","2026-05-23T17:09:31"
"code/GEJ1__jsPsych_online_TMT/jspsych/plugins/jspsych-resize_modified.js","6707","110F51467C4F4F9D3A85ACE066C5B0C7BBE98577EDE18022407A5FCF8AE2C2EE","2026-05-23T17:09:31"
"code/GEJ1__jsPsych_online_TMT/jspsych/plugins/jspsych-survey-html-form.js","4635","996330343079EDFAA19584854365379B68E845940A12F4F136B864053EBB638F","2026-05-23T17:09:31"
"code/GEJ1__jsPsych_online_TMT/jspsych/plugins/jspsych-virtual-chin-copy.js","11011","669E8F0E243B4B79F538A8AC69EDC574CAD8594C59097A81DE7771D22D58BD2C","2026-05-23T17:09:31"
"code/GEJ1__jsPsych_online_TMT/jspsych/plugins/resize_plus_virtualchin.js","6381","0D1717A4BFF789B3B7F14B7AC43D98D541B7E6CF3BC08C8A91876C95BA54CCF9","2026-05-23T17:09:31"
"code/GEJ1__jsPsych_online_TMT/jspsych/plugins/virtual_chin_dependencies/bootstrap.min.css","121205","5A3D8C05785485D36EE5C94D4681E5B1D9E4B94C5BE8B5BD7B0F3168FFF1BD9A","2026-05-23T17:09:31"
"code/GEJ1__jsPsych_online_TMT/jspsych/plugins/virtual_chin_dependencies/jquery-ui.css","37284","80AB862EB6F2CC9C4E8A755015B5405EE218569F85F6A187424E3FFCE88F6B2E","2026-05-23T17:09:31"
"code/GEJ1__jsPsych_online_TMT/jspsych/plugins/virtual_chin_dependencies/jquery-ui.min.js","253680","2AD4F5D82E27B67E902B6E50CDAC99E7F7FFDA9CCAD7F950DC4526EA41FB4776","2026-05-23T17:09:31"
"code/GEJ1__jsPsych_online_TMT/jspsych/plugins/virtual_chin_dependencies/jquery.min.js","164531","97CE276FDC9B41B918C514725665B65853818F1D582295E799D288A5BC2196C0","2026-05-23T17:09:31"
"code/GEJ1__jsPsych_online_TMT/jspsych/plugins/virtual_chin_dependencies/styles.css","238","33F6F56BAFC3192E1074B1F5AD0CAFF30A32A36BE8B27B5C7CB66D6703697D3D","2026-05-23T17:09:31"
"code/GEJ1__jsPsych_online_TMT/jspsych/plugins/virtual_chin_dependencies/svg.min.js","65957","7F438ED91ACD5E711CBADB8A0D515586749356049A123E5EECC1036651C7AD79","2026-05-23T17:09:31"
"code/GEJ1__jsPsych_online_TMT/stim_generator/fun_generate_one_stim.m","1881","E95C83B219769344CF41C11FD0995FEDC6DA2F2515F3C847CD6F7EEEC758AF03","2026-05-23T17:09:31"
"code/GEJ1__jsPsych_online_TMT/stim_generator/fun_plot_circle.m","329","099A2EB07AE9FE6F7D45DB6FE5D047FFE84186D29E55CAAC462374101EE5D33F","2026-05-23T17:09:31"
"code/GEJ1__jsPsych_online_TMT/stim_generator/stim_online_display.m","1331","DAA56FDE808C309F84EFB91191B18A3A12BAA66E58E6BD549082CD4A11D47581","2026-05-23T17:09:31"
"code/GEJ1__jsPsych_online_TMT/stim_generator/stim_online_display.m~","1363","89C46E12EE9E88D54E83FB0A995C054486221B09D8336D102678C29F060CBA59","2026-05-23T17:09:31"
"code/GEJ1__jsPsych_online_TMT/stim_generator/stim_output/stim_100_A.jpg","18748","BBF4382773159A9FEF5A598A1DC1CDD33992029470BE22C3FA584898B8E9C133","2026-05-23T17:09:31"
"code/GEJ1__jsPsych_online_TMT/stim_generator/stim_output/stim_100_B.jpg","18627","E307248F24E07999F00187B43B0FE86455C7EE557C97D6388537038F2B7CEF6D","2026-05-23T17:09:31"
"code/GEJ1__jsPsych_online_TMT/stim_generator/stim_output/stim_10_A.jpg","18517","18B14FFC829EA40BF50B805B5C140D470B2C4537B1597C03F6F9114F4EE97489","2026-05-23T17:09:31"
"code/GEJ1__jsPsych_online_TMT/stim_generator/stim_output/stim_10_B.jpg","18419","686F7B681D34347A76EE23620F4C2785B4FACF1901CC57C96D2CA8134D8310B7","2026-05-23T17:09:31"
"code/GEJ1__jsPsych_online_TMT/stim_generator/stim_output/stim_11_A.jpg","18387","32EE1F0AEFE3D856F621B0123D9DDD86060A6EF6A6441F2EB2CB2CBDF92CB99F","2026-05-23T17:09:31"
"code/GEJ1__jsPsych_online_TMT/stim_generator/stim_output/stim_11_B.jpg","18289","CD5C11D3FDB21F2106D997E387E876B4F1144340FB34611E5A8FF79406D297ED","2026-05-23T17:09:31"
"code/GEJ1__jsPsych_online_TMT/stim_generator/stim_output/stim_12_A.jpg","18693","C86B7B31B25BD8A41F6E08AE162850A762B2A908EC3FBC00D4BD8720753A37BB","2026-05-23T17:09:31"
"code/GEJ1__jsPsych_online_TMT/stim_generator/stim_output/stim_12_B.jpg","18599","D7ACBC86AA29895066EF55FC4DF12114C60AA41BFF81AFA247B72BC221B9D498","2026-05-23T17:09:31"
"code/GEJ1__jsPsych_online_TMT/stim_generator/stim_output/stim_13_A.jpg","18630","4D5D3527E793318D962A88F0AA680BE6609EFC8233FDA780BF7D9EF3F66F1E2C","2026-05-23T17:09:31"
"code/GEJ1__jsPsych_online_TMT/stim_generator/stim_output/stim_13_B.jpg","18501","2A5A6F88DE72BA3E4F5DB553C98CA3BBAE3EF4912AE0457C4EAF024A65A2061B","2026-05-23T17:09:31"
"code/GEJ1__jsPsych_online_TMT/stim_generator/stim_output/stim_14_A.jpg","18583","87DE163150453105F64770AA47115513F9D567FD52E8BC676F5E5E40347A7F76","2026-05-23T17:09:31"
"code/GEJ1__jsPsych_online_TMT/stim_generator/stim_output/stim_14_B.jpg","18461","C00AB03219F53175341C2FAE4CD2E4B49F4D49FA0C258D656195E4E76E4E7706","2026-05-23T17:09:31"
"code/GEJ1__jsPsych_online_TMT/stim_generator/stim_output/stim_15_A.jpg","18754","C9C60C91ED9059EB1676B3EDAB4CB5D03F640669B149CD91A246D9B42FBC859A","2026-05-23T17:09:31"
"code/GEJ1__jsPsych_online_TMT/stim_generator/stim_output/stim_15_B.jpg","18611","8276D1FADE9F6437A6DEE9407293BB4734025B4DAFADBB2BF2E5B4E38D6ED8BB","2026-05-23T17:09:31"
"code/GEJ1__jsPsych_online_TMT/stim_generator/stim_output/stim_16_A.jpg","18549","7C49FB68C23BA7CFAC6CB1DAE460611ECFFB7C4590B842DA41F85D2787C6BB0B","2026-05-23T17:09:31"
"code/GEJ1__jsPsych_online_TMT/stim_generator/stim_output/stim_16_B.jpg","18486","BDC6F759DD51E5ED5F73DA7667EA63B8CD493C4DEB48FF64E4AB8F71849186FF","2026-05-23T17:09:31"
"code/GEJ1__jsPsych_online_TMT/stim_generator/stim_output/stim_17_A.jpg","18460","9B841138E1292BEB076CE24E8438E6F53BD5636C18132AFD966873B694DD3206","2026-05-23T17:09:31"
"code/GEJ1__jsPsych_online_TMT/stim_generator/stim_output/stim_17_B.jpg","18367","19CC39A9B31E74FF850D282977AE9B81C62C30BB5D8690F4C05CBD6C083D4C77","2026-05-23T17:09:31"
"code/GEJ1__jsPsych_online_TMT/stim_generator/stim_output/stim_18_A.jpg","18356","08A5260BDB23F4F7396335E743BBBEA56BF04D8AB20EE0189030E49BF7D8D747","2026-05-23T17:09:31"
"code/GEJ1__jsPsych_online_TMT/stim_generator/stim_output/stim_18_B.jpg","18225","C64DEE385B8041C10C80A2C1F10EF17A2646897C370FFEC6703D51D04427B7D0","2026-05-23T17:09:31"
"code/GEJ1__jsPsych_online_TMT/stim_generator/stim_output/stim_19_A.jpg","18537","1859ED2D55248E71353151ADF1DD0144542C0EE4E5E45C0FCE1A0CFA0FC5A971","2026-05-23T17:09:31"
"code/GEJ1__jsPsych_online_TMT/stim_generator/stim_output/stim_19_B.jpg","18413","6C275F30B7BE03AE103326123C7A9BED4D2C101F609E7814FD3935D97186404E","2026-05-23T17:09:31"
"code/GEJ1__jsPsych_online_TMT/stim_generator/stim_output/stim_1_A.jpg","18535","3C9F97E9E03E2C5DFBD7E538933812AB46ED579CA0D1A89E1E218C2D3767CCBF","2026-05-23T17:09:31"
"code/GEJ1__jsPsych_online_TMT/stim_generator/stim_output/stim_1_B.jpg","18433","D5345E49070F4DB3B669919AE4875BEE72F60AE0CE1F8AFB79F9038F4B41306F","2026-05-23T17:09:31"
"code/GEJ1__jsPsych_online_TMT/stim_generator/stim_output/stim_20_A.jpg","18312","49B2DA11D1A33059E1DD50AD8A280E42A5D388E9A0766572370DE9A33FA1D715","2026-05-23T17:09:31"
"code/GEJ1__jsPsych_online_TMT/stim_generator/stim_output/stim_20_B.jpg","18215","77922F3A2E2BA41ACA5F33B54E749AC236D962286B144CA8C6B4E32445F6EF01","2026-05-23T17:09:31"
"code/GEJ1__jsPsych_online_TMT/stim_generator/stim_output/stim_21_A.jpg","18624","8EE53BD2E0FFF046A8B666EFCD60E39CBFB585C64DAA998E03E3A6E714B53C3D","2026-05-23T17:09:31"
"code/GEJ1__jsPsych_online_TMT/stim_generator/stim_output/stim_21_B.jpg","18515","CC2F6D51B7226A763A103E490C71EDC9FC04DCD05903C2A2A3BA6F8D811DA932","2026-05-23T17:09:31"
"code/GEJ1__jsPsych_online_TMT/stim_generator/stim_output/stim_22_A.jpg","18445","3D04E465406CF75DD7317F45EDB90184E87C373973329DF2A2C6EC7E5CCA064A","2026-05-23T17:09:31"
"code/GEJ1__jsPsych_online_TMT/stim_generator/stim_output/stim_22_B.jpg","18354","016102A4CA642C7AC37DCD85C45A525DF658FC5C7D335C1A85A8D0520D25CBB1","2026-05-23T17:09:31"
"code/GEJ1__jsPsych_online_TMT/stim_generator/stim_output/stim_23_A.jpg","18623","8E11C1E7C8D8F56F9FABD46AE709546D07E153D1A112D80350B153876DEDF571","2026-05-23T17:09:31"
"code/GEJ1__jsPsych_online_TMT/stim_generator/stim_output/stim_23_B.jpg","18503","6F46B3DDE06F0F98E6EF99B943E39DBA33B1BD69F00E6C0FE96B589DB1597680","2026-05-23T17:09:31"
"code/GEJ1__jsPsych_online_TMT/stim_generator/stim_output/stim_24_A.jpg","18655","E1E81B0406EBE51A3F9278A2029A3B137E6979D970F92098D34F9840604FCA6F","2026-05-23T17:09:31"
"code/GEJ1__jsPsych_online_TMT/stim_generator/stim_output/stim_24_B.jpg","18566","40A19C5C22A4B5DD38675301683C567CF6E2D8FDCBBC89A8C2D01826121CCB1B","2026-05-23T17:09:31"
"code/GEJ1__jsPsych_online_TMT/stim_generator/stim_output/stim_25_A.jpg","18737","28113D782E82483FC62DC0CB5BE21EF14703FF9C38C76D703D2A8AF3A7968DDE","2026-05-23T17:09:31"
"code/GEJ1__jsPsych_online_TMT/stim_generator/stim_output/stim_25_B.jpg","18649","000D2DA066D236774D82F192243C595895FC37F2944220E668AC1A2BCB230112","2026-05-23T17:09:31"
"code/GEJ1__jsPsych_online_TMT/stim_generator/stim_output/stim_26_A.jpg","18643","8A4C94B645EA71070A21074A903937D5BC48D5E351C0A02F41EB7297E8018009","2026-05-23T17:09:31"
"code/GEJ1__jsPsych_online_TMT/stim_generator/stim_output/stim_26_B.jpg","18528","78813EC03F0B757954FBD8DAD577CD36125E973872DD9A17652643CC7C647CFE","2026-05-23T17:09:31"
"code/GEJ1__jsPsych_online_TMT/stim_generator/stim_output/stim_27_A.jpg","18681","BD32A24D5C4A8559A87D74B24692B26B0FEDBD7A5EB1482B2D2C0CE7D1EA1A80","2026-05-23T17:09:31"
"code/GEJ1__jsPsych_online_TMT/stim_generator/stim_output/stim_27_B.jpg","18536","454B99ACF4E060A33B98E5EA11333667DD4DB7244727EF73751B11ED036E9EC7","2026-05-23T17:09:31"
"code/GEJ1__jsPsych_online_TMT/stim_generator/stim_output/stim_28_A.jpg","18609","4AE4273F689CCE4C7F4C145FC86B0179E64D0D1EFA0270C1670E8C7FE3AA0C5D","2026-05-23T17:09:31"
"code/GEJ1__jsPsych_online_TMT/stim_generator/stim_output/stim_28_B.jpg","18491","B046B346CDAC5AC74262F6FE56E5B41B3E4BD4A871E489A66B0C312158062557","2026-05-23T17:09:31"
"code/GEJ1__jsPsych_online_TMT/stim_generator/stim_output/stim_29_A.jpg","18760","666C0A9D141BDFEC0C5FC05AD04003BE2757F274000167FAE43A5649160A8F9E","2026-05-23T17:09:31"
"code/GEJ1__jsPsych_online_TMT/stim_generator/stim_output/stim_29_B.jpg","18664","EDADE9398F9DF32BE38466347471D7ED6DD0F65389374670F402C21EF22DFB0F","2026-05-23T17:09:31"
"code/GEJ1__jsPsych_online_TMT/stim_generator/stim_output/stim_2_A.jpg","18482","D4716F905CB09820F4B0EC65C8C39A8D550970F9F35E04112896194C88D7D339","2026-05-23T17:09:31"
"code/GEJ1__jsPsych_online_TMT/stim_generator/stim_output/stim_2_B.jpg","18380","767C8E7DA108238A93C9FA7E9D0922B3C133E460D5F5BE20D1806E130ADF5619","2026-05-23T17:09:31"
"code/GEJ1__jsPsych_online_TMT/stim_generator/stim_output/stim_30_A.jpg","18626","192519781FB5AE680949D14CE87592E206912B49D0823EE679AF5657229FBCEA","2026-05-23T17:09:31"
"code/GEJ1__jsPsych_online_TMT/stim_generator/stim_output/stim_30_B.jpg","18513","FB26544FE6E6767FA3258F69D25A99444C031E278A327A9B93A190DDDC170E01","2026-05-23T17:09:31"
"code/GEJ1__jsPsych_online_TMT/stim_generator/stim_output/stim_31_A.jpg","18525","A2D0E91E0D330BE7D4761A1D207456D3412E932BEBFB54A9791AF85AB2285810","2026-05-23T17:09:31"
"code/GEJ1__jsPsych_online_TMT/stim_generator/stim_output/stim_31_B.jpg","18423","2380855522D218ED1B2277B4E7EC144184A895DCC33C057A64301B91FCD9AC7C","2026-05-23T17:09:31"
"code/GEJ1__jsPsych_online_TMT/stim_generator/stim_output/stim_32_A.jpg","18639","AA0B2C3D667AC743C61C50C0B691998DC4907B507762E3942F21180FBA3D43CD","2026-05-23T17:09:31"
"code/GEJ1__jsPsych_online_TMT/stim_generator/stim_output/stim_32_B.jpg","18491","10AE8A500C8D789118DF3855284D896DB1E0120CF8ED06AC3EFFD134FA7D6ECF","2026-05-23T17:09:31"
"code/GEJ1__jsPsych_online_TMT/stim_generator/stim_output/stim_33_A.jpg","18407","069B4C178DE01C57474F6065BF5AE4698969DDF6214FB2D3E3292A00AB89D896","2026-05-23T17:09:31"
"code/GEJ1__jsPsych_online_TMT/stim_generator/stim_output/stim_33_B.jpg","18304","D14E461E7CD9128035CDACD7E74A40AB5859E0A0BDD66BBAFE101CA1062D9D14","2026-05-23T17:09:31"
"code/GEJ1__jsPsych_online_TMT/stim_generator/stim_output/stim_34_A.jpg","18427","D71E79A91E5D72DE7FFAD041CEEC200E9C45CDE3824C760DEF99DDD67A60F3FA","2026-05-23T17:09:31"
"code/GEJ1__jsPsych_online_TMT/stim_generator/stim_output/stim_34_B.jpg","18329","31BE5BE19971AF2AA4BE2401EEC9A605F3D65107EF99BCF704208D5F85622BA8","2026-05-23T17:09:31"
"code/GEJ1__jsPsych_online_TMT/stim_generator/stim_output/stim_35_A.jpg","18535","7AD04D4D0B4D27509122D69B337F7AD0921C00C3E8C8632A8D5EE0C6B07246D2","2026-05-23T17:09:31"
"code/GEJ1__jsPsych_online_TMT/stim_generator/stim_output/stim_35_B.jpg","18401","995E4A34B3396735AB84079D13C2116CC66A0627EE4A626C2857EE4F127FC728","2026-05-23T17:09:31"
"code/GEJ1__jsPsych_online_TMT/stim_generator/stim_output/stim_36_A.jpg","18695","CA25E23A4A8D70737AAD8333782B939C256552229B7E4CD6106EF037C21E39CC","2026-05-23T17:09:31"
"code/GEJ1__jsPsych_online_TMT/stim_generator/stim_output/stim_36_B.jpg","18595","D8C2D4732358A34C00A450CCE88B0FBFB6C7955E8B4CAE00A03F17BF272BADA3","2026-05-23T17:09:31"
"code/GEJ1__jsPsych_online_TMT/stim_generator/stim_output/stim_37_A.jpg","18451","2D16CEE771B474C0CC6A12534FF255B91D01E8BEF2E26C4896A9A3E9AFB3EDDC","2026-05-23T17:09:31"
"code/GEJ1__jsPsych_online_TMT/stim_generator/stim_output/stim_37_B.jpg","18361","A686C8E6469914407B3B9BB8154D7557FA61B0B936ECD16D7291ABA49C658A00","2026-05-23T17:09:31"
"code/GEJ1__jsPsych_online_TMT/stim_generator/stim_output/stim_38_A.jpg","18564","9A5C3D81CF8C582958F1EDD48770EF4F3299D9BA1E2FCE687C4CE8997542B516","2026-05-23T17:09:31"
"code/GEJ1__jsPsych_online_TMT/stim_generator/stim_output/stim_38_B.jpg","18451","7387B0551D1993004AB8E0F99B7DC9D07A790A782B90680E16CAD43D9F21F546","2026-05-23T17:09:31"
"code/GEJ1__jsPsych_online_TMT/stim_generator/stim_output/stim_39_A.jpg","18582","8EBA94C0572A2E2691105CE4FED9E48F4EDF98FD411DF92C5DA24ABFBFA25CA8","2026-05-23T17:09:31"
"code/GEJ1__jsPsych_online_TMT/stim_generator/stim_output/stim_39_B.jpg","18488","4825C511A1A1406345EF0C0DD9FF1CC240435663E0E8722C881BC2123A625929","2026-05-23T17:09:31"
"code/GEJ1__jsPsych_online_TMT/stim_generator/stim_output/stim_3_A.jpg","18863","363E6FB3AF098363422DB78FAAF2EB426C54F784E8C36EC3791A7B4AFDBFFDA9","2026-05-23T17:09:31"
"code/GEJ1__jsPsych_online_TMT/stim_generator/stim_output/stim_3_B.jpg","18790","4E384072B7FF8A19359F8A1E7B75599D8AE565EC0207E813FA7B13FBC006A7D4","2026-05-23T17:09:31"
"code/GEJ1__jsPsych_online_TMT/stim_generator/stim_output/stim_40_A.jpg","18531","EE477672872D8B9F674BBA4A23D74F3A11F8D1A35EF8DDE9BE372721AD61389F","2026-05-23T17:09:31"
"code/GEJ1__jsPsych_online_TMT/stim_generator/stim_output/stim_40_B.jpg","18383","0E6573BEB0916964CA83A24A267C89C45093CDD6D294AF9667CF69290132B18F","2026-05-23T17:09:31"
"code/GEJ1__jsPsych_online_TMT/stim_generator/stim_output/stim_41_A.jpg","18607","8DD0DC3FB8ACF0E8ECEB8629D7838293AD300C490E9648334B11784710CFDDB6","2026-05-23T17:09:31"
"code/GEJ1__jsPsych_online_TMT/stim_generator/stim_output/stim_41_B.jpg","18451","305DD37A97467DAB234CB965194AEB53CAF5F3FDAD015D71648B0FFD3EB5B6BA","2026-05-23T17:09:31"
"code/GEJ1__jsPsych_online_TMT/stim_generator/stim_output/stim_42_A.jpg","18802","B608C7FC9F27947C7277CAB293DAC71425CC8FCED7790C688C708EA923F207FC","2026-05-23T17:09:31"
"code/GEJ1__jsPsych_online_TMT/stim_generator/stim_output/stim_42_B.jpg","18726","7047C45BD1F5DB335ADBE8947D41087B98E5BFA21C2865ECC7D7496B8D600B77","2026-05-23T17:09:31"
"code/GEJ1__jsPsych_online_TMT/stim_generator/stim_output/stim_43_A.jpg","18414","7FC40AE6B57FC64118B72084119A1284BE1BD66293DC2CDE62E091092FCB36CE","2026-05-23T17:09:31"
"code/GEJ1__jsPsych_online_TMT/stim_generator/stim_output/stim_43_B.jpg","18284","9A231BCAABA021BF2990710FBDB53773DA3F2D8A41B4BBB0D59B15C3ACDBDE02","2026-05-23T17:09:31"
"code/GEJ1__jsPsych_online_TMT/stim_generator/stim_output/stim_44_A.jpg","18540","B589178590875D41F9D037F5FBFC89FE1D061C5B224FBCE4796758401A1F1842","2026-05-23T17:09:31"
"code/GEJ1__jsPsych_online_TMT/stim_generator/stim_output/stim_44_B.jpg","18449","9BE19DB3632CC279FE2BD884A9B45722CB1F40E8027CF06A7C5BA289E2010D20","2026-05-23T17:09:31"
"code/GEJ1__jsPsych_online_TMT/stim_generator/stim_output/stim_45_A.jpg","18659","1C4223AD69D7A5467119E0FF564E3D7D9C3FF3E3477311BAEE4B10A2A105FDDB","2026-05-23T17:09:31"
"code/GEJ1__jsPsych_online_TMT/stim_generator/stim_output/stim_45_B.jpg","18527","501BFD1F434A166D5B02BCBD51ECE3A0ABC30874AA2E3F7D15C3C471055C661F","2026-05-23T17:09:31"
"code/GEJ1__jsPsych_online_TMT/stim_generator/stim_output/stim_46_A.jpg","18533","257A2CFE10AECD21202ADB3FCF76F21039D4FA98424BB2669A78A65F572F16C2","2026-05-23T17:09:31"
"code/GEJ1__jsPsych_online_TMT/stim_generator/stim_output/stim_46_B.jpg","18405","47F444CF86D41DF7F5EB3FE86FC1585F9D28B4E493D1F78FE4755C62A542FB35","2026-05-23T17:09:31"
"code/GEJ1__jsPsych_online_TMT/stim_generator/stim_output/stim_47_A.jpg","18688","7806A65E7873B2968E6B92B71E45D63BEDAD01D171B9A2FBF919A682E3906B76","2026-05-23T17:09:31"
"code/GEJ1__jsPsych_online_TMT/stim_generator/stim_output/stim_47_B.jpg","18567","93804D26A61F7ED9BA3DBD106C8333455B19BF46336B2DEDA804C80E9982F219","2026-05-23T17:09:31"
"code/GEJ1__jsPsych_online_TMT/stim_generator/stim_output/stim_48_A.jpg","18643","7A9E1465F8CB52FE78D1ED40D02208CDBE264585704A7809730C4CA3EC0214BA","2026-05-23T17:09:31"
"code/GEJ1__jsPsych_online_TMT/stim_generator/stim_output/stim_48_B.jpg","18528","835B88F500208B909BF087E1EBB4021283B3332B5B7211CBBE0736A9012B86F5","2026-05-23T17:09:31"
"code/GEJ1__jsPsych_online_TMT/stim_generator/stim_output/stim_49_A.jpg","18607","785F4FA99BEF6D53519FA8786A03AE2FAA11A744C26D88C9C9BD0E612B9E44B2","2026-05-23T17:09:31"
"code/GEJ1__jsPsych_online_TMT/stim_generator/stim_output/stim_49_B.jpg","18515","ED8220BA11935C527EF4F0884426A7F360EEED3623A59A4084A164EC36F9F2A5","2026-05-23T17:09:31"
"code/GEJ1__jsPsych_online_TMT/stim_generator/stim_output/stim_4_A.jpg","18488","F374FCE3278A5A251C5D08AA3E6FAFE94FAE193452B2E9EBE48CCBB80934856C","2026-05-23T17:09:31"
"code/GEJ1__jsPsych_online_TMT/stim_generator/stim_output/stim_4_B.jpg","18362","8E3E4791C1799653F56ED74A0F252106370B26CEFB3ACC5611E1C6EC1488654E","2026-05-23T17:09:31"
"code/GEJ1__jsPsych_online_TMT/stim_generator/stim_output/stim_50_A.jpg","18720","06F76BD9D67180C93E6AAEDAB82F7247F869FDCEC3A06B6B59F1B4CDE583974A","2026-05-23T17:09:31"
"code/GEJ1__jsPsych_online_TMT/stim_generator/stim_output/stim_50_B.jpg","18622","F9C689A5B8BE68ECC42E186379A104D39134A909628F5FC4FCAFA718205E35F0","2026-05-23T17:09:31"
"code/GEJ1__jsPsych_online_TMT/stim_generator/stim_output/stim_51_A.jpg","18582","4101E57221E6554888307428BF71160B656785DAB48FD934CA71E82B4DAC98A2","2026-05-23T17:09:31"
"code/GEJ1__jsPsych_online_TMT/stim_generator/stim_output/stim_51_B.jpg","18472","D058B618B4B3D01CB128F7B7130A1AF2B28933AC2D11F277215BD9DBBCF3A687","2026-05-23T17:09:31"
"code/GEJ1__jsPsych_online_TMT/stim_generator/stim_output/stim_52_A.jpg","18436","E456958AFC598F7686CC97A5B7FCD4946D7EFFC3FE13BE1619068BEA761876E9","2026-05-23T17:09:31"
"code/GEJ1__jsPsych_online_TMT/stim_generator/stim_output/stim_52_B.jpg","18347","ABEBF0E77D2787587CCCFE02BF470D4466A5E375ED0E842D0E6B813C9EBEE40E","2026-05-23T17:09:31"
"code/GEJ1__jsPsych_online_TMT/stim_generator/stim_output/stim_53_A.jpg","18570","397623E0A7324384D619B4C572641E6E68F2AA1C36BF180202270FCA380591A5","2026-05-23T17:09:31"
"code/GEJ1__jsPsych_online_TMT/stim_generator/stim_output/stim_53_B.jpg","18430","779E71679C2D653DCA2E652B6C69827D0D1B6F80B6E50A3183741BBD3A824B9C","2026-05-23T17:09:31"
"code/GEJ1__jsPsych_online_TMT/stim_generator/stim_output/stim_54_A.jpg","18655","56E75A5B10782F1F573C2D2ECDAE85DF5FF7E0C87DC2F44267C38713E87564A2","2026-05-23T17:09:31"
"code/GEJ1__jsPsych_online_TMT/stim_generator/stim_output/stim_54_B.jpg","18556","4AF5E419F6A4DF6C1AE01C25DAFF41DB9D3DB188821820B2D7E5BAACC192165F","2026-05-23T17:09:31"
"code/GEJ1__jsPsych_online_TMT/stim_generator/stim_output/stim_55_A.jpg","18705","D34F727A00C53A7B4C36EB97033BAA706A76336B8DF2C85290C254D5ACD1784F","2026-05-23T17:09:31"
"code/GEJ1__jsPsych_online_TMT/stim_generator/stim_output/stim_55_B.jpg","18567","3B1C066D5E23913B42452263FC55A7E4AB14CF146471416E8F1FEF0BAF7FBCCD","2026-05-23T17:09:31"
"code/GEJ1__jsPsych_online_TMT/stim_generator/stim_output/stim_56_A.jpg","18641","3F8A34BB38BDADBFADF496D5AE15427BE0EA5C26D1D092B5BEDFDA6D0FE597C7","2026-05-23T17:09:31"
"code/GEJ1__jsPsych_online_TMT/stim_generator/stim_output/stim_56_B.jpg","18538","4CE42743778D06649193C1C70462A493EAE0CC4DD460B6DB088D91ED8828E197","2026-05-23T17:09:31"
"code/GEJ1__jsPsych_online_TMT/stim_generator/stim_output/stim_57_A.jpg","18608","5ED15A3498B8774BA0A58ED8150129E3CEBDF2688B2DF9502D6AD256206146B5","2026-05-23T17:09:31"
"code/GEJ1__jsPsych_online_TMT/stim_generator/stim_output/stim_57_B.jpg","18468","667186BF253FD1BB56FE8016F827BE0DF9313C98AC82F65242D132689914C544","2026-05-23T17:09:31"
"code/GEJ1__jsPsych_online_TMT/stim_generator/stim_output/stim_58_A.jpg","18737","551863D56525FFDF043B20581F359129EC6F04C8A6EC1124186D64E34FCC60F8","2026-05-23T17:09:31"
"code/GEJ1__jsPsych_online_TMT/stim_generator/stim_output/stim_58_B.jpg","18619","85D47D1FF110A27EFF0C1F6C1C083705FCB6BE4880E3A92177E1C9BC514AE078","2026-05-23T17:09:31"
"code/GEJ1__jsPsych_online_TMT/stim_generator/stim_output/stim_59_A.jpg","18734","E6D17F668DC35E56A8F46151D7F0F1361AE384E1F5F5384A34A776F2C6C29832","2026-05-23T17:09:31"
"code/GEJ1__jsPsych_online_TMT/stim_generator/stim_output/stim_59_B.jpg","18612","E420212DEDEF7C90224CAD68660FC97C5AF13C6BE44E68C78ADA8B273A6A1068","2026-05-23T17:09:31"
"code/GEJ1__jsPsych_online_TMT/stim_generator/stim_output/stim_5_A.jpg","18458","A3230209936BAAA07C027D6884BE1E8336BB70709083C0E1F7E5B7A61B1A75BB","2026-05-23T17:09:31"
"code/GEJ1__jsPsych_online_TMT/stim_generator/stim_output/stim_5_B.jpg","18399","91484BC1034E93B49916CC01029161EAEA16AFB1FB289109765DEE9FF6A112FE","2026-05-23T17:09:31"
"code/GEJ1__jsPsych_online_TMT/stim_generator/stim_output/stim_60_A.jpg","18692","F3E6E1B502365382B33475D9A4643ED21738EB0598B77CA20EEB26A50975C58B","2026-05-23T17:09:31"
"code/GEJ1__jsPsych_online_TMT/stim_generator/stim_output/stim_60_B.jpg","18591","3EA5FD8A655CC112FBD593D4F5BF0A95EC339280134E8048A6C4FF3C5A795E66","2026-05-23T17:09:31"
"code/GEJ1__jsPsych_online_TMT/stim_generator/stim_output/stim_61_A.jpg","18654","52D4EA651DBD5116FDD11D051830841DE928B4F80392644884935744F440FCCB","2026-05-23T17:09:31"
"code/GEJ1__jsPsych_online_TMT/stim_generator/stim_output/stim_61_B.jpg","18537","C8ABB949677BD9428C4FF1061D47C341122D882F5369DF1AD583AB541F4D4848","2026-05-23T17:09:31"
"code/GEJ1__jsPsych_online_TMT/stim_generator/stim_output/stim_62_A.jpg","18584","C5C2588C75E52C57993AC15AD4895738DEA3CEB0809110F871AF2D04CD2E8CEF","2026-05-23T17:09:31"
"code/GEJ1__jsPsych_online_TMT/stim_generator/stim_output/stim_62_B.jpg","18488","585206F840EA4A9ED18AD241D59964DA2B5541093C0FE3E01F685786F53C7597","2026-05-23T17:09:31"
"code/GEJ1__jsPsych_online_TMT/stim_generator/stim_output/stim_63_A.jpg","18625","3FDF32FAE3CDACC6D89B9AC27530F854FD0DD0124A7D6F3B853890BB534FA8DD","2026-05-23T17:09:31"
"code/GEJ1__jsPsych_online_TMT/stim_generator/stim_output/stim_63_B.jpg","18530","D1E91294D4C1492F509ACC1886254030AB6B324C80459D05029290D6E3CA09A0","2026-05-23T17:09:31"
"code/GEJ1__jsPsych_online_TMT/stim_generator/stim_output/stim_64_A.jpg","18630","E0B23011ED2D8044DB06A6771F1A330F394D8CB663BDED4E5709CD50EDBA3410","2026-05-23T17:09:31"
"code/GEJ1__jsPsych_online_TMT/stim_generator/stim_output/stim_64_B.jpg","18548","744D4DE53D034879032E62A3CABD0E073F3DD6B7804F41BCBB0B0612EDFE64E1","2026-05-23T17:09:31"
"code/GEJ1__jsPsych_online_TMT/stim_generator/stim_output/stim_65_A.jpg","18598","28C19D30065642A060F06BC1C9334B1659FAA7C35032B4E60C0E55329077C236","2026-05-23T17:09:31"
"code/GEJ1__jsPsych_online_TMT/stim_generator/stim_output/stim_65_B.jpg","18506","516FFEA1F436CA089FC89138BC0D4DBCEEA5582FBA0270C96C89F82844B3C5FC","2026-05-23T17:09:31"
"code/GEJ1__jsPsych_online_TMT/stim_generator/stim_output/stim_66_A.jpg","18682","C8DC727234C676E7B08258F43FF42B9D34EA6F60DE3B1C2F7F43FF2DE6E446C2","2026-05-23T17:09:31"
"code/GEJ1__jsPsych_online_TMT/stim_generator/stim_output/stim_66_B.jpg","18597","CB3E20EC0CC2A209E5043A83E94479B3DBBBA34011400BA41BD49C632440144D","2026-05-23T17:09:31"
"code/GEJ1__jsPsych_online_TMT/stim_generator/stim_output/stim_67_A.jpg","18594","03DF8C710CFCEDDDC3A888C5F29A5E4A0A3F055F8589D4CA83306B86D3C41BAB","2026-05-23T17:09:31"
"code/GEJ1__jsPsych_online_TMT/stim_generator/stim_output/stim_67_B.jpg","18467","F8EB0DB7C0C9836F57C9380CA7EC245B76184FD40592DB0E90D4E1E7F9D5A487","2026-05-23T17:09:31"
"code/GEJ1__jsPsych_online_TMT/stim_generator/stim_output/stim_68_A.jpg","18769","EAF66F9B3B4DE0771B54B52B0FDF03439CB2EABE855C1DD8A453A65B853F9ECE","2026-05-23T17:09:31"
"code/GEJ1__jsPsych_online_TMT/stim_generator/stim_output/stim_68_B.jpg","18717","FFD0EC6EFBDBF656B61E72D92312845ED603EC451B24EE56484CC74B5E8E849E","2026-05-23T17:09:31"
"code/GEJ1__jsPsych_online_TMT/stim_generator/stim_output/stim_69_A.jpg","18499","14F3D6D499B7EA83F1D11F270E30043DD096C5D72D098BE3E408568E8B7991B6","2026-05-23T17:09:31"
"code/GEJ1__jsPsych_online_TMT/stim_generator/stim_output/stim_69_B.jpg","18365","3459A933B97FF328FA79A357D8E671AF7318FE9F8B6FFADF581801427D6E3C7F","2026-05-23T17:09:31"
"code/GEJ1__jsPsych_online_TMT/stim_generator/stim_output/stim_6_A.jpg","18580","7008DC7B8649A901C3864CB3D105521EBF727E689D67943A85C621AC8454BE3C","2026-05-23T17:09:31"
"code/GEJ1__jsPsych_online_TMT/stim_generator/stim_output/stim_6_B.jpg","18491","6FA6817AB0D067E1AC07EDE1F6264F20514F5469E71922FFF2DEB4B09A8675AE","2026-05-23T17:09:31"
"code/GEJ1__jsPsych_online_TMT/stim_generator/stim_output/stim_70_A.jpg","18680","0B13C7C1CED13218F74E4F0DFBD1EF07680F4110B7BFA12DD16DF277783FE449","2026-05-23T17:09:31"
"code/GEJ1__jsPsych_online_TMT/stim_generator/stim_output/stim_70_B.jpg","18532","81081A5F96C2CD491CE0B7D503CAE45FF5C027867C70D1D48B1601FB9249A1EA","2026-05-23T17:09:31"
"code/GEJ1__jsPsych_online_TMT/stim_generator/stim_output/stim_71_A.jpg","18371","FA59C5D58391CEFEEE6AA761C44D14316533117FA09BBC457E7EE8E9A908CEF3","2026-05-23T17:09:31"
"code/GEJ1__jsPsych_online_TMT/stim_generator/stim_output/stim_71_B.jpg","18270","2C872A52582AF3C92F7AF4E023EA8E7A067EEFB4773723A1E6B29AD38F052CA9","2026-05-23T17:09:31"
"code/GEJ1__jsPsych_online_TMT/stim_generator/stim_output/stim_72_A.jpg","18555","7F96A3AF3E3F375C653141868A9690F60A7B7268AD29D4624D53A4647A83BCCD","2026-05-23T17:09:31"
"code/GEJ1__jsPsych_online_TMT/stim_generator/stim_output/stim_72_B.jpg","18485","6ABF0344226F8B126715F67974646D34A1BEE173A029DE2615C7BA168C1BB4A5","2026-05-23T17:09:31"
"code/GEJ1__jsPsych_online_TMT/stim_generator/stim_output/stim_73_A.jpg","18426","162A8FCCDF500173B6511B40BFD043250DFA2C5D865DE9CF1A2BE042BDBCDBF2","2026-05-23T17:09:31"
"code/GEJ1__jsPsych_online_TMT/stim_generator/stim_output/stim_73_B.jpg","18298","DB69CE00531BBBE9B005E0D730AC8004A013117810C2AF098920D57E6B5EF0FD","2026-05-23T17:09:31"
"code/GEJ1__jsPsych_online_TMT/stim_generator/stim_output/stim_74_A.jpg","18632","B55FA4DAB356C9D2980D18885519C87BA1506889658DED87E3A9288A1EA12B32","2026-05-23T17:09:31"
"code/GEJ1__jsPsych_online_TMT/stim_generator/stim_output/stim_74_B.jpg","18544","8A2E9F5206CB1D4B0773DD8BFFE266044AC596F4442B2CCEC7CF2A775C6225FD","2026-05-23T17:09:31"
"code/GEJ1__jsPsych_online_TMT/stim_generator/stim_output/stim_75_A.jpg","18673","7D173EA861B58DFE294539EC19E26A0538C2BDA39B1C011699D490A16C805C1D","2026-05-23T17:09:31"
"code/GEJ1__jsPsych_online_TMT/stim_generator/stim_output/stim_75_B.jpg","18540","F76EBE1C445153C56787408A1F4976623A7EDE5D55008E4EB031C9F79C12EA0E","2026-05-23T17:09:31"
"code/GEJ1__jsPsych_online_TMT/stim_generator/stim_output/stim_76_A.jpg","18335","2839DF629817B6198C0BF7D5D8E6126234296F7B31ADE643B54894ED48CC32C9","2026-05-23T17:09:31"
"code/GEJ1__jsPsych_online_TMT/stim_generator/stim_output/stim_76_B.jpg","18220","55CC29A1AE43A6E4B53862AEA7BAEBFED553ED989C9D19D7CAA119C022FCF19C","2026-05-23T17:09:31"
"code/GEJ1__jsPsych_online_TMT/stim_generator/stim_output/stim_77_A.jpg","18600","204554B0E944237BB24EFD9C256B4CC2E2F530A0A0274C85B1A9217DE5A28738","2026-05-23T17:09:31"
"code/GEJ1__jsPsych_online_TMT/stim_generator/stim_output/stim_77_B.jpg","18475","80F7D72F8BC2A1B6EA0AF94138D190CB4A30DF71164859C8A4FED1726277E129","2026-05-23T17:09:31"
"code/GEJ1__jsPsych_online_TMT/stim_generator/stim_output/stim_78_A.jpg","18517","F0423C632AE99B11B8DA86A908491790001DD984F476884B1896DDFD42BBDC99","2026-05-23T17:09:31"
"code/GEJ1__jsPsych_online_TMT/stim_generator/stim_output/stim_78_B.jpg","18465","DDBDBF8A3F9CD35D51C8B9A14E5636D9680E50F1EEEB89C2AF20E22A18852F7E","2026-05-23T17:09:31"
"code/GEJ1__jsPsych_online_TMT/stim_generator/stim_output/stim_79_A.jpg","18506","D98A3455649846B5F5B7C1B8F344C5C784AE5E4868AE5F61C8B0479857E4D781","2026-05-23T17:09:31"
"code/GEJ1__jsPsych_online_TMT/stim_generator/stim_output/stim_79_B.jpg","18415","2405FC54FDF87F2D6A3E5645FD00EF91D7C0A5984D7B1C3B738813CEC7EC5174","2026-05-23T17:09:31"
"code/GEJ1__jsPsych_online_TMT/stim_generator/stim_output/stim_7_A.jpg","18801","EB8B91D2EB5A6097F92B6B6B2F6E298CF551C5CE1D541CF1D979D7804BFF5B4C","2026-05-23T17:09:31"
"code/GEJ1__jsPsych_online_TMT/stim_generator/stim_output/stim_7_B.jpg","18694","BF7904982629B0E13EB136413E85D10926FAFAEC41B66550FB4C25B4238CEA89","2026-05-23T17:09:31"
"code/GEJ1__jsPsych_online_TMT/stim_generator/stim_output/stim_80_A.jpg","18611","C83DE25268049AF0829AB98B4CCD6AC1E472FBE8A8A5AD842E43CAFC65863961","2026-05-23T17:09:31"
"code/GEJ1__jsPsych_online_TMT/stim_generator/stim_output/stim_80_B.jpg","18523","231F5790B98C10EED034983CA345093E516A2961FE3E6F1B23A2FFB6FA32EDB7","2026-05-23T17:09:31"
"code/GEJ1__jsPsych_online_TMT/stim_generator/stim_output/stim_81_A.jpg","18549","B609923D1FA0B537B576A1EB924F81AE5D566BDAC3BE79000D482700FCEC3DDD","2026-05-23T17:09:31"
"code/GEJ1__jsPsych_online_TMT/stim_generator/stim_output/stim_81_B.jpg","18441","3BA1BE039BD0BE879EC7E86383D0A2142157BFE58F6F4F65C10013A0FF4566D9","2026-05-23T17:09:31"
"code/GEJ1__jsPsych_online_TMT/stim_generator/stim_output/stim_82_A.jpg","18631","FC705415E59A6B6C609C6A2AFDDCCFA08616693953CB52A7C8664F4DA22D807A","2026-05-23T17:09:31"
"code/GEJ1__jsPsych_online_TMT/stim_generator/stim_output/stim_82_B.jpg","18547","913BFEC251266B6B2A65D3EEDFF2D26F00B2A4119434419FB2E9F8EBA4BE6EA8","2026-05-23T17:09:31"
"code/GEJ1__jsPsych_online_TMT/stim_generator/stim_output/stim_83_A.jpg","18541","FE536B6D54B287A369202FA6E8A7B1F9F246A7D05635E38FB5EF668500689129","2026-05-23T17:09:31"
"code/GEJ1__jsPsych_online_TMT/stim_generator/stim_output/stim_83_B.jpg","18450","9D9310360FEF69D9D3780DEA8C1209D778BF93CABC10174EC52229432A1B8EBE","2026-05-23T17:09:31"
"code/GEJ1__jsPsych_online_TMT/stim_generator/stim_output/stim_84_A.jpg","18244","7B4CF9AC49839C06C7BE3325157E7275FE6819DAE24EAE499E73B982C2FA02B3","2026-05-23T17:09:31"
"code/GEJ1__jsPsych_online_TMT/stim_generator/stim_output/stim_84_B.jpg","18131","9D800E068EFFE00DBB8E60E4CC0D689E7DDED412D621BDF970ED479DE0124F1E","2026-05-23T17:09:31"
"code/GEJ1__jsPsych_online_TMT/stim_generator/stim_output/stim_85_A.jpg","18495","1C932D4F8F3190D70BF04E927EF730206C70E9E6F51D59FD471D02F5833F895C","2026-05-23T17:09:31"
"code/GEJ1__jsPsych_online_TMT/stim_generator/stim_output/stim_85_B.jpg","18414","97D08F0C176BB86D69E32B68C327EFE9A19781B1A266E38F2A886D65606DCED6","2026-05-23T17:09:31"
"code/GEJ1__jsPsych_online_TMT/stim_generator/stim_output/stim_86_A.jpg","18594","63348C38B94F42B0F0628449BA2B940DA6C29407DE5749FBF65C6773315B1C90","2026-05-23T17:09:31"
"code/GEJ1__jsPsych_online_TMT/stim_generator/stim_output/stim_86_B.jpg","18527","57DC182B7A514EC05C9635125AD1A9271BA4DA8710407853AEF0F856469D6D1A","2026-05-23T17:09:31"
"code/GEJ1__jsPsych_online_TMT/stim_generator/stim_output/stim_87_A.jpg","18750","579E320A584FF4B82D0347995E135FEDFC39C96C3F1031A08F47CD56D2B56C57","2026-05-23T17:09:31"
"code/GEJ1__jsPsych_online_TMT/stim_generator/stim_output/stim_87_B.jpg","18611","28717001894EF751F4CF087D518D31A6F3B37521C90575E331C6973259CA6E94","2026-05-23T17:09:31"
"code/GEJ1__jsPsych_online_TMT/stim_generator/stim_output/stim_88_A.jpg","18569","5961DCDA7B6F1D9CB89532BFA9B8F9915E95CB3C043B4DCA39D24B235EA755FE","2026-05-23T17:09:31"
"code/GEJ1__jsPsych_online_TMT/stim_generator/stim_output/stim_88_B.jpg","18472","89F9565006262FD9888BC1B80910AB8A3B8A25B4199E45D9C8FF6E5A57A4A36B","2026-05-23T17:09:31"
"code/GEJ1__jsPsych_online_TMT/stim_generator/stim_output/stim_89_A.jpg","18665","95BCF92330D7BB20EC1FE14DE9AC97BCD3B10F79396CC18BF80CB3465BDE9373","2026-05-23T17:09:31"
"code/GEJ1__jsPsych_online_TMT/stim_generator/stim_output/stim_89_B.jpg","18554","EC12CE8200A182E636171E8CAE95402ECFE06F61988723FD508E3FA07BD22C81","2026-05-23T17:09:31"
"code/GEJ1__jsPsych_online_TMT/stim_generator/stim_output/stim_8_A.jpg","18582","01272E8C74BA25A2E3F11D08265F0E3B61ED890A2E9846089730F9389B5BA6A2","2026-05-23T17:09:31"
"code/GEJ1__jsPsych_online_TMT/stim_generator/stim_output/stim_8_B.jpg","18504","8DC5019AA8721F5BC9ADF571248351EA2CC15F9755977337F24B01A69D58F61E","2026-05-23T17:09:31"
"code/GEJ1__jsPsych_online_TMT/stim_generator/stim_output/stim_90_A.jpg","18606","EAFDB86E7F80C27130CAA39309AF91084EE7B4E37D95197A1C9DADE3D460D840","2026-05-23T17:09:31"
"code/GEJ1__jsPsych_online_TMT/stim_generator/stim_output/stim_90_B.jpg","18466","680B39D1CC406A80E22ED65824464C327F26EB0629F88FAE6AA622F5AA770BDE","2026-05-23T17:09:31"
"code/GEJ1__jsPsych_online_TMT/stim_generator/stim_output/stim_91_A.jpg","18535","9D4282CE19D202150E3D8051D1D58826DDAE0D56C61DE07110C39951D292433B","2026-05-23T17:09:31"
"code/GEJ1__jsPsych_online_TMT/stim_generator/stim_output/stim_91_B.jpg","18432","85FC8A10C9CC5B98AF6899C8D19459B26E9B4EE17E78D5FE51274A931F5B5704","2026-05-23T17:09:31"
"code/GEJ1__jsPsych_online_TMT/stim_generator/stim_output/stim_92_A.jpg","18653","A17D3097BF0642CC98420EA6C6F6A27F742827DC6CB9556AA0BFD09803076A3A","2026-05-23T17:09:31"
"code/GEJ1__jsPsych_online_TMT/stim_generator/stim_output/stim_92_B.jpg","18559","F56DB85C4BBAE9CB8A449621D27C2AF121904E53AE426683958B1EC186D00D5C","2026-05-23T17:09:31"
"code/GEJ1__jsPsych_online_TMT/stim_generator/stim_output/stim_93_A.jpg","18562","7A1064A2A97731C360851DE455C4258A8A552A1886944333D3C1C90761B89412","2026-05-23T17:09:31"
"code/GEJ1__jsPsych_online_TMT/stim_generator/stim_output/stim_93_B.jpg","18461","24E29AA2F0B07F864893D8C2532B16584C758B1455C6071A937B3294AEFDA4FD","2026-05-23T17:09:31"
"code/GEJ1__jsPsych_online_TMT/stim_generator/stim_output/stim_94_A.jpg","18511","BC463924A9009F3373416B1768070627F6BCB76B2DFD64AB618FC97413B4C8AB","2026-05-23T17:09:31"
"code/GEJ1__jsPsych_online_TMT/stim_generator/stim_output/stim_94_B.jpg","18397","EFDEC5D60D32E52292A0BB866B879F4CF50C0947E2BF9534B54300BDCB6B112A","2026-05-23T17:09:31"
"code/GEJ1__jsPsych_online_TMT/stim_generator/stim_output/stim_95_A.jpg","18541","90CE781F78F71DAFB9D676CF167CB6E6BD22027B70D80FE4130BB072496270AF","2026-05-23T17:09:31"
"code/GEJ1__jsPsych_online_TMT/stim_generator/stim_output/stim_95_B.jpg","18482","BF8769998523D62821E35FD6D71ECF51476A31BFC771B973AEAE7E761D9FEF99","2026-05-23T17:09:31"
"code/GEJ1__jsPsych_online_TMT/stim_generator/stim_output/stim_96_A.jpg","18346","22C44C4E4110C4600B60695881946BE3D6BF50AD8FA43015D37A63C313D31A9F","2026-05-23T17:09:31"
"code/GEJ1__jsPsych_online_TMT/stim_generator/stim_output/stim_96_B.jpg","18226","2EB11052728F8F62BFD0A20F0F8647CF9984DC82AC2D894D89C7C5F034231A7D","2026-05-23T17:09:31"
"code/GEJ1__jsPsych_online_TMT/stim_generator/stim_output/stim_97_A.jpg","18508","169DDF97064488F2556A1410F45AD17EA04842B3020DD7A5EDB2DDE0B0015955","2026-05-23T17:09:31"
"code/GEJ1__jsPsych_online_TMT/stim_generator/stim_output/stim_97_B.jpg","18390","2D80987130F5AF3500149137FA6A319EA3FE415C1823E38486504178D951F55E","2026-05-23T17:09:31"
"code/GEJ1__jsPsych_online_TMT/stim_generator/stim_output/stim_98_A.jpg","18606","F6BE36C4AEA1A31030D73F7BA46A8F263DE52D3B646B4D042FD7DB1362523921","2026-05-23T17:09:31"
"code/GEJ1__jsPsych_online_TMT/stim_generator/stim_output/stim_98_B.jpg","18543","ED344D41768A394D077FC7C6187A18B1A6DE48AC8961044028203E93C813F4FA","2026-05-23T17:09:31"
"code/GEJ1__jsPsych_online_TMT/stim_generator/stim_output/stim_99_A.jpg","18654","6818908089C761D4E3F3BE1FC2D5C7241A54F8E1B7BCD5E71D50128F300C9014","2026-05-23T17:09:31"
"code/GEJ1__jsPsych_online_TMT/stim_generator/stim_output/stim_99_B.jpg","18582","79A960EF7509C2963B77F3A48B736FE476AE5C1386754A5B60B11EEEC3F9AA51","2026-05-23T17:09:31"
"code/GEJ1__jsPsych_online_TMT/stim_generator/stim_output/stim_9_A.jpg","18612","D9016162C76466EB66ECA0200F508063ADCBE04EF2FCC583ABA3EE5E2662ED4A","2026-05-23T17:09:31"
"code/GEJ1__jsPsych_online_TMT/stim_generator/stim_output/stim_9_B.jpg","18525","18651FFCB54028A3A1A2985F9BF674780BF706908CC0C31E53D4A2ED1EA001DE","2026-05-23T17:09:31"
"code/GEJ1__jsPsych_online_TMT/stim_generator/stim_thr040_nooverlap_100trials_20181127.mat","6797","9AAFFA9C25263527FB62A189CA8CACDACF4EAB8728C0770EA621BDDDF9384F1D","2026-05-23T17:09:31"
"code/GEJ1__jsPsych_online_TMT/stimuli/cond1/stim_10_B.jpg","18419","686F7B681D34347A76EE23620F4C2785B4FACF1901CC57C96D2CA8134D8310B7","2026-05-23T17:09:31"
"code/GEJ1__jsPsych_online_TMT/stimuli/cond1/stim_11_A.jpg","18387","32EE1F0AEFE3D856F621B0123D9DDD86060A6EF6A6441F2EB2CB2CBDF92CB99F","2026-05-23T17:09:31"
"code/GEJ1__jsPsych_online_TMT/stimuli/cond1/stim_12_B.jpg","18599","D7ACBC86AA29895066EF55FC4DF12114C60AA41BFF81AFA247B72BC221B9D498","2026-05-23T17:09:31"
"code/GEJ1__jsPsych_online_TMT/stimuli/cond1/stim_13_A.jpg","18630","4D5D3527E793318D962A88F0AA680BE6609EFC8233FDA780BF7D9EF3F66F1E2C","2026-05-23T17:09:31"
"code/GEJ1__jsPsych_online_TMT/stimuli/cond1/stim_14_B.jpg","18461","C00AB03219F53175341C2FAE4CD2E4B49F4D49FA0C258D656195E4E76E4E7706","2026-05-23T17:09:31"
"code/GEJ1__jsPsych_online_TMT/stimuli/cond1/stim_15_A.jpg","18754","C9C60C91ED9059EB1676B3EDAB4CB5D03F640669B149CD91A246D9B42FBC859A","2026-05-23T17:09:31"
"code/GEJ1__jsPsych_online_TMT/stimuli/cond1/stim_16_B.jpg","18486","BDC6F759DD51E5ED5F73DA7667EA63B8CD493C4DEB48FF64E4AB8F71849186FF","2026-05-23T17:09:31"
"code/GEJ1__jsPsych_online_TMT/stimuli/cond1/stim_17_A.jpg","18460","9B841138E1292BEB076CE24E8438E6F53BD5636C18132AFD966873B694DD3206","2026-05-23T17:09:31"
"code/GEJ1__jsPsych_online_TMT/stimuli/cond1/stim_18_B.jpg","18225","C64DEE385B8041C10C80A2C1F10EF17A2646897C370FFEC6703D51D04427B7D0","2026-05-23T17:09:31"
"code/GEJ1__jsPsych_online_TMT/stimuli/cond1/stim_19_A.jpg","18537","1859ED2D55248E71353151ADF1DD0144542C0EE4E5E45C0FCE1A0CFA0FC5A971","2026-05-23T17:09:31"
"code/GEJ1__jsPsych_online_TMT/stimuli/cond1/stim_1_A.jpg","18535","3C9F97E9E03E2C5DFBD7E538933812AB46ED579CA0D1A89E1E218C2D3767CCBF","2026-05-23T17:09:31"
"code/GEJ1__jsPsych_online_TMT/stimuli/cond1/stim_20_B.jpg","18215","77922F3A2E2BA41ACA5F33B54E749AC236D962286B144CA8C6B4E32445F6EF01","2026-05-23T17:09:31"
"code/GEJ1__jsPsych_online_TMT/stimuli/cond1/stim_2_B.jpg","18380","767C8E7DA108238A93C9FA7E9D0922B3C133E460D5F5BE20D1806E130ADF5619","2026-05-23T17:09:31"
"code/GEJ1__jsPsych_online_TMT/stimuli/cond1/stim_3_A.jpg","18863","363E6FB3AF098363422DB78FAAF2EB426C54F784E8C36EC3791A7B4AFDBFFDA9","2026-05-23T17:09:31"
"code/GEJ1__jsPsych_online_TMT/stimuli/cond1/stim_4_B.jpg","18362","8E3E4791C1799653F56ED74A0F252106370B26CEFB3ACC5611E1C6EC1488654E","2026-05-23T17:09:31"
"code/GEJ1__jsPsych_online_TMT/stimuli/cond1/stim_5_A.jpg","18458","A3230209936BAAA07C027D6884BE1E8336BB70709083C0E1F7E5B7A61B1A75BB","2026-05-23T17:09:31"
"code/GEJ1__jsPsych_online_TMT/stimuli/cond1/stim_6_B.jpg","18491","6FA6817AB0D067E1AC07EDE1F6264F20514F5469E71922FFF2DEB4B09A8675AE","2026-05-23T17:09:31"
"code/GEJ1__jsPsych_online_TMT/stimuli/cond1/stim_7_A.jpg","18801","EB8B91D2EB5A6097F92B6B6B2F6E298CF551C5CE1D541CF1D979D7804BFF5B4C","2026-05-23T17:09:31"
"code/GEJ1__jsPsych_online_TMT/stimuli/cond1/stim_8_B.jpg","18504","8DC5019AA8721F5BC9ADF571248351EA2CC15F9755977337F24B01A69D58F61E","2026-05-23T17:09:31"
"code/GEJ1__jsPsych_online_TMT/stimuli/cond1/stim_9_A.jpg","18612","D9016162C76466EB66ECA0200F508063ADCBE04EF2FCC583ABA3EE5E2662ED4A","2026-05-23T17:09:31"
"code/GEJ1__jsPsych_online_TMT/stimuli/cond2/stim_10_A.jpg","18517","18B14FFC829EA40BF50B805B5C140D470B2C4537B1597C03F6F9114F4EE97489","2026-05-23T17:09:31"
"code/GEJ1__jsPsych_online_TMT/stimuli/cond2/stim_11_B.jpg","18289","CD5C11D3FDB21F2106D997E387E876B4F1144340FB34611E5A8FF79406D297ED","2026-05-23T17:09:31"
"code/GEJ1__jsPsych_online_TMT/stimuli/cond2/stim_12_A.jpg","18693","C86B7B31B25BD8A41F6E08AE162850A762B2A908EC3FBC00D4BD8720753A37BB","2026-05-23T17:09:31"
"code/GEJ1__jsPsych_online_TMT/stimuli/cond2/stim_13_B.jpg","18501","2A5A6F88DE72BA3E4F5DB553C98CA3BBAE3EF4912AE0457C4EAF024A65A2061B","2026-05-23T17:09:31"
"code/GEJ1__jsPsych_online_TMT/stimuli/cond2/stim_14_A.jpg","18583","87DE163150453105F64770AA47115513F9D567FD52E8BC676F5E5E40347A7F76","2026-05-23T17:09:31"
"code/GEJ1__jsPsych_online_TMT/stimuli/cond2/stim_15_B.jpg","18611","8276D1FADE9F6437A6DEE9407293BB4734025B4DAFADBB2BF2E5B4E38D6ED8BB","2026-05-23T17:09:31"
"code/GEJ1__jsPsych_online_TMT/stimuli/cond2/stim_16_A.jpg","18549","7C49FB68C23BA7CFAC6CB1DAE460611ECFFB7C4590B842DA41F85D2787C6BB0B","2026-05-23T17:09:31"
"code/GEJ1__jsPsych_online_TMT/stimuli/cond2/stim_17_B.jpg","18367","19CC39A9B31E74FF850D282977AE9B81C62C30BB5D8690F4C05CBD6C083D4C77","2026-05-23T17:09:31"
"code/GEJ1__jsPsych_online_TMT/stimuli/cond2/stim_18_A.jpg","18356","08A5260BDB23F4F7396335E743BBBEA56BF04D8AB20EE0189030E49BF7D8D747","2026-05-23T17:09:31"
"code/GEJ1__jsPsych_online_TMT/stimuli/cond2/stim_19_B.jpg","18413","6C275F30B7BE03AE103326123C7A9BED4D2C101F609E7814FD3935D97186404E","2026-05-23T17:09:31"
"code/GEJ1__jsPsych_online_TMT/stimuli/cond2/stim_1_B.jpg","18433","D5345E49070F4DB3B669919AE4875BEE72F60AE0CE1F8AFB79F9038F4B41306F","2026-05-23T17:09:31"
"code/GEJ1__jsPsych_online_TMT/stimuli/cond2/stim_20_A.jpg","18312","49B2DA11D1A33059E1DD50AD8A280E42A5D388E9A0766572370DE9A33FA1D715","2026-05-23T17:09:31"
"code/GEJ1__jsPsych_online_TMT/stimuli/cond2/stim_2_A.jpg","18482","D4716F905CB09820F4B0EC65C8C39A8D550970F9F35E04112896194C88D7D339","2026-05-23T17:09:31"
"code/GEJ1__jsPsych_online_TMT/stimuli/cond2/stim_3_B.jpg","18790","4E384072B7FF8A19359F8A1E7B75599D8AE565EC0207E813FA7B13FBC006A7D4","2026-05-23T17:09:31"
"code/GEJ1__jsPsych_online_TMT/stimuli/cond2/stim_4_A.jpg","18488","F374FCE3278A5A251C5D08AA3E6FAFE94FAE193452B2E9EBE48CCBB80934856C","2026-05-23T17:09:31"
"code/GEJ1__jsPsych_online_TMT/stimuli/cond2/stim_5_B.jpg","18399","91484BC1034E93B49916CC01029161EAEA16AFB1FB289109765DEE9FF6A112FE","2026-05-23T17:09:31"
"code/GEJ1__jsPsych_online_TMT/stimuli/cond2/stim_6_A.jpg","18580","7008DC7B8649A901C3864CB3D105521EBF727E689D67943A85C621AC8454BE3C","2026-05-23T17:09:31"
"code/GEJ1__jsPsych_online_TMT/stimuli/cond2/stim_7_B.jpg","18694","BF7904982629B0E13EB136413E85D10926FAFAEC41B66550FB4C25B4238CEA89","2026-05-23T17:09:31"
"code/GEJ1__jsPsych_online_TMT/stimuli/cond2/stim_8_A.jpg","18582","01272E8C74BA25A2E3F11D08265F0E3B61ED890A2E9846089730F9389B5BA6A2","2026-05-23T17:09:31"
"code/GEJ1__jsPsych_online_TMT/stimuli/cond2/stim_9_B.jpg","18525","18651FFCB54028A3A1A2985F9BF674780BF706908CC0C31E53D4A2ED1EA001DE","2026-05-23T17:09:31"
"code/GEJ1__jsPsych_online_TMT/testing_draw_and_mouse_tracking.html","17180","A59F641481586A6491217590B913E089994F83F08B6EC6B299EA5DA376392AA3","2026-05-23T17:09:31"
"code/GEJ1__jsPsych_online_TMT/tmt_a_gif.gif","207227","92F22F1C60F9FE9966FE74477B07E1C6CDAC479D4931F325D4224144A7D84761","2026-05-23T17:09:31"
"code/GEJ1__jsPsych_online_TMT/tmt_b_gif.gif","124332","8E5A45447E6B59C7E2F8C344B99CFB10D79A47E7EE89683C19B114C2B84E0EE5","2026-05-23T17:09:31"
"code/GEJ1__jsPsych_online_TMT/tmt_b_gif_2.gif","198010","9D4E7E64C23D6CC9AF329934F3D5AD6FD8051622AAA217720B43E1110B41E850","2026-05-23T17:09:31"
"code/GEJ1__jsPsych_online_TMT/utils.js","593","46E3617A20303C4461F60164C1E3418718C0D587284A0A11669825DF79D66CDD","2026-05-23T17:09:31"
"code/NeuroLIAA__tmt-analysis/.git/HEAD","21","28D25BF82AF4C0E2B72F50959B2BEB859E3E60B9630A5E8C603DAD4DDB2B6E80","2026-05-23T17:09:37"
"code/NeuroLIAA__tmt-analysis/.git/config","306","C80AAD6055F4223CE59FE0BDE3E5E9C4CC3037B32BF851F7BCA8FB3FFA5E9356","2026-05-23T17:09:37"
"code/NeuroLIAA__tmt-analysis/.git/description","73","85AB6C163D43A17EA9CF7788308BCA1466F1B0A8D1CC92E26E9BF63DA4062AEE","2026-05-23T17:09:36"
"code/NeuroLIAA__tmt-analysis/.git/hooks/applypatch-msg.sample","478","0223497A0B8B033AA58A3A521B8629869386CF7AB0E2F101963D328AA62193F7","2026-05-23T17:09:36"
"code/NeuroLIAA__tmt-analysis/.git/hooks/commit-msg.sample","1972","EFC1401B0E99D1FF51494D154D98B46C1E99059BCD8BF9F73CECDE19FD3EB23B","2026-05-23T17:09:36"
"code/NeuroLIAA__tmt-analysis/.git/hooks/fsmonitor-watchman.sample","4611","9159720099AD5595B8E66645CBFD47763C1E920F46E0B50AE75E642BBEC57EF0","2026-05-23T17:09:36"
"code/NeuroLIAA__tmt-analysis/.git/hooks/post-update.sample","189","81765AF2DAEF323061DCBC5E61FC16481CB74B3BAC9AD8A174B186523586F6C5","2026-05-23T17:09:36"
"code/NeuroLIAA__tmt-analysis/.git/hooks/pre-applypatch.sample","424","E15C5B469EA3E0A695BEA6F2C82BCF8E62821074939DDD85B77E0007FF165475","2026-05-23T17:09:36"
"code/NeuroLIAA__tmt-analysis/.git/hooks/pre-commit.sample","1649","57185B7B9F05239D7AB52DB045F5B89EB31348D7B2177EAB214F5EB872E1971B","2026-05-23T17:09:36"
"code/NeuroLIAA__tmt-analysis/.git/hooks/pre-merge-commit.sample","416","D3825A70337940EBBD0A5C072984E13245920CDF8898BD225C8D27A6DFC9CB53","2026-05-23T17:09:36"
"code/NeuroLIAA__tmt-analysis/.git/hooks/pre-push.sample","1374","ECCE9C7E04D3F5DD9D8ADA81753DD1D549A9634B26770042B58DDA00217D086A","2026-05-23T17:09:36"
"code/NeuroLIAA__tmt-analysis/.git/hooks/pre-rebase.sample","4898","4FEBCE867790052338076F4E66CC47EFB14879D18097D1D61C8261859EAAA7B3","2026-05-23T17:09:36"
"code/NeuroLIAA__tmt-analysis/.git/hooks/pre-receive.sample","544","A4C3D2B9C7BB3FD8D1441C31BD4EE71A595D66B44FCF49DDB310252320169989","2026-05-23T17:09:36"
"code/NeuroLIAA__tmt-analysis/.git/hooks/prepare-commit-msg.sample","1492","E9DDCAA4189FDDD25ED97FC8C789ECA7B6CA16390B2392AE3276F0C8E1AA4619","2026-05-23T17:09:36"
"code/NeuroLIAA__tmt-analysis/.git/hooks/push-to-checkout.sample","2783","A53D0741798B287C6DD7AFA64AEE473F305E65D3F49463BB9D7408EC3B12BF5F","2026-05-23T17:09:36"
"code/NeuroLIAA__tmt-analysis/.git/hooks/sendemail-validate.sample","2308","44EBFC923DC5466BC009602F0ECF067B9C65459ABFE8868DDC49B78E6CED7A92","2026-05-23T17:09:36"
"code/NeuroLIAA__tmt-analysis/.git/hooks/update.sample","3650","8D5F2FA83E103CF08B57EAA67521DF9194F45CBDBCB37DA52AD586097A14D106","2026-05-23T17:09:36"
"code/NeuroLIAA__tmt-analysis/.git/index","10451","5613290543A46C2460C415B659CF38E309728B7825E6DE4BF2A19C986C8D1FF0","2026-05-23T17:09:37"
"code/NeuroLIAA__tmt-analysis/.git/info/exclude","240","6671FE83B7A07C8932EE89164D1F2793B2318058EB8B98DC5C06EE0A5A3B0EC1","2026-05-23T17:09:36"
"code/NeuroLIAA__tmt-analysis/.git/logs/HEAD","196","1817FFB2F128A0FE3FE29D158E381A3D318252A6B40613495A7CDF20E09791A3","2026-05-23T17:09:37"
"code/NeuroLIAA__tmt-analysis/.git/logs/refs/heads/main","196","1817FFB2F128A0FE3FE29D158E381A3D318252A6B40613495A7CDF20E09791A3","2026-05-23T17:09:37"
"code/NeuroLIAA__tmt-analysis/.git/logs/refs/remotes/origin/HEAD","196","1817FFB2F128A0FE3FE29D158E381A3D318252A6B40613495A7CDF20E09791A3","2026-05-23T17:09:37"
"code/NeuroLIAA__tmt-analysis/.git/objects/pack/pack-81cbc36c5bfb6121c1b0dcbaea215e101e1ec43d.idx","4124","9317F0A639B9498FA39BB188ED1912B3A1A75A97E92E9C768B2E8B07677016FE","2026-05-23T17:09:37"
"code/NeuroLIAA__tmt-analysis/.git/objects/pack/pack-81cbc36c5bfb6121c1b0dcbaea215e101e1ec43d.pack","6365202","84594AC876A8DD48049C81554E3E8C904FD770FC388580C6F722DEBE2FE3E5C4","2026-05-23T17:09:37"
"code/NeuroLIAA__tmt-analysis/.git/objects/pack/pack-81cbc36c5bfb6121c1b0dcbaea215e101e1ec43d.rev","488","D52AAAF0A78ED2FC6B1B8465E32F411D74711765A4CEDE73AF6A4DFAD585A19A","2026-05-23T17:09:37"
"code/NeuroLIAA__tmt-analysis/.git/packed-refs","112","D7B246484BDFF8211BBD1D220334BE443A94D4A4185D7359AF7FF9E1D0A7368E","2026-05-23T17:09:37"
"code/NeuroLIAA__tmt-analysis/.git/refs/heads/main","41","8B3685438FE409730DFA8EE654698EAEA2CD0FA601EB578B571A8D5F0C34E39A","2026-05-23T17:09:37"
"code/NeuroLIAA__tmt-analysis/.git/refs/remotes/origin/HEAD","30","2BB6A24AA0FC6C484100F5D51A29BBAD841CD2C755F5D93FAA204E5DBB4EB2B4","2026-05-23T17:09:37"
"code/NeuroLIAA__tmt-analysis/.git/shallow","41","8B3685438FE409730DFA8EE654698EAEA2CD0FA601EB578B571A8D5F0C34E39A","2026-05-23T17:09:37"
"code/NeuroLIAA__tmt-analysis/.gitignore","3900","FDE1F4C6F4C04BC8E8AB457539BE326D179B8745F55C0EAEDB7D36E8BE8CC63D","2026-05-23T17:09:37"
"code/NeuroLIAA__tmt-analysis/LICENSE","1093","05E6F30802F7B15EE1B26B93B2BEB0362572B2CC41743D708012A3273D5B680F","2026-05-23T17:09:37"
"code/NeuroLIAA__tmt-analysis/README.md","4956","622C3E338460DFDC8F498749001939CBE1011BE77CED3EFB5269D394374D6CCA","2026-05-23T17:09:37"
"code/NeuroLIAA__tmt-analysis/data/hand_analysis/2025-05-29_19-37-27/configuration.json","1873","67D2B3C8598435B8F8125B3D1630D464E309CB06D3B2ABB89ECDEDD6912D0254","2026-05-23T17:09:37"
"code/NeuroLIAA__tmt-analysis/data/hand_analysis/2025-05-29_19-40-19/configuration.json","1873","AD4A608849820939004728629A25DD6718260A62A2DEFAFAE78349EBD3003779","2026-05-23T17:09:37"
"code/NeuroLIAA__tmt-analysis/data/hand_analysis/2025-05-30_14-34-37/configuration.json","1866","311EC1FBA5C41CE8AAB80F752DD887244CDF0D46B4E51347E90B9B312B51A7E4","2026-05-23T17:09:37"
"code/NeuroLIAA__tmt-analysis/data/hand_analysis/2025-05-30_14-43-57/configuration.json","1866","9A0ACA210E719BBA472BA23297AAC7A5F0C727398EFFCA74C97E9DFFAA003C73","2026-05-23T17:09:37"
"code/NeuroLIAA__tmt-analysis/data/hand_analysis/2025-05-30_14-56-10/configuration.json","1866","3A7055286F7D907FE9B8E7469E7092CCF8D2216C53B222CC9E3F5FF840C70DB4","2026-05-23T17:09:37"
"code/NeuroLIAA__tmt-analysis/data/hand_analysis/2025-05-30_15-05-17/configuration.json","1866","F268C26272043633623A7BE8B3105C4391E241B828FE4AA10D9B82676C3F9466","2026-05-23T17:09:37"
"code/NeuroLIAA__tmt-analysis/data/hand_analysis/2025-05-30_15-07-35/configuration.json","1866","903777C21F3028D8EFCF67D90C312D1E7930D9DAE23125C8502B8A80BC1A739A","2026-05-23T17:09:37"
"code/NeuroLIAA__tmt-analysis/data/hand_analysis/2025-05-30_15-09-11/configuration.json","1866","6A313E91FFA8F83FFCA501EF435A8A9F6DF35E847440D40F2E30BE1C00E43ADC","2026-05-23T17:09:37"
"code/NeuroLIAA__tmt-analysis/data/hand_analysis/2025-05-30_15-17-39/configuration.json","1866","6DDCDD5E1C2F868C99EFCD1C1BEC8C6A51574E908E97C831C1EA4C2AA52C9C1F","2026-05-23T17:09:37"
"code/NeuroLIAA__tmt-analysis/data/hand_analysis/2025-05-30_15-21-17/configuration.json","1866","595ED4E63807D60B722E73F09DDFBF518C64F83B1B73378DB75B1C466C200FAE","2026-05-23T17:09:37"
"code/NeuroLIAA__tmt-analysis/data/hand_analysis/2025-05-30_15-23-55/configuration.json","1866","CA526F12970A2814FEAF178736554694BAFE73B7C745B5F4A70AC0C0B5A235E1","2026-05-23T17:09:37"
"code/NeuroLIAA__tmt-analysis/data/hand_analysis/2025-05-30_18-26-37/configuration.json","1866","D57A63D8BDA614C5896C52A10C71AEB2C7DA8844EDBAA0D3A2CD44B0F52EF695","2026-05-23T17:09:37"
"code/NeuroLIAA__tmt-analysis/data/hand_analysis/2025-05-30_18-43-43/configuration.json","1858","23590931906C8D4711D14E70501C4BA42BE5C5E4D3C0287DC43B2663C9AA9839","2026-05-23T17:09:37"
"code/NeuroLIAA__tmt-analysis/data/hand_analysis/2025-05-30_18-45-33/configuration.json","1858","D8E19D41F9283E8229167303573CB524D699129BD982ED5C6353657C885F3B49","2026-05-23T17:09:37"
"code/NeuroLIAA__tmt-analysis/data/hand_analysis/2025-05-30_18-47-03/configuration.json","1858","0561A6083C0ABC1EE182EF06CB1B4627F3352ABC6F1B4C535C644F831711A39D","2026-05-23T17:09:37"
"code/NeuroLIAA__tmt-analysis/notebooks/examples/analysis_example.ipynb","3153","7AB56B28306D21BDAFED56844B29E7D876F356CB2F98692BB3D49093147AA575","2026-05-23T17:09:37"
"code/NeuroLIAA__tmt-analysis/notebooks/examples/metadata_exploration.ipynb","223652","C78BDD5FAE3B1DA8322B4D518F492224723F893563D0406DFEE7A52BF44B9B84","2026-05-23T17:09:37"
"code/NeuroLIAA__tmt-analysis/notebooks/examples/process_metadata.ipynb","21810","EB2B89FBCD84C3D006DD3EE2727CBEAC1163AB6FDFCC147C8B3683C434F2D804","2026-05-23T17:09:37"
"code/NeuroLIAA__tmt-analysis/notebooks/examples/segment_metrics_example.ipynb","171850","E36113984830FDE92796880455327E470A55F904816143609F8D5AB416B2451F","2026-05-23T17:09:37"
"code/NeuroLIAA__tmt-analysis/notebooks/playground/check_subject.ipynb","3144816","79D93743E75A1D7659135BB2614C4D85047CC783ACD4403430604284C90D9266","2026-05-23T17:09:37"
"code/NeuroLIAA__tmt-analysis/notebooks/playground/check_trial_ids.ipynb","1128528","49207FB67AE000651946F79C81000AD0C07C520D5B902721067DC1C64810F3EF","2026-05-23T17:09:37"
"code/NeuroLIAA__tmt-analysis/notebooks/playground/correlations.ipynb","395874","01019EA3C041D61C0E692B2341E84F476970CBCF4EA54BDCCBB274BC9D72C13D","2026-05-23T17:09:37"
"code/NeuroLIAA__tmt-analysis/notebooks/playground/eda.ipynb","1609891","51A2084E6B791EEDDF8928C18679A568179E6B8DA0E369B2FAFBF1FD912381DE","2026-05-23T17:09:37"
"code/NeuroLIAA__tmt-analysis/notebooks/playground/preliminar_analysis.ipynb","631689","C36C7C030F95DBAC0118CD0FD83B684BE86BB46FF192D295C44679514A944F7B","2026-05-23T17:09:37"
"code/NeuroLIAA__tmt-analysis/notebooks/regression_analysis/analyze_regression_results.ipynb","160137","A6B826EF10745941B529C44826B1EB5A03A109714942A8D7E1420A3F2A8450D4","2026-05-23T17:09:37"
"code/NeuroLIAA__tmt-analysis/notebooks/visualization/trial_visualization.ipynb","2937359","64FE809300F79E4009E9D3C11B4C37BE36D6F65BBA23F5C72A6DAE2455A4FEE6","2026-05-23T17:09:37"
"code/NeuroLIAA__tmt-analysis/requirements.txt","180","13CC39A2F6CB6D258A9E5CAA24FC381555F173AED587F696BBEBD8F989AD6AF6","2026-05-23T17:09:37"
"code/NeuroLIAA__tmt-analysis/src/__init__.py","0","E3B0C44298FC1C149AFBF4C8996FB92427AE41E4649B934CA495991B7852B855","2026-05-23T17:09:37"
"code/NeuroLIAA__tmt-analysis/src/config.py","21910","8FA34DD77E6933ADACB113C0B79714CAAF0F8548A7404AD28761451361E7CE3A","2026-05-23T17:09:37"
"code/NeuroLIAA__tmt-analysis/src/data_processing/__init__.py","0","E3B0C44298FC1C149AFBF4C8996FB92427AE41E4649B934CA495991B7852B855","2026-05-23T17:09:37"
"code/NeuroLIAA__tmt-analysis/src/data_processing/filter_data_with_last_date.py","4155","23A3ABDC69EE24A7E240CC78283318E55F582A5705994E2F2E60C85DE99CDE7E","2026-05-23T17:09:37"
"code/NeuroLIAA__tmt-analysis/src/data_processing/mock_subjects.py","1056","2A22C1999E5C55D067FDEF7D105CC47BD805FF210E06365474ED5B6754FB0B92","2026-05-23T17:09:37"
"code/NeuroLIAA__tmt-analysis/src/data_processing/process.py","650","C989DA8826B161538F9296767D1B43CFCDED8F513C493427FCEE40ECF6230EBE","2026-05-23T17:09:37"
"code/NeuroLIAA__tmt-analysis/src/data_processing/remove_placeholders.py","2311","736D66F38C05587F9E60055EC1A3211A4C195502D804F15E24D9B5CFEF895266","2026-05-23T17:09:37"
"code/NeuroLIAA__tmt-analysis/src/eye_analysis/__init__.py","0","E3B0C44298FC1C149AFBF4C8996FB92427AE41E4649B934CA495991B7852B855","2026-05-23T17:09:37"
"code/NeuroLIAA__tmt-analysis/src/eye_analysis/eye_movement_dataset.csv","14430","A4560B18EEFE8CA11C1064FD169D6DDFA8DEBCB372446043F53C0ADC8EA8EDC5","2026-05-23T17:09:37"
"code/NeuroLIAA__tmt-analysis/src/eye_analysis/eye_movement_dataset_2025-06-02-16-06-1748891105.csv","14007","09AAAA2F3F3903EB8434B3B1E59BEC2A7D26C9F39090BA77E58E4342F3A192E3","2026-05-23T17:09:37"
"code/NeuroLIAA__tmt-analysis/src/eye_analysis/eye_movement_dataset_2025-06-02-16-06-1748891616.csv","12425","8D286FB70FC6645F09F8FFCD47240A29CE03F31CA10BD83E900146C0AB4BB09D","2026-05-23T17:09:37"
"code/NeuroLIAA__tmt-analysis/src/eye_analysis/eye_movement_dataset_2025-06-02-16-06-1748891726.csv","12791","AB099DB5C46928C90A187F963AB58A3A31847E9FD35EE740B76080722B555AC8","2026-05-23T17:09:37"
"code/NeuroLIAA__tmt-analysis/src/eye_analysis/eye_movements_metrics.csv","23394","810CA61455D82D8B01CF484AB83BA9B23142BBDB367FAA8518CDDD63DBCEED85","2026-05-23T17:09:37"
"code/NeuroLIAA__tmt-analysis/src/eye_analysis/eye_validation.py","4092","3CB1D331E07C6C3F9E52244FAC6272D8807E470EEDB908CF35A414AE1587AA47","2026-05-23T17:09:37"
"code/NeuroLIAA__tmt-analysis/src/eye_analysis/old/eye_movements_metrics.csv","21620","4849229FDB520E49A8265B0299E18C82E9D7CAFD497448B0786DB26EC1656861","2026-05-23T17:09:37"
"code/NeuroLIAA__tmt-analysis/src/hand_analysis/__init__.py","0","E3B0C44298FC1C149AFBF4C8996FB92427AE41E4649B934CA495991B7852B855","2026-05-23T17:09:37"
"code/NeuroLIAA__tmt-analysis/src/hand_analysis/analysis/__init__.py","0","E3B0C44298FC1C149AFBF4C8996FB92427AE41E4649B934CA495991B7852B855","2026-05-23T17:09:37"
"code/NeuroLIAA__tmt-analysis/src/hand_analysis/analysis/loss_subject_matrix_by_criteria.py","2499","8419BB50C159935A9DFAC8D821617F1118582158374E0B92D621C3ECCD2CE66C","2026-05-23T17:09:37"
"code/NeuroLIAA__tmt-analysis/src/hand_analysis/analysis/metris_analysis.py","1812","8E536C7D9A03903365880D4EFE5B193AEA33A3960749F897D4590A68295446C3","2026-05-23T17:09:37"
"code/NeuroLIAA__tmt-analysis/src/hand_analysis/analysis/trial_comparison.py","1814","6EC88C2684A1D23341C8C6CCB1F57FE4AB85B2925BFD1452FF05BD10E2EC829E","2026-05-23T17:09:37"
"code/NeuroLIAA__tmt-analysis/src/hand_analysis/dataset_split/__init__.py","0","E3B0C44298FC1C149AFBF4C8996FB92427AE41E4649B934CA495991B7852B855","2026-05-23T17:09:37"
"code/NeuroLIAA__tmt-analysis/src/hand_analysis/dataset_split/eval_train_split.py","1349","70E6EADEADAEC77791A40DEB273CF8D717E52D5AD31BA168DDA06BE69D13E432","2026-05-23T17:09:37"
"code/NeuroLIAA__tmt-analysis/src/hand_analysis/filter/__init__.py","0","E3B0C44298FC1C149AFBF4C8996FB92427AE41E4649B934CA495991B7852B855","2026-05-23T17:09:37"
"code/NeuroLIAA__tmt-analysis/src/hand_analysis/filter/filter_invalid_subjects.py","702","EC24F2BE247E2DEB615BCDA1EC4E3B04F12A3FC5D79366B8619F0B7BFCD1B7DE","2026-05-23T17:09:37"
"code/NeuroLIAA__tmt-analysis/src/hand_analysis/loader/__init__.py","0","E3B0C44298FC1C149AFBF4C8996FB92427AE41E4649B934CA495991B7852B855","2026-05-23T17:09:37"
"code/NeuroLIAA__tmt-analysis/src/hand_analysis/loader/analysis_loader.py","7002","672B5689CDF7BAEFB32FDA4C6EEB1973FA33A6B64E5A5C75EA566C218B2E8A81","2026-05-23T17:09:37"
"code/NeuroLIAA__tmt-analysis/src/hand_analysis/loader/load_last_split.py","3041","F97BB251D742C0B251E923F92EC34E9B25822B89A98CBB6ECF97ACCFBB0BA4F2","2026-05-23T17:09:37"
"code/NeuroLIAA__tmt-analysis/src/hand_analysis/mapper/__init__.py","0","E3B0C44298FC1C149AFBF4C8996FB92427AE41E4649B934CA495991B7852B855","2026-05-23T17:09:37"
"code/NeuroLIAA__tmt-analysis/src/hand_analysis/mapper/psychopy_mapper.py","8961","627ACE52F4528D2E00E5E74BE4DE590A712D5A465DBAD5D28204F0954E76B811","2026-05-23T17:09:37"
"code/NeuroLIAA__tmt-analysis/src/hand_analysis/runner/__init__.py","0","E3B0C44298FC1C149AFBF4C8996FB92427AE41E4649B934CA495991B7852B855","2026-05-23T17:09:37"
"code/NeuroLIAA__tmt-analysis/src/hand_analysis/runner/run_hand_analysis.py","1785","BBFA8AFD6A068CBE7B2DFB62B3151DB316DC4DBB1FFC4235A37D0425C2D34773","2026-05-23T17:09:37"
"code/NeuroLIAA__tmt-analysis/src/main.py","1317","D154669B26386E683F8BFCA915AAF1E7A3FDDA0C181750AF870C0A955B30A3EC","2026-05-23T17:09:37"
"code/NeuroLIAA__tmt-analysis/src/metadata/__init__.py","0","E3B0C44298FC1C149AFBF4C8996FB92427AE41E4649B934CA495991B7852B855","2026-05-23T17:09:37"
"code/NeuroLIAA__tmt-analysis/src/metadata/add_metadata.py","594","4CFC3B1ECC6A46DB3B75D6C634842DFD3480B819271E022FDEEC9522223ABB58","2026-05-23T17:09:37"
"code/NeuroLIAA__tmt-analysis/src/metadata/metadata_process.py","2810","90AEE43BCFFD38345AAF71E46CC2324491F9FC4CF21EFF5E2C1CBD1E98855378","2026-05-23T17:09:37"
"code/NeuroLIAA__tmt-analysis/src/model/__init__.py","0","E3B0C44298FC1C149AFBF4C8996FB92427AE41E4649B934CA495991B7852B855","2026-05-23T17:09:37"
"code/NeuroLIAA__tmt-analysis/src/model/classification/__init__.py","0","E3B0C44298FC1C149AFBF4C8996FB92427AE41E4649B934CA495991B7852B855","2026-05-23T17:09:37"
"code/NeuroLIAA__tmt-analysis/src/model/classification/roc_curves.py","7119","D88DB111296FF9AD19CD4C252BE71B42FC4790B508804F9D7E2D5E7CAFA55003","2026-05-23T17:09:37"
"code/NeuroLIAA__tmt-analysis/src/model/datasetbuilder/__init__.py","0","E3B0C44298FC1C149AFBF4C8996FB92427AE41E4649B934CA495991B7852B855","2026-05-23T17:09:37"
"code/NeuroLIAA__tmt-analysis/src/model/datasetbuilder/build_datasets.py","6599","2CA1092D0792E0AB0D294C2C722AF82FAAE5209175E969E6F9BC837E4979C1D2","2026-05-23T17:09:37"
"code/NeuroLIAA__tmt-analysis/src/model/datasetbuilder/compare.py","1384","5F7B7856050858D35BDBED38F32FFBCE1C5E61F2B976260E4FCF68A565490CD7","2026-05-23T17:09:37"
"code/NeuroLIAA__tmt-analysis/src/model/permutation_tests.py","4975","FD72F59D68980173D86BFE6675AD3BA523374810B79E706EAC650C265C7C419F","2026-05-23T17:09:37"
"code/NeuroLIAA__tmt-analysis/src/model/process_data/__init__.py","0","E3B0C44298FC1C149AFBF4C8996FB92427AE41E4649B934CA495991B7852B855","2026-05-23T17:09:37"
"code/NeuroLIAA__tmt-analysis/src/model/process_data/process_data.py","213","DA7FBCEDEFD429EA34B6D4A3AF5613A9103E0C2B9E05ED709F4C733A47BBC834","2026-05-23T17:09:37"
"code/NeuroLIAA__tmt-analysis/src/model/reg.py","2258","B2B442A0786999BDFC1318E343BC561A64D6508F61911BD5446608DD07E4390E","2026-05-23T17:09:37"
"code/NeuroLIAA__tmt-analysis/src/model/run_models.py","17634","E284AD2C45546401623A22434B54E8EF5D1918A49158DD8EAF9978431875D602","2026-05-23T17:09:37"
"code/NeuroLIAA__tmt-analysis/src/model/shap/__init__.py","0","E3B0C44298FC1C149AFBF4C8996FB92427AE41E4649B934CA495991B7852B855","2026-05-23T17:09:37"
"code/NeuroLIAA__tmt-analysis/src/model/shap/analyze_shap_results.py","16266","207DD5BF7F19C4873B23ECC7072D04E30F2B10E9D52CCE43A6E3C7C6167C01E4","2026-05-23T17:09:37"
"code/NeuroLIAA__tmt-analysis/src/model/shap/run_shap.py","7141","3706AC3CF77391242D9ED672903AA24EB3F0CB678A2B26EE127AB4EA42C2065E","2026-05-23T17:09:37"
"code/NeuroLIAA__tmt-analysis/src/visualization/__init__.py","0","E3B0C44298FC1C149AFBF4C8996FB92427AE41E4649B934CA495991B7852B855","2026-05-23T17:09:37"
"code/NeuroLIAA__tmt-analysis/src/visualization/segmentation_plotting.py","993","C6AC41979BA53C82E45176166E9F1AECC6F57D3801C97CA316155E1E70C5341D","2026-05-23T17:09:37"
"code/NeuroLIAA__tmt-analysis/src/visualization/trial_plotting.py","4277","0D9BA145957381EC8003D1F807345D832475645D0D1C0472DE0B8ED2D24BB029","2026-05-23T17:09:37"
"code/NeuroLIAA__tmt-analysis/src/visualization/trial_plotting_labels.py","2709","09C8ECE3AD75C293F15E45365DDED8D0E63606A6181859E86C4C4F769E9367A5","2026-05-23T17:09:37"
"code/bc-bytes__cognitive-tests/.git/HEAD","23","F6F2B945F6C411B02BA3DA9C7ACE88DCF71B6AF65BA2E0D89AA82900042B5A10","2026-05-23T17:09:39"
"code/bc-bytes__cognitive-tests/.git/config","316","3E6A33AA9E3A88EDB72C32174498CB4253E271EC9708636B5A08B9D033292F40","2026-05-23T17:09:39"
"code/bc-bytes__cognitive-tests/.git/description","73","85AB6C163D43A17EA9CF7788308BCA1466F1B0A8D1CC92E26E9BF63DA4062AEE","2026-05-23T17:09:38"
"code/bc-bytes__cognitive-tests/.git/hooks/applypatch-msg.sample","478","0223497A0B8B033AA58A3A521B8629869386CF7AB0E2F101963D328AA62193F7","2026-05-23T17:09:38"
"code/bc-bytes__cognitive-tests/.git/hooks/commit-msg.sample","1972","EFC1401B0E99D1FF51494D154D98B46C1E99059BCD8BF9F73CECDE19FD3EB23B","2026-05-23T17:09:38"
"code/bc-bytes__cognitive-tests/.git/hooks/fsmonitor-watchman.sample","4611","9159720099AD5595B8E66645CBFD47763C1E920F46E0B50AE75E642BBEC57EF0","2026-05-23T17:09:38"
"code/bc-bytes__cognitive-tests/.git/hooks/post-update.sample","189","81765AF2DAEF323061DCBC5E61FC16481CB74B3BAC9AD8A174B186523586F6C5","2026-05-23T17:09:38"
"code/bc-bytes__cognitive-tests/.git/hooks/pre-applypatch.sample","424","E15C5B469EA3E0A695BEA6F2C82BCF8E62821074939DDD85B77E0007FF165475","2026-05-23T17:09:38"
"code/bc-bytes__cognitive-tests/.git/hooks/pre-commit.sample","1649","57185B7B9F05239D7AB52DB045F5B89EB31348D7B2177EAB214F5EB872E1971B","2026-05-23T17:09:38"
"code/bc-bytes__cognitive-tests/.git/hooks/pre-merge-commit.sample","416","D3825A70337940EBBD0A5C072984E13245920CDF8898BD225C8D27A6DFC9CB53","2026-05-23T17:09:38"
"code/bc-bytes__cognitive-tests/.git/hooks/pre-push.sample","1374","ECCE9C7E04D3F5DD9D8ADA81753DD1D549A9634B26770042B58DDA00217D086A","2026-05-23T17:09:38"
"code/bc-bytes__cognitive-tests/.git/hooks/pre-rebase.sample","4898","4FEBCE867790052338076F4E66CC47EFB14879D18097D1D61C8261859EAAA7B3","2026-05-23T17:09:38"
"code/bc-bytes__cognitive-tests/.git/hooks/pre-receive.sample","544","A4C3D2B9C7BB3FD8D1441C31BD4EE71A595D66B44FCF49DDB310252320169989","2026-05-23T17:09:38"
"code/bc-bytes__cognitive-tests/.git/hooks/prepare-commit-msg.sample","1492","E9DDCAA4189FDDD25ED97FC8C789ECA7B6CA16390B2392AE3276F0C8E1AA4619","2026-05-23T17:09:38"
"code/bc-bytes__cognitive-tests/.git/hooks/push-to-checkout.sample","2783","A53D0741798B287C6DD7AFA64AEE473F305E65D3F49463BB9D7408EC3B12BF5F","2026-05-23T17:09:38"
"code/bc-bytes__cognitive-tests/.git/hooks/sendemail-validate.sample","2308","44EBFC923DC5466BC009602F0ECF067B9C65459ABFE8868DDC49B78E6CED7A92","2026-05-23T17:09:38"
"code/bc-bytes__cognitive-tests/.git/hooks/update.sample","3650","8D5F2FA83E103CF08B57EAA67521DF9194F45CBDBCB37DA52AD586097A14D106","2026-05-23T17:09:38"
"code/bc-bytes__cognitive-tests/.git/index","10586","F8E94DBF956BEFB417D99A22C924BD9801E2D776B527BA58B8FAC1A017D4696E","2026-05-23T17:09:39"
"code/bc-bytes__cognitive-tests/.git/info/exclude","240","6671FE83B7A07C8932EE89164D1F2793B2318058EB8B98DC5C06EE0A5A3B0EC1","2026-05-23T17:09:38"
"code/bc-bytes__cognitive-tests/.git/logs/HEAD","198","0D4445D825894692EEA555BDE1E92AE4C0362CDFD8425465D6FAD449B017EBBF","2026-05-23T17:09:39"
"code/bc-bytes__cognitive-tests/.git/logs/refs/heads/master","198","0D4445D825894692EEA555BDE1E92AE4C0362CDFD8425465D6FAD449B017EBBF","2026-05-23T17:09:39"
"code/bc-bytes__cognitive-tests/.git/logs/refs/remotes/origin/HEAD","198","0D4445D825894692EEA555BDE1E92AE4C0362CDFD8425465D6FAD449B017EBBF","2026-05-23T17:09:39"
"code/bc-bytes__cognitive-tests/.git/objects/pack/pack-2ab1a145286ad4d760ea9725b25e1546f9476d5e.idx","4404","2DB34F212F838E2AE9409ABD54086BE9B71B530B3F11A169A423161593C649F6","2026-05-23T17:09:39"
"code/bc-bytes__cognitive-tests/.git/objects/pack/pack-2ab1a145286ad4d760ea9725b25e1546f9476d5e.pack","1184912","5661D37C24224670240ECBCC9D5339AF47792988DBD8D234EEFE61D3E707103C","2026-05-23T17:09:39"
"code/bc-bytes__cognitive-tests/.git/objects/pack/pack-2ab1a145286ad4d760ea9725b25e1546f9476d5e.rev","528","33A560E914BA13E91BC24A2472ABFC7D84BF1DB7A2B581A8F7716E2F42B4FDCF","2026-05-23T17:09:39"
"code/bc-bytes__cognitive-tests/.git/packed-refs","114","4DAEB488C6642F016F24F627EF80A6176E161A8ED0BD15DEEA813FA3FE4092AE","2026-05-23T17:09:39"
"code/bc-bytes__cognitive-tests/.git/refs/heads/master","41","23FF6AE16ADB4C9FFD274B6D1ECAE92761F9ACD8ECCDFC0B0E776FD83ADD68B4","2026-05-23T17:09:39"
"code/bc-bytes__cognitive-tests/.git/refs/remotes/origin/HEAD","32","CDC65E67690C4C6475174E5EC662B70655246A2F3924354778835AB3BE70AA76","2026-05-23T17:09:39"
"code/bc-bytes__cognitive-tests/.git/shallow","41","23FF6AE16ADB4C9FFD274B6D1ECAE92761F9ACD8ECCDFC0B0E776FD83ADD68B4","2026-05-23T17:09:39"
"code/bc-bytes__cognitive-tests/CRTDetail.java","302","EC832BBB626108B4002AA3D73FA69F5EE591CE1B40450F35E5207A6F50D12DD7","2026-05-23T17:09:39"
"code/bc-bytes__cognitive-tests/DISCLAIMER","1099","50A58E7BB3DA2FB172CB54615212DD8CF12769091C323A67577EBCE1A65D50D0","2026-05-23T17:09:39"
"code/bc-bytes__cognitive-tests/Globals.java","4181","B31FA9D2C750608B5148362C21F3C861D8FB77EF237898297DB7D6FC18941184","2026-05-23T17:09:39"
"code/bc-bytes__cognitive-tests/LICENSE","35823","230184F60BAE2FEAF244F10A8BAC053C8FF33A183BCC365B4D8B876D2B7F4809","2026-05-23T17:09:39"
"code/bc-bytes__cognitive-tests/Main.java","6692","640EC75521B56EAE7916959A01E49511EED2A140D627953B0EFCAADEB566A8E0","2026-05-23T17:09:39"
"code/bc-bytes__cognitive-tests/Menu.java","4343","03D3B26641DDD9776986D1FCCD8FB41E4BF6D56A3C2BE4B0FCA9FB9EEA6B4975","2026-05-23T17:09:39"
"code/bc-bytes__cognitive-tests/Options.java","13251","9ACC87AAFCE73F600432190D5947A99EFB9462003EE1D91ED77E0D34BA5CA34B","2026-05-23T17:09:39"
"code/bc-bytes__cognitive-tests/PALBox.java","966","D4639B40B3CE4F1B97B861463E875BC52C3B659731BAB73D293A4BA7757520BA","2026-05-23T17:09:39"
"code/bc-bytes__cognitive-tests/PALDetail.java","202","B57D0398B166341245F0A14B89D7B169ABDA5E97867C45A3E1EF29E21C8068FC","2026-05-23T17:09:39"
"code/bc-bytes__cognitive-tests/PALStage.java","568","5848FB6E9B2C6D66EBBBA5A76D67B80C52E854E45ECB905730A8E8744EA8ACC8","2026-05-23T17:09:39"
"code/bc-bytes__cognitive-tests/README.md","1917","B35A5EBF4B78092A21D156D026A686A054B9C09E209BE715C66FD5AFB9E2ADD2","2026-05-23T17:09:39"
"code/bc-bytes__cognitive-tests/SRTDetail.java","154","7B7DE0591ED1F43929080A1CC35B203EAB59642768D1CED05CFED9685E46B182","2026-05-23T17:09:39"
"code/bc-bytes__cognitive-tests/ScreenshotFactory.java","2248","DD6A398840D0479726E76E64E7CE72CCB6A65540118DDBDFE00487E02396281F","2026-05-23T17:09:39"
"code/bc-bytes__cognitive-tests/Test1.java","61464","0084984CABDF7B69771EB02E57A6C5409C34D4D76999399AE41AD5C376B0FF51","2026-05-23T17:09:39"
"code/bc-bytes__cognitive-tests/Test2.java","47834","09EE60842E729E03F9B20E36AEA2C6E8B5961C25CFC6DD493152020AA74C5831","2026-05-23T17:09:39"
"code/bc-bytes__cognitive-tests/Test3.java","40851","AB5FC3FD6300762CDE8634F4E171E4EBC19E2E21F56C72DF7DAFD467928E1340","2026-05-23T17:09:39"
"code/bc-bytes__cognitive-tests/Tween.java","684","801F77E688B5D1D496F0791659F0A96C4F76550D6966B63407F1E5C31ADE556D","2026-05-23T17:09:39"
"code/bc-bytes__cognitive-tests/assets/README.md","145","0E973559696AF1AAA5F602E29A2ECC141988B0238ECA59552F9C33CC4FBB57CA","2026-05-23T17:09:39"
"code/bc-bytes__cognitive-tests/assets/fonts/WascoSans.ttf","24328","403BC5174464B9328548461A7518CAC1E86415E1A8FD8099AC49B7E6F7CC8470","2026-05-23T17:09:39"
"code/bc-bytes__cognitive-tests/assets/fonts/WascoSansBold.ttf","25640","D592F2DDD528AF72430BD77050A5CF25D25DE776EE4C88B7415D34F31F2B6526","2026-05-23T17:09:39"
"code/bc-bytes__cognitive-tests/assets/fonts/WascoSansBoldItalic.ttf","28816","B2788066AA84406B99CD70A8A75CB249DF1B3535F5A4C00BE44915CA16C60EA9","2026-05-23T17:09:39"
"code/bc-bytes__cognitive-tests/assets/fonts/WascoSansItalic.ttf","28444","EE23190A9CF973D654F11A12857916AA699736AED76C0C0A7820E06FD3CF07D6","2026-05-23T17:09:39"
"code/bc-bytes__cognitive-tests/assets/sprite_pack.atlas","5574","8D41FE7ED0E448B4FA7F02A6C26F09C57B41B941D3E9B0FC78AEE28D002A0803","2026-05-23T17:09:39"
"code/bc-bytes__cognitive-tests/assets/sprite_pack.png","90988","2829FC350BE00EDADB8EFD53DF1DE39FB951CD8BE3F666B7E30E9BD66CB7E5D6","2026-05-23T17:09:39"
"code/bc-bytes__cognitive-tests/assets/sprite_pack2.png","67132","99BC8C66CD09FD99189A2CDF894AB69D27E39BE848AA0687CD566E404D34EAD7","2026-05-23T17:09:39"
"code/bc-bytes__cognitive-tests/assets/sprites/Circle1.png","5979","03BBD9EB6D180127E18AEED01F75CAC6C79557F20076681B531258606B1BB7A2","2026-05-23T17:09:39"
"code/bc-bytes__cognitive-tests/assets/sprites/Circle10.png","8066","81AA2589E3CC2FB05181FE4249F3E29F9FCB2978DC36619E3EC46C7D27E07F7C","2026-05-23T17:09:39"
"code/bc-bytes__cognitive-tests/assets/sprites/Circle11.png","6086","49D9F475806403698587089EF3F000FB8161B7357AF4740C8DD28D8CD97E1F6B","2026-05-23T17:09:39"
"code/bc-bytes__cognitive-tests/assets/sprites/Circle12.png","7687","786446EA96809B98805E757E40BD01DA9BA7802789F81DE240BB0B9176DB013B","2026-05-23T17:09:39"
"code/bc-bytes__cognitive-tests/assets/sprites/Circle13.png","8462","C5293862AAB9319E43E162DA3CE20FFDB1CFF7211AB555603DE1ED3CE92CF465","2026-05-23T17:09:39"
"code/bc-bytes__cognitive-tests/assets/sprites/Circle14.png","6780","E16EBF764979E5D9F64E2CD53B64D1EF765291E94308E3D85B0EB92DCD2D378D","2026-05-23T17:09:39"
"code/bc-bytes__cognitive-tests/assets/sprites/Circle15.png","8142","0A081B32D63B04DC1597D40B84E0137A5D5A14936152E9928EA56B650AB97A49","2026-05-23T17:09:39"
"code/bc-bytes__cognitive-tests/assets/sprites/Circle16.png","8644","7A2F147007749E3BB7ADE67B7E0FB1BF32A870BA1E26A9FEF1C02340754DBF78","2026-05-23T17:09:39"
"code/bc-bytes__cognitive-tests/assets/sprites/Circle17.png","7149","534B949A4B1DBB96E2EC48D76E0760C2B6DF2C1B92AE99775F4B3724BCEAD881","2026-05-23T17:09:39"
"code/bc-bytes__cognitive-tests/assets/sprites/Circle18.png","8808","AE12EB512327D4EA4FCF5AA7ABFC0414FB15F373AF828C2EAF7FDE94755D4D9D","2026-05-23T17:09:39"
"code/bc-bytes__cognitive-tests/assets/sprites/Circle19.png","8582","FE5D46477B1C4DE19AB20E756EB978C1E097B01584B8AA8600111786E88CFB6D","2026-05-23T17:09:39"
"code/bc-bytes__cognitive-tests/assets/sprites/Circle2.png","7316","419A766940F39F44AB32C946A11C0BB5D41F4014FE103CFE94F8CD7207E3522B","2026-05-23T17:09:39"
"code/bc-bytes__cognitive-tests/assets/sprites/Circle20.png","9074","E3C7B4F338A4C1F72C05C735571A72564751FA7A54C6624D455C5EC3D58E510E","2026-05-23T17:09:39"
"code/bc-bytes__cognitive-tests/assets/sprites/Circle21.png","7732","DA4B7370579E9EA6CCCC41FDDB63AF139279C2177DBC3BC893D323C43C1306B2","2026-05-23T17:09:39"
"code/bc-bytes__cognitive-tests/assets/sprites/Circle22.png","7471","4286E1E98EEC42B21EFC522DA21EED94CC29641377C1D2A122FC66FA86763AD3","2026-05-23T17:09:39"
"code/bc-bytes__cognitive-tests/assets/sprites/Circle23.png","9353","62887009861307F58A20A2D3C4782132358CB7791FF05CCDDAEB21072418865E","2026-05-23T17:09:39"
"code/bc-bytes__cognitive-tests/assets/sprites/Circle24.png","8027","424D4C385CFFCAC3DE875A6B68EF2E086799ED8FFDA33E549C89FC205404A2CA","2026-05-23T17:09:39"
"code/bc-bytes__cognitive-tests/assets/sprites/Circle25.png","9099","81D4FDE4908D9889D02C9881B73AD355005DE75CB7A36CEF62BCAD543A75A78F","2026-05-23T17:09:39"
"code/bc-bytes__cognitive-tests/assets/sprites/Circle3.png","7950","1710A2F9098E4068A973F55C9706503C396CF2A8E02B064DB6C64C3A3F306911","2026-05-23T17:09:39"
"code/bc-bytes__cognitive-tests/assets/sprites/Circle4.png","6237","E2770BFEC2C0CA710A24235780EE20E0846E193794EF3A499D6E716419B20D39","2026-05-23T17:09:39"
"code/bc-bytes__cognitive-tests/assets/sprites/Circle5.png","7565","B0FD8D37EE91A82A67BDB675135F46D9337E62460BCF37FB5942AAAE448F5F8C","2026-05-23T17:09:39"
"code/bc-bytes__cognitive-tests/assets/sprites/Circle6.png","8092","C122A582ED31A32BDB6AA6EE0E888F9C7A0C23B06F82F1D2FD2A07461CEA6D9C","2026-05-23T17:09:39"
"code/bc-bytes__cognitive-tests/assets/sprites/Circle7.png","6635","13D2D85D6D4410A2767DD31E2ADC6991B44A74AE4A96F5C6014A34CC861E57D4","2026-05-23T17:09:39"
"code/bc-bytes__cognitive-tests/assets/sprites/Circle8.png","8165","967C4ECA79B98591183B120A539C9C53504F4CBB49660BDEC84D5FED67F32214","2026-05-23T17:09:39"
"code/bc-bytes__cognitive-tests/assets/sprites/Circle9.png","8070","752BF925CED86D4FAE61A7F420926885F5EE6DD286AFB95C24DA36B78CEF6925","2026-05-23T17:09:39"
"code/bc-bytes__cognitive-tests/assets/sprites/CircleA.png","7189","F04247D7A5883040914DDE68560776014EAF8120BFF54BAE9A20D706E017C073","2026-05-23T17:09:39"
"code/bc-bytes__cognitive-tests/assets/sprites/CircleB.png","7260","6899DA87434FF01BB4EC18EED94A661CE534561C7EBDE3ADB4A68CE1C25D6B49","2026-05-23T17:09:39"
"code/bc-bytes__cognitive-tests/assets/sprites/CircleC.png","7847","E694CD241C8DE9C5151FBDC94D8DC1003E4648BE3A4C81385A8971BF309F4D9D","2026-05-23T17:09:39"
"code/bc-bytes__cognitive-tests/assets/sprites/CircleD.png","7048","6877F2C28FA110B300477D6B1A2149CB54E7FA2795493A635A7769E44FC90D72","2026-05-23T17:09:39"
"code/bc-bytes__cognitive-tests/assets/sprites/CircleE.png","5542","C76A5AF755804492F9D71F04919889A949AF3A749CD1B41FB0409EC6289E4401","2026-05-23T17:09:39"
"code/bc-bytes__cognitive-tests/assets/sprites/CircleF.png","5539","2D46272AA65813FF2E7794A4E27B4EFA31F0DC2DEAABECBABD2D793124B80EAA","2026-05-23T17:09:39"
"code/bc-bytes__cognitive-tests/assets/sprites/CircleG.png","7811","37915F4A7AC5786A68303B713BD291E6E3E4125C2B2097254AB5A4E1B06E87B0","2026-05-23T17:09:39"
"code/bc-bytes__cognitive-tests/assets/sprites/CircleH.png","5466","EA2C180468E8B7A3ECF28E93D9EAB5F5A5E11AFBDE4A178D591B94551F7AB90E","2026-05-23T17:09:39"
"code/bc-bytes__cognitive-tests/assets/sprites/CircleI.png","5486","667167F24B3F60FAB6F062F97081EB217F897E7E1F65F3D975EAB40BECF4EB1F","2026-05-23T17:09:39"
"code/bc-bytes__cognitive-tests/assets/sprites/CircleJ.png","6264","E8A2A548EFF1A97B4765F9114BD21BE1F9434547379685A9FE1AE08065FB18A0","2026-05-23T17:09:39"
"code/bc-bytes__cognitive-tests/assets/sprites/CircleK.png","6630","302B7F80B077594E73248B75583D6436305C289EA5840CB2D4AE0A7DCFB2CD78","2026-05-23T17:09:39"
"code/bc-bytes__cognitive-tests/assets/sprites/CircleL.png","5469","99C592CDB9C4ECAF897276F7A39DEA7EB77B26E18E6D9C0CFA959A68E732FE9A","2026-05-23T17:09:39"
"code/bc-bytes__cognitive-tests/assets/sprites/Hand.png","19435","175B23F08CDE1DC3195D10E39CF8EB87D4C3BF3947C6B052BAFDD87FD3CC39D4","2026-05-23T17:09:39"
"code/bc-bytes__cognitive-tests/assets/sprites/PALShape1.png","226","9E20487C1B3583319CB25208A9307E2406EB3AD28240FB6E127C398DFE6A8F76","2026-05-23T17:09:39"
"code/bc-bytes__cognitive-tests/assets/sprites/PALShape10.png","220","1BAF39391E43E9FA7759158050FCEEF8C9B62A2D135090AFF2EAB4858C7730D3","2026-05-23T17:09:39"
"code/bc-bytes__cognitive-tests/assets/sprites/PALShape2.png","438","AE0BD587B24D2F237E1655BAF17076D2D30EBC8B32BF83B361FEF7E6963BC4E8","2026-05-23T17:09:39"
"code/bc-bytes__cognitive-tests/assets/sprites/PALShape3.png","220","280DBDFC38E203D349831494191CFCCA94C6551B27A7A8D057208A3FD7B381E7","2026-05-23T17:09:39"
"code/bc-bytes__cognitive-tests/assets/sprites/PALShape4.png","402","71CE5299C1828C07CD1930D7133B32EF2E5F46CCCFA0D1FD95192BB6CD017041","2026-05-23T17:09:39"
"code/bc-bytes__cognitive-tests/assets/sprites/PALShape5.png","283","FB3592B485A028134E51BCACE59C5F99528DC6ADC882E866DB0CDB2B45B5E2E4","2026-05-23T17:09:39"
"code/bc-bytes__cognitive-tests/assets/sprites/PALShape6.png","226","971144DA11D1BCCE9CF574C101C5F840146F3C2A48D8D4ED7A31065C138A257E","2026-05-23T17:09:39"
"code/bc-bytes__cognitive-tests/assets/sprites/PALShape7.png","401","7091E0502BE8FB5E367C7E10E4FF8F78D0F2918500B2993AC4BA3668A9BF73D6","2026-05-23T17:09:39"
"code/bc-bytes__cognitive-tests/assets/sprites/PALShape8.png","412","5807FE7B992591A5029E672DBB42D752B590C1B1E6A09B8FE4D2E74EA8488BCE","2026-05-23T17:09:39"
"code/bc-bytes__cognitive-tests/assets/sprites/PALShape9.png","260","7E8BD8896E244DBAEBE2DB893DE833921ED2B967EE1500DF641E9C83D6AFA14C","2026-05-23T17:09:39"
"code/bc-bytes__cognitive-tests/assets/sprites/WhiteSquare1.png","212","87F17F10F209C3F970D15713585EB9073AAAA706507F3577915DA767EB57BEED","2026-05-23T17:09:39"
"code/bc-bytes__cognitive-tests/assets/sprites/WhiteSquare2.png","220","3CFC9076D0961DC030C2A2ADF2D2CC2061975FD5BD7F9C8D757F60D6F693DB31","2026-05-23T17:09:39"
"code/bc-bytes__cognitive-tests/assets/sprites/WhiteSquareX.png","748","E9AFC22D20BE8895F3CAA615CE96701A78BA264788073F2078795BCB2A55E290","2026-05-23T17:09:39"
"code/bc-bytes__cognitive-tests/assets/ui/Holo-dark-hdpi.atlas","7784","188C38CFB075CBB82392DCCD169D84194B0F24383556908E3CAA2B6EC677B09E","2026-05-23T17:09:39"
"code/bc-bytes__cognitive-tests/assets/ui/Holo-dark-hdpi.json","9613","4993783165A5D4CD177BDC3D5593F11ADDBA0A154FA9006337B9440F1190F24A","2026-05-23T17:09:39"
"code/bc-bytes__cognitive-tests/assets/ui/Holo-dark-hdpi.png","82502","F6606D8C509A8423BCF0FB78B6F82521280FE4FFBB55B21822EF6B997A05DB45","2026-05-23T17:09:39"
"code/bc-bytes__cognitive-tests/assets/ui/Holo-dark-ldpi.atlas","7603","9B330BF9F32FDB04BCBE2DC2D6655FC2D29CFE0F2805E478711BFA98D276E91A","2026-05-23T17:09:39"
"code/bc-bytes__cognitive-tests/assets/ui/Holo-dark-ldpi.json","9613","016965C0D77DAA8C48E6B0723B0BBAEB1836373D8AB9C9EEE50AAA8016EF3ADE","2026-05-23T17:09:39"
"code/bc-bytes__cognitive-tests/assets/ui/Holo-dark-ldpi.png","44267","18C6D3AAEF40651A8F7D962C9834B3C463AEABF9B370C9EFCAEEF3933FAE00F9","2026-05-23T17:09:39"
"code/bc-bytes__cognitive-tests/assets/ui/Holo-dark-mdpi.atlas","7729","44726F15BA3D9C5634A35C094F6EDCD019B22B095959821EAD762406CBD1C73E","2026-05-23T17:09:39"
"code/bc-bytes__cognitive-tests/assets/ui/Holo-dark-mdpi.json","9613","6D951E09A4F0930E72CA567B67DD197F1FFC2A6B2BEF5EE867F5003F9296BAFD","2026-05-23T17:09:39"
"code/bc-bytes__cognitive-tests/assets/ui/Holo-dark-mdpi.png","50055","FACC0295F3A3BD4E3F91D6403507FE6083E531DADBEFA63D4447E28E41F0D3D3","2026-05-23T17:09:39"
"code/bc-bytes__cognitive-tests/assets/ui/Holo-dark-xhdpi.atlas","7956","886EE72FFAF758772011B9B1162C29B41ADF5FEE60E2DD34742A663FFFCE60D2","2026-05-23T17:09:39"
"code/bc-bytes__cognitive-tests/assets/ui/Holo-dark-xhdpi.json","9615","664D4028F3B0A8CA62C54343B35A365DBC325981E4B161B6AFFE1305A592E895","2026-05-23T17:09:39"
"code/bc-bytes__cognitive-tests/assets/ui/Holo-dark-xhdpi.png","113074","41610E164420597E4081201531FA463654BF49E8D1D9D1B6387959685FF6D1DA","2026-05-23T17:09:39"
"code/bc-bytes__cognitive-tests/assets/ui/Holo-light-hdpi.atlas","7785","E76D43FF968090F9805165CC557AB9290211A76E5500F5B31D8FA7A3666D34BD","2026-05-23T17:09:39"
"code/bc-bytes__cognitive-tests/assets/ui/Holo-light-hdpi.json","9687","2ED3B267D6E900B02273C755DF66B6F76452AADAEB8D99F4186CCDBA27F75F17","2026-05-23T17:09:39"
"code/bc-bytes__cognitive-tests/assets/ui/Holo-light-hdpi.png","83284","09CA4D2C61906F87F95D770C64E560ECAC04009BD1D713BF627F1DF16E3F2090","2026-05-23T17:09:39"
"code/bc-bytes__cognitive-tests/assets/ui/Holo-light-ldpi.atlas","7604","37B412378EDA16F8988EB85FE4925D9C6C82D718427E9D4F168A94E3E2FFE302","2026-05-23T17:09:39"
"code/bc-bytes__cognitive-tests/assets/ui/Holo-light-ldpi.json","9687","F3C90B615BDDA99D75FEC0168FF98AFEF56FA6D2C7F71684572E3E9A0AD0C0E3","2026-05-23T17:09:39"
"code/bc-bytes__cognitive-tests/assets/ui/Holo-light-ldpi.png","44086","3EE98C04E9B9889ED6D2AB97BF37F9995DCCFB4C463D7353CDB35F64DE58D90C","2026-05-23T17:09:39"
"code/bc-bytes__cognitive-tests/assets/ui/Holo-light-mdpi.atlas","7730","07E25054CEC8587CB28D0C91DD70B646DC5CEF1D266FCAC5B98A8EFB73F190C9","2026-05-23T17:09:39"
"code/bc-bytes__cognitive-tests/assets/ui/Holo-light-mdpi.json","9687","6A940C29EA986547A804CFD7173E44D878B4A4FD0249757E846EE1708DE7B5DF","2026-05-23T17:09:39"
"code/bc-bytes__cognitive-tests/assets/ui/Holo-light-mdpi.png","50040","748D3BAB1E9F579D299E9262BA7B0F34A91F7641E82AF6F1A72F3B9609D111C7","2026-05-23T17:09:39"
"code/bc-bytes__cognitive-tests/assets/ui/Holo-light-xhdpi.atlas","7803","7B70F1D239A175E34C985D019925F97D6471352736DB876C11C8DAB3475C8828","2026-05-23T17:09:39"
"code/bc-bytes__cognitive-tests/assets/ui/Holo-light-xhdpi.json","9689","68447C3FD69EA5AB3851237CE3DA6A67C8356D5EB2478A5ECECC85BDF9351808","2026-05-23T17:09:39"
"code/bc-bytes__cognitive-tests/assets/ui/Holo-light-xhdpi.png","113298","2B1F6D262683EEB770069CC6D96E4633EA914DAB58FCCB229871360B25D61432","2026-05-23T17:09:39"
"code/bc-bytes__cognitive-tests/assets/ui/Roboto-Thin-hdpi.fnt","23063","23740B45FCCB184A32CEA20E0E4571BC398D9858BE130835E7E1A15C51B4A7FA","2026-05-23T17:09:39"
"code/bc-bytes__cognitive-tests/assets/ui/Roboto-Thin-ldpi.fnt","22738","CB789DCB83D517DC2BE6DC470B8D0FCF5726C5A0A3A0BADCB14C4B4E5425208F","2026-05-23T17:09:39"
"code/bc-bytes__cognitive-tests/assets/ui/Roboto-Thin-mdpi.fnt","22863","51DF46F488197D1B4C335FF1FAC508DC54A5DF1F1DB7DDC72BDA5AE3B46E15CB","2026-05-23T17:09:39"
"code/bc-bytes__cognitive-tests/assets/ui/Roboto-Thin-xhdpi.fnt","23134","3669BC29C1D1EFCC9C710FF060B0EAB36CF9BEDC04F57DF7E946C5EA60E29E0F","2026-05-23T17:09:39"
"code/bc-bytes__cognitive-tests/assets/ui/Roboto-hdpi.fnt","22948","6450FDF9CA2FE7DD91554868439D641BEC5E8C9CA6203D76483DB0D2683F20C6","2026-05-23T17:09:39"
"code/bc-bytes__cognitive-tests/assets/ui/Roboto-ldpi.fnt","22522","B0E0565C58B8F27A012506A5CAFA2B7C59968E34742707D43BC7093709FE4C20","2026-05-23T17:09:39"
"code/bc-bytes__cognitive-tests/assets/ui/Roboto-mdpi.fnt","22736","458ACE92F09C74A214FB595B3F96E3A4CB087944F0647A0A947032CEE4A25566","2026-05-23T17:09:39"
"code/bc-bytes__cognitive-tests/assets/ui/Roboto-xhdpi.fnt","23127","8FB134C4EE0C6CD72DC4F4022E9A3066A5273A2FC6FA0EA102DAE270BA043423","2026-05-23T17:09:39"
"code/bc-bytes__cognitive-tests/screenshots/pal.png","2762","7B1B5D52FEB1D37A2518D7416A86B3AE64A38B49F9B0E8F0B12DB9116D9AC362","2026-05-23T17:09:39"
"code/bc-bytes__cognitive-tests/screenshots/rtt.png","2996","8B790C7D18B52DD0B720183379D124130E27E4D5EF301654EDB825D7F3C5F8AE","2026-05-23T17:09:39"
"code/bc-bytes__cognitive-tests/screenshots/tm1.png","16171","851FC89F94B69F450136E664ADE52EA94CD04B590DC2F33EEB8B9B7971AAAD22","2026-05-23T17:09:39"
"code/bc-bytes__cognitive-tests/screenshots/tm2.png","36316","3C56F780A7624052DEC6471AE33F6E18C2F9ED1CFAA9009461BA3BC5640A1578","2026-05-23T17:09:39"
"code/bjoernhandersson__Longitudinal-MoCA/.git/HEAD","21","28D25BF82AF4C0E2B72F50959B2BEB859E3E60B9630A5E8C603DAD4DDB2B6E80","2026-05-23T17:09:26"
"code/bjoernhandersson__Longitudinal-MoCA/.git/config","318","4AA644AD132EDEBB4C41CA58802DA896CF7E5492B70B9B3477485E16E4A8BE03","2026-05-23T17:09:26"
"code/bjoernhandersson__Longitudinal-MoCA/.git/description","73","85AB6C163D43A17EA9CF7788308BCA1466F1B0A8D1CC92E26E9BF63DA4062AEE","2026-05-23T17:09:26"
"code/bjoernhandersson__Longitudinal-MoCA/.git/hooks/applypatch-msg.sample","478","0223497A0B8B033AA58A3A521B8629869386CF7AB0E2F101963D328AA62193F7","2026-05-23T17:09:26"
"code/bjoernhandersson__Longitudinal-MoCA/.git/hooks/commit-msg.sample","1972","EFC1401B0E99D1FF51494D154D98B46C1E99059BCD8BF9F73CECDE19FD3EB23B","2026-05-23T17:09:26"
"code/bjoernhandersson__Longitudinal-MoCA/.git/hooks/fsmonitor-watchman.sample","4611","9159720099AD5595B8E66645CBFD47763C1E920F46E0B50AE75E642BBEC57EF0","2026-05-23T17:09:26"
"code/bjoernhandersson__Longitudinal-MoCA/.git/hooks/post-update.sample","189","81765AF2DAEF323061DCBC5E61FC16481CB74B3BAC9AD8A174B186523586F6C5","2026-05-23T17:09:26"
"code/bjoernhandersson__Longitudinal-MoCA/.git/hooks/pre-applypatch.sample","424","E15C5B469EA3E0A695BEA6F2C82BCF8E62821074939DDD85B77E0007FF165475","2026-05-23T17:09:26"
"code/bjoernhandersson__Longitudinal-MoCA/.git/hooks/pre-commit.sample","1649","57185B7B9F05239D7AB52DB045F5B89EB31348D7B2177EAB214F5EB872E1971B","2026-05-23T17:09:26"
"code/bjoernhandersson__Longitudinal-MoCA/.git/hooks/pre-merge-commit.sample","416","D3825A70337940EBBD0A5C072984E13245920CDF8898BD225C8D27A6DFC9CB53","2026-05-23T17:09:26"
"code/bjoernhandersson__Longitudinal-MoCA/.git/hooks/pre-push.sample","1374","ECCE9C7E04D3F5DD9D8ADA81753DD1D549A9634B26770042B58DDA00217D086A","2026-05-23T17:09:26"
"code/bjoernhandersson__Longitudinal-MoCA/.git/hooks/pre-rebase.sample","4898","4FEBCE867790052338076F4E66CC47EFB14879D18097D1D61C8261859EAAA7B3","2026-05-23T17:09:26"
"code/bjoernhandersson__Longitudinal-MoCA/.git/hooks/pre-receive.sample","544","A4C3D2B9C7BB3FD8D1441C31BD4EE71A595D66B44FCF49DDB310252320169989","2026-05-23T17:09:26"
"code/bjoernhandersson__Longitudinal-MoCA/.git/hooks/prepare-commit-msg.sample","1492","E9DDCAA4189FDDD25ED97FC8C789ECA7B6CA16390B2392AE3276F0C8E1AA4619","2026-05-23T17:09:26"
"code/bjoernhandersson__Longitudinal-MoCA/.git/hooks/push-to-checkout.sample","2783","A53D0741798B287C6DD7AFA64AEE473F305E65D3F49463BB9D7408EC3B12BF5F","2026-05-23T17:09:26"
"code/bjoernhandersson__Longitudinal-MoCA/.git/hooks/sendemail-validate.sample","2308","44EBFC923DC5466BC009602F0ECF067B9C65459ABFE8868DDC49B78E6CED7A92","2026-05-23T17:09:26"
"code/bjoernhandersson__Longitudinal-MoCA/.git/hooks/update.sample","3650","8D5F2FA83E103CF08B57EAA67521DF9194F45CBDBCB37DA52AD586097A14D106","2026-05-23T17:09:26"
"code/bjoernhandersson__Longitudinal-MoCA/.git/index","537","C378D4653DCDB5C8B10EFA790F49D4D375D9CF9BC25DDA72283820235FCE070B","2026-05-23T17:09:26"
"code/bjoernhandersson__Longitudinal-MoCA/.git/info/exclude","240","6671FE83B7A07C8932EE89164D1F2793B2318058EB8B98DC5C06EE0A5A3B0EC1","2026-05-23T17:09:26"
"code/bjoernhandersson__Longitudinal-MoCA/.git/logs/HEAD","208","D1F7AEF75C23E2AAAF1E91A9B6B902695C65BBAF14DA95AACB294BAE09B20BA2","2026-05-23T17:09:26"
"code/bjoernhandersson__Longitudinal-MoCA/.git/logs/refs/heads/main","208","D1F7AEF75C23E2AAAF1E91A9B6B902695C65BBAF14DA95AACB294BAE09B20BA2","2026-05-23T17:09:26"
"code/bjoernhandersson__Longitudinal-MoCA/.git/logs/refs/remotes/origin/HEAD","208","D1F7AEF75C23E2AAAF1E91A9B6B902695C65BBAF14DA95AACB294BAE09B20BA2","2026-05-23T17:09:26"
"code/bjoernhandersson__Longitudinal-MoCA/.git/objects/pack/pack-6c5ee72cabd48f581b9e785556ad69a6e56275dd.idx","1296","6B4A11F3C419EB0E58A72DFC9CDFE6961735D4EAC53A18B295606CA630C19B2D","2026-05-23T17:09:26"
"code/bjoernhandersson__Longitudinal-MoCA/.git/objects/pack/pack-6c5ee72cabd48f581b9e785556ad69a6e56275dd.pack","31197","90731D51D1C0D6079E202DA8E85DD15AD2D896AAD12E5DE38D397FC682A1ACD0","2026-05-23T17:09:26"
"code/bjoernhandersson__Longitudinal-MoCA/.git/objects/pack/pack-6c5ee72cabd48f581b9e785556ad69a6e56275dd.rev","84","CA1EF5F8B3647650C66F5CA6391D1341049B03DB49A6271C9073628CF7D6E923","2026-05-23T17:09:26"
"code/bjoernhandersson__Longitudinal-MoCA/.git/packed-refs","112","7BDA82FB3E75253386A6CD3978D50C1B739EC161CEB51634829CAABBB0A1A4B1","2026-05-23T17:09:26"
"code/bjoernhandersson__Longitudinal-MoCA/.git/refs/heads/main","41","68020868B0350C9752031B2D5E25A74F774D86A3422DA3BDD1A203710A80C3E2","2026-05-23T17:09:26"
"code/bjoernhandersson__Longitudinal-MoCA/.git/refs/remotes/origin/HEAD","30","2BB6A24AA0FC6C484100F5D51A29BBAD841CD2C755F5D93FAA204E5DBB4EB2B4","2026-05-23T17:09:26"
"code/bjoernhandersson__Longitudinal-MoCA/.git/shallow","41","68020868B0350C9752031B2D5E25A74F774D86A3422DA3BDD1A203710A80C3E2","2026-05-23T17:09:26"
"code/bjoernhandersson__Longitudinal-MoCA/LICENSE","35823","230184F60BAE2FEAF244F10A8BAC053C8FF33A183BCC365B4D8B876D2B7F4809","2026-05-23T17:09:26"
"code/bjoernhandersson__Longitudinal-MoCA/MoCAScriptNCEN.r","66287","277A225F152CF2F84F1394A8769A2615D68103495040F8433CC4670A921EE918","2026-05-23T17:09:26"
"code/bjoernhandersson__Longitudinal-MoCA/README.md","649","B2CF6D1492143B346A82A8E554F00091B549062957865A566E4BAFCC34F70744","2026-05-23T17:09:26"
"code/bjoernhandersson__Longitudinal-MoCA/mocaBaselineSearch.r","353639","822EF70F824CDE96889BC6ADF0F8627B875317218D1506691C5AB080A9F96099","2026-05-23T17:09:26"
"code/bjoernhandersson__Longitudinal-MoCA/mocaEDUFree.r","23892","E0A9DCA0DDEF970BF6FC6F9F5C577B62697A115D2DB36E90B864783136EBBDDD","2026-05-23T17:09:26"
"code/bjoernhandersson__Longitudinal-MoCA/mocaNOEDUFree.r","23664","8583ECE357827AB20DC6F1EE6C72C0476CE2C5A627608695E064024CD9A733B4","2026-05-23T17:09:26"
"code/dcajal__cognitive-tests/.git/HEAD","21","28D25BF82AF4C0E2B72F50959B2BEB859E3E60B9630A5E8C603DAD4DDB2B6E80","2026-05-23T17:09:38"
"code/dcajal__cognitive-tests/.git/config","306","13EC77D8E13854F5CC4DAFCD4F57C2725C92E611A36D07893486C398EEE11313","2026-05-23T17:09:38"
"code/dcajal__cognitive-tests/.git/description","73","85AB6C163D43A17EA9CF7788308BCA1466F1B0A8D1CC92E26E9BF63DA4062AEE","2026-05-23T17:09:37"
"code/dcajal__cognitive-tests/.git/hooks/applypatch-msg.sample","478","0223497A0B8B033AA58A3A521B8629869386CF7AB0E2F101963D328AA62193F7","2026-05-23T17:09:37"
"code/dcajal__cognitive-tests/.git/hooks/commit-msg.sample","1972","EFC1401B0E99D1FF51494D154D98B46C1E99059BCD8BF9F73CECDE19FD3EB23B","2026-05-23T17:09:37"
"code/dcajal__cognitive-tests/.git/hooks/fsmonitor-watchman.sample","4611","9159720099AD5595B8E66645CBFD47763C1E920F46E0B50AE75E642BBEC57EF0","2026-05-23T17:09:37"
"code/dcajal__cognitive-tests/.git/hooks/post-update.sample","189","81765AF2DAEF323061DCBC5E61FC16481CB74B3BAC9AD8A174B186523586F6C5","2026-05-23T17:09:37"
"code/dcajal__cognitive-tests/.git/hooks/pre-applypatch.sample","424","E15C5B469EA3E0A695BEA6F2C82BCF8E62821074939DDD85B77E0007FF165475","2026-05-23T17:09:37"
"code/dcajal__cognitive-tests/.git/hooks/pre-commit.sample","1649","57185B7B9F05239D7AB52DB045F5B89EB31348D7B2177EAB214F5EB872E1971B","2026-05-23T17:09:37"
"code/dcajal__cognitive-tests/.git/hooks/pre-merge-commit.sample","416","D3825A70337940EBBD0A5C072984E13245920CDF8898BD225C8D27A6DFC9CB53","2026-05-23T17:09:37"
"code/dcajal__cognitive-tests/.git/hooks/pre-push.sample","1374","ECCE9C7E04D3F5DD9D8ADA81753DD1D549A9634B26770042B58DDA00217D086A","2026-05-23T17:09:37"
"code/dcajal__cognitive-tests/.git/hooks/pre-rebase.sample","4898","4FEBCE867790052338076F4E66CC47EFB14879D18097D1D61C8261859EAAA7B3","2026-05-23T17:09:37"
"code/dcajal__cognitive-tests/.git/hooks/pre-receive.sample","544","A4C3D2B9C7BB3FD8D1441C31BD4EE71A595D66B44FCF49DDB310252320169989","2026-05-23T17:09:37"
"code/dcajal__cognitive-tests/.git/hooks/prepare-commit-msg.sample","1492","E9DDCAA4189FDDD25ED97FC8C789ECA7B6CA16390B2392AE3276F0C8E1AA4619","2026-05-23T17:09:37"
"code/dcajal__cognitive-tests/.git/hooks/push-to-checkout.sample","2783","A53D0741798B287C6DD7AFA64AEE473F305E65D3F49463BB9D7408EC3B12BF5F","2026-05-23T17:09:37"
"code/dcajal__cognitive-tests/.git/hooks/sendemail-validate.sample","2308","44EBFC923DC5466BC009602F0ECF067B9C65459ABFE8868DDC49B78E6CED7A92","2026-05-23T17:09:37"
"code/dcajal__cognitive-tests/.git/hooks/update.sample","3650","8D5F2FA83E103CF08B57EAA67521DF9194F45CBDBCB37DA52AD586097A14D106","2026-05-23T17:09:37"
"code/dcajal__cognitive-tests/.git/index","12083","BEE2016038ED9C2E43721C2B610DC1837AA45CBA69201B4FECA18587D149DAD1","2026-05-23T17:09:38"
"code/dcajal__cognitive-tests/.git/info/exclude","240","6671FE83B7A07C8932EE89164D1F2793B2318058EB8B98DC5C06EE0A5A3B0EC1","2026-05-23T17:09:37"
"code/dcajal__cognitive-tests/.git/logs/HEAD","196","4692583C801C479476902EE5A92FDC85ABEE4FC47951C657FA40A6E98D6C68D7","2026-05-23T17:09:38"
"code/dcajal__cognitive-tests/.git/logs/refs/heads/main","196","4692583C801C479476902EE5A92FDC85ABEE4FC47951C657FA40A6E98D6C68D7","2026-05-23T17:09:38"
"code/dcajal__cognitive-tests/.git/logs/refs/remotes/origin/HEAD","196","4692583C801C479476902EE5A92FDC85ABEE4FC47951C657FA40A6E98D6C68D7","2026-05-23T17:09:38"
"code/dcajal__cognitive-tests/.git/objects/pack/pack-042ba82e1ddf619dcd9af097120a6045f5014b6b.idx","4740","500E1B5DB8D730B17C3A0C0D3701D3448D70A0A921CD0392A1FB37E35D4961FC","2026-05-23T17:09:38"
"code/dcajal__cognitive-tests/.git/objects/pack/pack-042ba82e1ddf619dcd9af097120a6045f5014b6b.pack","363678","F675BD77615492FF7949894B4F4648FB6F3665B559F2398710033CBB94B3E42F","2026-05-23T17:09:38"
"code/dcajal__cognitive-tests/.git/objects/pack/pack-042ba82e1ddf619dcd9af097120a6045f5014b6b.rev","576","3D64A53580BEB27D4413A013F658148E5BFFBE373D53B7B0FD3E1474DA0D92B4","2026-05-23T17:09:38"
"code/dcajal__cognitive-tests/.git/packed-refs","112","C1D69028DE1D1F78D9923904383F64A6965ACBA7A2B324A195F97985D8745A76","2026-05-23T17:09:38"
"code/dcajal__cognitive-tests/.git/refs/heads/main","41","25C2C0C06879FC8DB94CA12611B44884E73275339710497542AD8E74452555D0","2026-05-23T17:09:38"
"code/dcajal__cognitive-tests/.git/refs/remotes/origin/HEAD","30","2BB6A24AA0FC6C484100F5D51A29BBAD841CD2C755F5D93FAA204E5DBB4EB2B4","2026-05-23T17:09:38"
"code/dcajal__cognitive-tests/.git/shallow","41","25C2C0C06879FC8DB94CA12611B44884E73275339710497542AD8E74452555D0","2026-05-23T17:09:38"
"code/dcajal__cognitive-tests/.gitignore","604","712E448794C564C16D038EFF80A740448670E2DACE13B7CE203F1E6E516DA2C1","2026-05-23T17:09:38"
"code/dcajal__cognitive-tests/.metadata","321","3BE82B73E6C5B9FD62BC3DA2EDEE2EB2761DFE34D9CF3C02AC8F06F28A646668","2026-05-23T17:09:38"
"code/dcajal__cognitive-tests/CHANGELOG.md","145","301326C4E5004E6EB0A29311A2DC57AD9E207B7594D8078373FB1B24661307CC","2026-05-23T17:09:38"
"code/dcajal__cognitive-tests/LICENSE","1089","219CA54D1693E5FDDADFEDA7D5249A74BA5A21E3BE1F218532ABFF53676749DF","2026-05-23T17:09:38"
"code/dcajal__cognitive-tests/README.md","3915","860E7D99D223BFD1C09D11F0D8638AB92D826D52ADDF32058F15C8A54A978FEE","2026-05-23T17:09:38"
"code/dcajal__cognitive-tests/analysis_options.yaml","158","AC817B4CA2A412CE6677656F0B4B666B1634BCA0C0F50E52B0D2DE8A95531D3D","2026-05-23T17:09:38"
"code/dcajal__cognitive-tests/assets/tmta.png","56330","4D41745E9BFE2213058F3B6C14B3C909D3A745FF70BF72C9F6A2B189CDA23B7E","2026-05-23T17:09:38"
"code/dcajal__cognitive-tests/assets/tmta_example.png","21605","A0B708E652E1EB6E8D0658CA63A4127991381FAE7682DF9A6E9EBFF5F051906A","2026-05-23T17:09:38"
"code/dcajal__cognitive-tests/assets/tmtb.png","198731","52293A767ECD10692A260DF5C213B35AE7ECF573D6B07FA65776354BF6F227B7","2026-05-23T17:09:38"
"code/dcajal__cognitive-tests/assets/tmtb_example.png","80827","316B214EF5E10993712DD5869774A895A78CDA9584911E4E40F0F4136DC6E10D","2026-05-23T17:09:38"
"code/dcajal__cognitive-tests/example/.gitignore","748","1E725CA8CB4E6C2A19DC889D0CEBB497D954F091ABA3B08D53DF20EDD0A98CDB","2026-05-23T17:09:38"
"code/dcajal__cognitive-tests/example/.metadata","1145","81AD96A78619659B59F5908FB76C5D51FF8ECBE82C67E4005EA7700CEEB5AB5F","2026-05-23T17:09:38"
"code/dcajal__cognitive-tests/example/analysis_options.yaml","1448","B63207CF529949EC4727B68C23DBB38CE255B6F6F4AE1EFFCB5C1DCF2852D238","2026-05-23T17:09:38"
"code/dcajal__cognitive-tests/example/android/.gitignore","267","C9AF75DBC2C8AA867476A09426C80B178C4AEED8B9393AE48503EEDFA3273D71","2026-05-23T17:09:38"
"code/dcajal__cognitive-tests/example/android/app/build.gradle.kts","1462","4D6AF4BFE958751F31602785424FD5C29C9FC8B3B8C81A6986963687DEF32357","2026-05-23T17:09:38"
"code/dcajal__cognitive-tests/example/android/app/src/debug/AndroidManifest.xml","385","B01A4541A8144C15BC617BAB7EB267C99FA1476368FBBDA5A12CDBF4E316A34C","2026-05-23T17:09:38"
"code/dcajal__cognitive-tests/example/android/app/src/main/AndroidManifest.xml","2308","AE5082E1BEF8AD3AE60A9163AABF8F439346A9431D162D2A62DA02EFC277F596","2026-05-23T17:09:38"
"code/dcajal__cognitive-tests/example/android/app/src/main/kotlin/com/example/cognitive_tests_example/MainActivity.kt","142","B664EB8D565B28C655D91EF9117B5F75A80BCFB1FE5958B3D2A4BEA54F795542","2026-05-23T17:09:38"
"code/dcajal__cognitive-tests/example/android/app/src/main/res/drawable-v21/launch_background.xml","450","DCA312EC77DE83E43EF70A825C299B51451247286C29167D62F19165750B8793","2026-05-23T17:09:38"
"code/dcajal__cognitive-tests/example/android/app/src/main/res/drawable/launch_background.xml","446","2DF60E2CFBEE873CE2858088CF003E6B93498F2F568476DA437610467EA1A9D7","2026-05-23T17:09:38"
"code/dcajal__cognitive-tests/example/android/app/src/main/res/mipmap-hdpi/ic_launcher.png","544","6A7C8F0D703E3682108F9662F813302236240D3F8F638BB391E32BFB96055FEF","2026-05-23T17:09:38"
"code/dcajal__cognitive-tests/example/android/app/src/main/res/mipmap-mdpi/ic_launcher.png","442","C7C0C0189145E4E32A401C61C9BDC615754B0264E7AFAE24E834BB81049EAF81","2026-05-23T17:09:38"
"code/dcajal__cognitive-tests/example/android/app/src/main/res/mipmap-xhdpi/ic_launcher.png","721","E14AA40904929BF313FDED22CF7E7FFCBF1D1AAC4263B5EF1BE8BFCE650397AA","2026-05-23T17:09:38"
"code/dcajal__cognitive-tests/example/android/app/src/main/res/mipmap-xxhdpi/ic_launcher.png","1031","4D470BF22D5C17D84EDC5F82516D1BA8A1C09559CD761CEFB792F86D9F52B540","2026-05-23T17:09:38"
"code/dcajal__cognitive-tests/example/android/app/src/main/res/mipmap-xxxhdpi/ic_launcher.png","1443","3C34E1F298D0C9EA3455D46DB6B7759C8211A49E9EC6E44B635FC5C87DFB4180","2026-05-23T17:09:38"
"code/dcajal__cognitive-tests/example/android/app/src/main/res/values-night/styles.xml","1013","EA763597DC1A84C8034251CAEE98D7753E0FBF57340FFC94677427DE4B537516","2026-05-23T17:09:38"
"code/dcajal__cognitive-tests/example/android/app/src/main/res/values/styles.xml","1014","CCA15A99B59380A548BF6A890F7CA5380EE509B1F9BBB2F5F9EC3589FA25C2F7","2026-05-23T17:09:38"
"code/dcajal__cognitive-tests/example/android/app/src/profile/AndroidManifest.xml","385","B01A4541A8144C15BC617BAB7EB267C99FA1476368FBBDA5A12CDBF4E316A34C","2026-05-23T17:09:38"
"code/dcajal__cognitive-tests/example/android/build.gradle.kts","561","218F400E3FFF31C9C986A2535DFB974560E1B4D33CC27B7C1FEE96A2B7E44454","2026-05-23T17:09:38"
"code/dcajal__cognitive-tests/example/android/gradle.properties","169","8C571C20E6B82D16E64D0A14320DB39367BA7D85AF2ECF3100F369459E1C0C8F","2026-05-23T17:09:38"
"code/dcajal__cognitive-tests/example/android/gradle/wrapper/gradle-wrapper.properties","206","A23FAF39F936281E98C22C568A812DED3684A61FCF683BBD1AAC2E85691622AC","2026-05-23T17:09:38"
"code/dcajal__cognitive-tests/example/android/settings.gradle.kts","796","12EC5E66E6A1CC90FCD73CFAE78C87E6CA9637DC3A860C90253AF63AA1AF58CF","2026-05-23T17:09:38"
"code/dcajal__cognitive-tests/example/ios/.gitignore","603","E85B4DB8BA6ED14708E5F7D3C60336E5A3067CE11329B84AA8BA5D98603EE253","2026-05-23T17:09:38"
"code/dcajal__cognitive-tests/example/ios/Flutter/AppFrameworkInfo.plist","800","88E403D33087654522431733AD261741F836F92C94A50EE792820B4F1ED89716","2026-05-23T17:09:38"
"code/dcajal__cognitive-tests/example/ios/Flutter/Debug.xcconfig","109","0252D55E8F79BDA3B6F336B9523C740FE59D4D1B806E6398A906132B1734B309","2026-05-23T17:09:38"
"code/dcajal__cognitive-tests/example/ios/Flutter/Release.xcconfig","111","F1A2E46792280A99F79C4C2775DF5817C2AB803D2C0D928CCF4E3C59721FACA2","2026-05-23T17:09:38"
"code/dcajal__cognitive-tests/example/ios/Podfile","1432","1567422DE88B145387C2597D5CF967C6DF377934A32F19FCC733CDCAC1D5483C","2026-05-23T17:09:38"
"code/dcajal__cognitive-tests/example/ios/Podfile.lock","825","5A2BCA89D591EF273AA1B33EE6313FBB3E6DDA1AAA59060B2628F99E73B69CB5","2026-05-23T17:09:38"
"code/dcajal__cognitive-tests/example/ios/Runner.xcodeproj/project.pbxproj","31394","7E587A57FB7F9DB35C8208CE67FB39DE46386C895825C703DC46D6887DEEED41","2026-05-23T17:09:38"
"code/dcajal__cognitive-tests/example/ios/Runner.xcodeproj/project.xcworkspace/contents.xcworkspacedata","142","AC28B35C2B940210BEC0FFF8E424B07FD0EFE9112AB178A10533583F251A386C","2026-05-23T17:09:38"
"code/dcajal__cognitive-tests/example/ios/Runner.xcodeproj/project.xcworkspace/xcshareddata/IDEWorkspaceChecks.plist","246","D557C2C32FC6258EC28981FA45DC847B76C9968BEB90A2E26D13EF9C4EA45C30","2026-05-23T17:09:38"
"code/dcajal__cognitive-tests/example/ios/Runner.xcodeproj/project.xcworkspace/xcshareddata/WorkspaceSettings.xcsettings","234","DD64C0308AB2971C456871B990B24A008BDC3ECE09833E8DBE9675E33A496E74","2026-05-23T17:09:38"
"code/dcajal__cognitive-tests/example/ios/Runner.xcodeproj/xcshareddata/xcschemes/Runner.xcscheme","3934","570C49FD61C67330EFB75097018D1B0DF0C68D03667631105A5ACF5621112B1B","2026-05-23T17:09:38"
"code/dcajal__cognitive-tests/example/ios/Runner.xcworkspace/contents.xcworkspacedata","234","505CF76CAD37D19AE93E07254F2235FFD0095362BCBAA253C463D79896F6B8E0","2026-05-23T17:09:38"
"code/dcajal__cognitive-tests/example/ios/Runner.xcworkspace/xcshareddata/IDEWorkspaceChecks.plist","246","D557C2C32FC6258EC28981FA45DC847B76C9968BEB90A2E26D13EF9C4EA45C30","2026-05-23T17:09:38"
"code/dcajal__cognitive-tests/example/ios/Runner.xcworkspace/xcshareddata/WorkspaceSettings.xcsettings","234","DD64C0308AB2971C456871B990B24A008BDC3ECE09833E8DBE9675E33A496E74","2026-05-23T17:09:38"
"code/dcajal__cognitive-tests/example/ios/Runner/AppDelegate.swift","404","13E99DAB5435148EFC15D9177BA505DA3D24859A6BA663767510622FDF7A97FA","2026-05-23T17:09:38"
"code/dcajal__cognitive-tests/example/ios/Runner/Assets.xcassets/AppIcon.appiconset/Contents.json","2641","5F8B941B774BDE4496D73347C1F79CBDD786BB76FBDAB9ED1F3F0CB78A0FB0D3","2026-05-23T17:09:38"
"code/dcajal__cognitive-tests/example/ios/Runner/Assets.xcassets/AppIcon.appiconset/Icon-App-1024x1024@1x.png","10932","7770183009E914112DE7D8EF1D235A6A30C5834424858E0D2F8253F6B8D31926","2026-05-23T17:09:38"
"code/dcajal__cognitive-tests/example/ios/Runner/Assets.xcassets/AppIcon.appiconset/Icon-App-20x20@1x.png","295","CAB10A0D391EC5BC09EF50CE49E8AD401CEE7EF03707EC0923A222C5C2B3D212","2026-05-23T17:09:38"
"code/dcajal__cognitive-tests/example/ios/Runner/Assets.xcassets/AppIcon.appiconset/Icon-App-20x20@2x.png","406","B9AD02CF6576A04D1B6806AC02A2431481B448DD0C2E505CE25842D1F7C4730B","2026-05-23T17:09:38"
"code/dcajal__cognitive-tests/example/ios/Runner/Assets.xcassets/AppIcon.appiconset/Icon-App-20x20@3x.png","450","C6E6D3B215AE744A9C391F4C4D44157EFF5E739D6AD6C39F9BFA5DF66DDDD267","2026-05-23T17:09:38"
"code/dcajal__cognitive-tests/example/ios/Runner/Assets.xcassets/AppIcon.appiconset/Icon-App-29x29@1x.png","282","5DEE24DC104AC76DC162E42AE0BEB163D426BF365562EE28BA7B3AD368559A60","2026-05-23T17:09:38"
"code/dcajal__cognitive-tests/example/ios/Runner/Assets.xcassets/AppIcon.appiconset/Icon-App-29x29@2x.png","462","A9B21EB6F4271385655A8771F76E29EEF8C1107D7879CBCFC567E6619D1F716A","2026-05-23T17:09:38"
"code/dcajal__cognitive-tests/example/ios/Runner/Assets.xcassets/AppIcon.appiconset/Icon-App-29x29@3x.png","704","E677D701FFE4AF7BC2935098D6B3984CC9AB7ACE573E6900955A5535B12410CF","2026-05-23T17:09:38"
"code/dcajal__cognitive-tests/example/ios/Runner/Assets.xcassets/AppIcon.appiconset/Icon-App-40x40@1x.png","406","B9AD02CF6576A04D1B6806AC02A2431481B448DD0C2E505CE25842D1F7C4730B","2026-05-23T17:09:38"
"code/dcajal__cognitive-tests/example/ios/Runner/Assets.xcassets/AppIcon.appiconset/Icon-App-40x40@2x.png","586","7C61C42FC7B657D9CF314D32A4EC458F0647C3AAF360BE1B9377857266EC2499","2026-05-23T17:09:38"
"code/dcajal__cognitive-tests/example/ios/Runner/Assets.xcassets/AppIcon.appiconset/Icon-App-40x40@3x.png","862","19BE171481DC71A0B2803EBCD01DD8B0C5FD5778DEE34C0A3CABC948C225F24E","2026-05-23T17:09:38"
"code/dcajal__cognitive-tests/example/ios/Runner/Assets.xcassets/AppIcon.appiconset/Icon-App-60x60@2x.png","862","19BE171481DC71A0B2803EBCD01DD8B0C5FD5778DEE34C0A3CABC948C225F24E","2026-05-23T17:09:38"
"code/dcajal__cognitive-tests/example/ios/Runner/Assets.xcassets/AppIcon.appiconset/Icon-App-60x60@3x.png","1674","4209A49E44A92EC40A327D3455EB1B1C153EE83D75DE1C2BE0A12AB18B2FF9DE","2026-05-23T17:09:38"
"code/dcajal__cognitive-tests/example/ios/Runner/Assets.xcassets/AppIcon.appiconset/Icon-App-76x76@1x.png","762","836C918CB613249EBA0483A6B02FA3DF3C1C0A89A315EE4D3B88509B83C7AB73","2026-05-23T17:09:38"
"code/dcajal__cognitive-tests/example/ios/Runner/Assets.xcassets/AppIcon.appiconset/Icon-App-76x76@2x.png","1226","41C7D42F6E61F8FE7F30B1FFA2256AECBC9682BE06D18C4A3062043E1A2E547C","2026-05-23T17:09:38"
"code/dcajal__cognitive-tests/example/ios/Runner/Assets.xcassets/AppIcon.appiconset/Icon-App-83.5x83.5@2x.png","1418","5D7E5BDF01B93802BC973345B3A78C038907147625035952A08A115A563B7F81","2026-05-23T17:09:38"
"code/dcajal__cognitive-tests/example/ios/Runner/Assets.xcassets/LaunchImage.imageset/Contents.json","414","FBD112A9F3B541A1D811F71AC8E4FE68B6176687D973A5F4D99B7AA4A722E94E","2026-05-23T17:09:38"
"code/dcajal__cognitive-tests/example/ios/Runner/Assets.xcassets/LaunchImage.imageset/LaunchImage.png","68","93AE7D494FAD0FB30CBF3AE746A39C4BC7A0F8BBF87FBB587A3F3C01F3C5CE20","2026-05-23T17:09:38"
"code/dcajal__cognitive-tests/example/ios/Runner/Assets.xcassets/LaunchImage.imageset/LaunchImage@2x.png","68","93AE7D494FAD0FB30CBF3AE746A39C4BC7A0F8BBF87FBB587A3F3C01F3C5CE20","2026-05-23T17:09:38"
"code/dcajal__cognitive-tests/example/ios/Runner/Assets.xcassets/LaunchImage.imageset/LaunchImage@3x.png","68","93AE7D494FAD0FB30CBF3AE746A39C4BC7A0F8BBF87FBB587A3F3C01F3C5CE20","2026-05-23T17:09:38"
"code/dcajal__cognitive-tests/example/ios/Runner/Assets.xcassets/LaunchImage.imageset/README.md","340","853AC958E2416FE2540F6F61165283A3618B71A7BA5F85F65AC41C2158DFCD21","2026-05-23T17:09:38"
"code/dcajal__cognitive-tests/example/ios/Runner/Base.lproj/LaunchScreen.storyboard","2414","BC3644FBB251FF1E18DE25A4932C927850AE1A025BE3DD1447940429633FE4B2","2026-05-23T17:09:38"
"code/dcajal__cognitive-tests/example/ios/Runner/Base.lproj/Main.storyboard","1631","DCEA4686C02065E56217FD19FCFB73D7509B41872E7486126149D47A18559363","2026-05-23T17:09:38"
"code/dcajal__cognitive-tests/example/ios/Runner/Info.plist","1722","8C392B6BA0130D5631CE205304A4C57B88973776E27F8BBDB33DC6210F33CD17","2026-05-23T17:09:38"
"code/dcajal__cognitive-tests/example/ios/Runner/Runner-Bridging-Header.h","39","EFE657D8B27F7F8595A0D416BFFB33FE7D93BD2869D81F7353B556C439D7A1A7","2026-05-23T17:09:38"
"code/dcajal__cognitive-tests/example/ios/RunnerTests/RunnerTests.swift","297","C0E04141287EB7F9C9F3D31CF5BE8CB626A9EA71351206C9121578E8B8F480C3","2026-05-23T17:09:38"
"code/dcajal__cognitive-tests/example/lib/main.dart","6263","1EC8929D849D3ECAF9BFF7173BE565FC869357FEE928A767CD1328F04ED67ECF","2026-05-23T17:09:38"
"code/dcajal__cognitive-tests/example/lib/stroop_test_page.dart","2284","45F306B562514885BA09C2D27EE353A4BD99BAF00D81FD374DDBC22DA981C62C","2026-05-23T17:09:38"
"code/dcajal__cognitive-tests/example/lib/trail_making_test_instructions.dart","2606","5F6C7454F0838F7E10C14C87F3B01676CCB30DFA9D4CF8A3F13A2E721A60EB2D","2026-05-23T17:09:38"
"code/dcajal__cognitive-tests/example/lib/trail_making_test_page.dart","3016","919B25FA8F2080CCE5CBA237F1802BBE489C58F5147DBD85CA4570C758D12C2E","2026-05-23T17:09:38"
"code/dcajal__cognitive-tests/example/pubspec.lock","12174","074D1F59A9EBE68AAF361AD15A8DE583B510B644379684C668FCAD8F16CE7E87","2026-05-23T17:09:38"
"code/dcajal__cognitive-tests/example/pubspec.yaml","469","017520E56AF59050DD507547E15191C15FB7B41E0EFE2D38B1EBB027E9820A6C","2026-05-23T17:09:38"
"code/dcajal__cognitive-tests/lib/cognitive_tests.dart","373","5BF908A859C91AD258A8532CAE43A4A54593FD14883FCC00EE9FBA533D7C7299","2026-05-23T17:09:38"
"code/dcajal__cognitive-tests/lib/src/interfaces/test_result_handler.dart","478","AB0DE98522F982672A7C70F7562D9D2A1A618F6A1982277AD826E6A9366384CC","2026-05-23T17:09:38"
"code/dcajal__cognitive-tests/lib/src/models/stroop_languages.dart","1712","140BC8B1145AF78D35EAEFE9A7697A7D50BB4509A5F7F9599DEFA3993432EA09","2026-05-23T17:09:38"
"code/dcajal__cognitive-tests/lib/src/models/test_results.dart","1420","5F77145EE6CFFAD6BF89E8989D681D8407A3974975B6FA837DAB4881A4957E5F","2026-05-23T17:09:38"
"code/dcajal__cognitive-tests/lib/src/tests/stroop_test.dart","9223","D0502341D01DDA04A072E7FD35AB6114614047017A978BC2516A1710D5A78064","2026-05-23T17:09:38"
"code/dcajal__cognitive-tests/lib/src/tests/trail_making_test.dart","2906","7A1EE1C2F37E8570273A92577587402218945251D36D933DF68D9C4BB895A9C3","2026-05-23T17:09:38"
"code/dcajal__cognitive-tests/lib/src/widgets/stroop_viewer.dart","4562","954A35B5854587A9D20CEB33DD100C00C920ACA10AB2146D7DDCADD8CD7D255A","2026-05-23T17:09:38"
"code/dcajal__cognitive-tests/lib/src/widgets/trail_making_test_example_viewer.dart","827","4E6B133C97F7462DA29F598E5175FE6F8B2B6263EF6ABCE3D7F81BBE4F1D76B5","2026-05-23T17:09:38"
"code/dcajal__cognitive-tests/lib/src/widgets/trail_making_test_viewer.dart","4089","972EA4D40983B64DE812B85FEC501ABEBDE3FB7F737E6AA675401C382FD0FFC0","2026-05-23T17:09:38"
"code/dcajal__cognitive-tests/pubspec.yaml","1750","4E9295277507E25D7CE4E692F15B6601ABAEAEEEA40996C8E74EBC3E1B3DCB3B","2026-05-23T17:09:38"
"code/dcajal__cognitive-tests/test/stroop_test_test.dart","3764","3C0A1D8D7321FB974400390D54EE5313A81C88EDF4087259D1972F3AAAE2A56D","2026-05-23T17:09:38"
"code/dcajal__cognitive-tests/test/trail_making_test_test.dart","11183","31D5E1213B4C4038393FBA2BC1C78A8FE76E5FD9661AFD8702688412929A9546","2026-05-23T17:09:38"
"code/expfactory-experiments__stroop-5min/.git/HEAD","23","F6F2B945F6C411B02BA3DA9C7ACE88DCF71B6AF65BA2E0D89AA82900042B5A10","2026-05-23T17:09:40"
"code/expfactory-experiments__stroop-5min/.git/config","326","D67D23BC2FC90E801D6DA1A63EAA677DE31C4ACAAABE672F1FC3B2F6817FD874","2026-05-23T17:09:40"
"code/expfactory-experiments__stroop-5min/.git/description","73","85AB6C163D43A17EA9CF7788308BCA1466F1B0A8D1CC92E26E9BF63DA4062AEE","2026-05-23T17:09:39"
"code/expfactory-experiments__stroop-5min/.git/hooks/applypatch-msg.sample","478","0223497A0B8B033AA58A3A521B8629869386CF7AB0E2F101963D328AA62193F7","2026-05-23T17:09:39"
"code/expfactory-experiments__stroop-5min/.git/hooks/commit-msg.sample","1972","EFC1401B0E99D1FF51494D154D98B46C1E99059BCD8BF9F73CECDE19FD3EB23B","2026-05-23T17:09:39"
"code/expfactory-experiments__stroop-5min/.git/hooks/fsmonitor-watchman.sample","4611","9159720099AD5595B8E66645CBFD47763C1E920F46E0B50AE75E642BBEC57EF0","2026-05-23T17:09:39"
"code/expfactory-experiments__stroop-5min/.git/hooks/post-update.sample","189","81765AF2DAEF323061DCBC5E61FC16481CB74B3BAC9AD8A174B186523586F6C5","2026-05-23T17:09:39"
"code/expfactory-experiments__stroop-5min/.git/hooks/pre-applypatch.sample","424","E15C5B469EA3E0A695BEA6F2C82BCF8E62821074939DDD85B77E0007FF165475","2026-05-23T17:09:39"
"code/expfactory-experiments__stroop-5min/.git/hooks/pre-commit.sample","1649","57185B7B9F05239D7AB52DB045F5B89EB31348D7B2177EAB214F5EB872E1971B","2026-05-23T17:09:39"
"code/expfactory-experiments__stroop-5min/.git/hooks/pre-merge-commit.sample","416","D3825A70337940EBBD0A5C072984E13245920CDF8898BD225C8D27A6DFC9CB53","2026-05-23T17:09:39"
"code/expfactory-experiments__stroop-5min/.git/hooks/pre-push.sample","1374","ECCE9C7E04D3F5DD9D8ADA81753DD1D549A9634B26770042B58DDA00217D086A","2026-05-23T17:09:39"
"code/expfactory-experiments__stroop-5min/.git/hooks/pre-rebase.sample","4898","4FEBCE867790052338076F4E66CC47EFB14879D18097D1D61C8261859EAAA7B3","2026-05-23T17:09:39"
"code/expfactory-experiments__stroop-5min/.git/hooks/pre-receive.sample","544","A4C3D2B9C7BB3FD8D1441C31BD4EE71A595D66B44FCF49DDB310252320169989","2026-05-23T17:09:39"
"code/expfactory-experiments__stroop-5min/.git/hooks/prepare-commit-msg.sample","1492","E9DDCAA4189FDDD25ED97FC8C789ECA7B6CA16390B2392AE3276F0C8E1AA4619","2026-05-23T17:09:39"
"code/expfactory-experiments__stroop-5min/.git/hooks/push-to-checkout.sample","2783","A53D0741798B287C6DD7AFA64AEE473F305E65D3F49463BB9D7408EC3B12BF5F","2026-05-23T17:09:39"
"code/expfactory-experiments__stroop-5min/.git/hooks/sendemail-validate.sample","2308","44EBFC923DC5466BC009602F0ECF067B9C65459ABFE8868DDC49B78E6CED7A92","2026-05-23T17:09:39"
"code/expfactory-experiments__stroop-5min/.git/hooks/update.sample","3650","8D5F2FA83E103CF08B57EAA67521DF9194F45CBDBCB37DA52AD586097A14D106","2026-05-23T17:09:39"
"code/expfactory-experiments__stroop-5min/.git/index","2642","13129205DF6C556365B0D19DA1CBB1ACEB245D6BA107868D5656E0C70ED63D1E","2026-05-23T17:09:40"
"code/expfactory-experiments__stroop-5min/.git/info/exclude","240","6671FE83B7A07C8932EE89164D1F2793B2318058EB8B98DC5C06EE0A5A3B0EC1","2026-05-23T17:09:39"
"code/expfactory-experiments__stroop-5min/.git/logs/HEAD","208","E2651932F7EB1820CC068036EAE685FB2F9B09AC9CC7C77C1F486A79512C4B8D","2026-05-23T17:09:40"
"code/expfactory-experiments__stroop-5min/.git/logs/refs/heads/master","208","E2651932F7EB1820CC068036EAE685FB2F9B09AC9CC7C77C1F486A79512C4B8D","2026-05-23T17:09:40"
"code/expfactory-experiments__stroop-5min/.git/logs/refs/remotes/origin/HEAD","208","E2651932F7EB1820CC068036EAE685FB2F9B09AC9CC7C77C1F486A79512C4B8D","2026-05-23T17:09:40"
"code/expfactory-experiments__stroop-5min/.git/objects/pack/pack-925896be1ef19f541f420ab0f2971cca69570bad.idx","1968","54AC1EB8FC2F38C9CBB2C58EF61ED2D3CF3D8609968769E72D86CBE0196B4896","2026-05-23T17:09:40"
"code/expfactory-experiments__stroop-5min/.git/objects/pack/pack-925896be1ef19f541f420ab0f2971cca69570bad.pack","192349","E28828DAFDB23F552C5E1097E4432EB839ACD2EFF19623F4A8FAE02945F9F9BA","2026-05-23T17:09:40"
"code/expfactory-experiments__stroop-5min/.git/objects/pack/pack-925896be1ef19f541f420ab0f2971cca69570bad.rev","180","21EC8E02A5CC4C4F411720E2A881B37F98F98B9A48B71A3F077D12AAC36E4891","2026-05-23T17:09:40"
"code/expfactory-experiments__stroop-5min/.git/packed-refs","114","FF70A07C6AF05F3DA67048EA93DE8354CB2A5A5B42188AD1CE6181880168EBDC","2026-05-23T17:09:40"
"code/expfactory-experiments__stroop-5min/.git/refs/heads/master","41","A62634D07960619307FC1719671842EDE6104B8AEA9306731E8DECE8F8FADEC8","2026-05-23T17:09:40"
"code/expfactory-experiments__stroop-5min/.git/refs/remotes/origin/HEAD","32","CDC65E67690C4C6475174E5EC662B70655246A2F3924354778835AB3BE70AA76","2026-05-23T17:09:40"
"code/expfactory-experiments__stroop-5min/.git/shallow","41","A62634D07960619307FC1719671842EDE6104B8AEA9306731E8DECE8F8FADEC8","2026-05-23T17:09:40"
"code/expfactory-experiments__stroop-5min/.github/workflows/build-deploy.yaml","1620","D804FD262F4672B7F6EF354172A35EABC21297933C7EC6AAADC5FFA63E100FB1","2026-05-23T17:09:40"
"code/expfactory-experiments__stroop-5min/LICENSE","1128","A106CA016AC0423C0621E56C755F1D0B5F60B7CCDD54C5C0AE52695E07EAC49A","2026-05-23T17:09:40"
"code/expfactory-experiments__stroop-5min/README.md","2864","A3EFF1833280C06250FBACE0B87199BD5BF7826F4554D7B61D4F7B2113CE6DCD","2026-05-23T17:09:40"
"code/expfactory-experiments__stroop-5min/config.json","729","1C5F71709F40E43F835950E21B2E952735AE82AE866C7CCC2AD021AD4A1D1CE6","2026-05-23T17:09:40"
"code/expfactory-experiments__stroop-5min/default_style.css","7898","2AF7B38231F64A4023D7BBEB0C01192AF1C626FB332404DD678DA0449D4B2EAA","2026-05-23T17:09:40"
"code/expfactory-experiments__stroop-5min/experiment.js","13547","A75F831FBD1F2B27BAB55D12F43D001C2AAE0ACD2679564D5580A8E0A21E666F","2026-05-23T17:09:40"
"code/expfactory-experiments__stroop-5min/index.html","3084","A34DCDDA80EDD9FDE067DD0393B3A4623110A9A2D3B17DB7EBB3F14440E51201","2026-05-23T17:09:40"
"code/expfactory-experiments__stroop-5min/js/jquery.min.js","84359","1060BA101D2A066D2F490291232AF6DF4FBC9D1285501C4C04B0E3249323DA85","2026-05-23T17:09:40"
"code/expfactory-experiments__stroop-5min/js/jspsych/jspsych.js","44334","739951027BD4A699FA521B09A1EC2871785B2DFCFD24882F25F3F0D47A982DC5","2026-05-23T17:09:40"
"code/expfactory-experiments__stroop-5min/js/jspsych/plugins/jspsych-call-function.js","693","0C599E343CD129B079D85C9879714DFB0AD4DFD3BFAFF88E0A31E7B51029629C","2026-05-23T17:09:40"
"code/expfactory-experiments__stroop-5min/js/jspsych/plugins/jspsych-survey-text.js","2831","E80F2AB0C802C190283FD916039A6069FB9A106E7181AFAFA182E5885E0D8466","2026-05-23T17:09:40"
"code/expfactory-experiments__stroop-5min/js/jspsych/plugins/jspsych-text.js","1657","4E88D16D6DB6A6DBFF6D524D633319DE7AAAF8A98AEE00290BF7EAFF6CC00981","2026-05-23T17:09:40"
"code/expfactory-experiments__stroop-5min/js/jspsych/poldrack_plugins/jspsych-attention-check.js","5239","A849124979B6CA7C6E8FD3255024F16436DD467AF7F480E2377E39367699D0E9","2026-05-23T17:09:40"
"code/expfactory-experiments__stroop-5min/js/jspsych/poldrack_plugins/jspsych-poldrack-categorize.js","8098","4A05E05597007251C12C187B2F5DEFA0113C5186914F7021B348E088F6318E4E","2026-05-23T17:09:40"
"code/expfactory-experiments__stroop-5min/js/jspsych/poldrack_plugins/jspsych-poldrack-instructions.js","5579","63FE41990844C49A3B2B244F13DCE4069B9A38E5A2D45C84A9DA01AC9A11D509","2026-05-23T17:09:40"
"code/expfactory-experiments__stroop-5min/js/jspsych/poldrack_plugins/jspsych-poldrack-multi-stim-multi-response.js","7473","C4C75030CB156694DFD66C2492290004C20D3FBA99E62B1294619F17A34B93A8","2026-05-23T17:09:40"
"code/expfactory-experiments__stroop-5min/js/jspsych/poldrack_plugins/jspsych-poldrack-single-stim.js","4744","D69B87C8775116C0AF169F9ACF78EEE330CB4B8A66A700DF10594EC3A683CADE","2026-05-23T17:09:40"
"code/expfactory-experiments__stroop-5min/js/jspsych/poldrack_plugins/jspsych-poldrack-text.js","2595","04BDDB8961DE2D7D2A614D40153CABB9B6E1A865007713599B49D20F91EFFB07","2026-05-23T17:09:40"
"code/expfactory-experiments__stroop-5min/js/jspsych/poldrack_plugins/jspsych-single-stim-button.js","4381","8C48A504515523F2CD8A81521D72357BE102A0B236FFCAB0F446DC505D523A14","2026-05-23T17:09:40"
"code/expfactory-experiments__stroop-5min/js/jspsych/poldrack_plugins/poldrack_utils.js","1192","5D6CAFADB6C310C31177343D3ECD6350FD95B8B02041D5B80F92F8CBB3D7DB5C","2026-05-23T17:09:40"
"code/expfactory-experiments__stroop-5min/js/math.min.js","444678","51E7646211DB37000C9AAB346A20B04B9D5D98C75602E830107160EC27C016CF","2026-05-23T17:09:40"
"code/expfactory-experiments__stroop-5min/jspsych.css","5909","BCC9ACF577291F97DBE05CED2E95AEEB1E92F6B3FB57DBE288A516DF505F53F5","2026-05-23T17:09:40"
"code/expfactory-experiments__stroop-5min/recommended_finger_placement.svg","44771","E3B34229E97B5F4B1C39DF8E544737EC3544CC28D8D37D0202E1431F0C6692B9","2026-05-23T17:09:40"
"code/expfactory-experiments__stroop-5min/style.css","328","8B4F15B65DBD8FEE42A472786AC1BC18347010040C15A01BB6006D808121D435","2026-05-23T17:09:40"
"code/flowersteam__cognitive-testbattery/.git/HEAD","21","28D25BF82AF4C0E2B72F50959B2BEB859E3E60B9630A5E8C603DAD4DDB2B6E80","2026-05-23T17:09:41"
"code/flowersteam__cognitive-testbattery/.git/config","317","9E5C457359FBDA3FAA1A361537AFF685E87886AD5121AF79F6A47338D8B94A9D","2026-05-23T17:09:41"
"code/flowersteam__cognitive-testbattery/.git/description","73","85AB6C163D43A17EA9CF7788308BCA1466F1B0A8D1CC92E26E9BF63DA4062AEE","2026-05-23T17:09:40"
"code/flowersteam__cognitive-testbattery/.git/hooks/applypatch-msg.sample","478","0223497A0B8B033AA58A3A521B8629869386CF7AB0E2F101963D328AA62193F7","2026-05-23T17:09:40"
"code/flowersteam__cognitive-testbattery/.git/hooks/commit-msg.sample","1972","EFC1401B0E99D1FF51494D154D98B46C1E99059BCD8BF9F73CECDE19FD3EB23B","2026-05-23T17:09:40"
"code/flowersteam__cognitive-testbattery/.git/hooks/fsmonitor-watchman.sample","4611","9159720099AD5595B8E66645CBFD47763C1E920F46E0B50AE75E642BBEC57EF0","2026-05-23T17:09:40"
"code/flowersteam__cognitive-testbattery/.git/hooks/post-update.sample","189","81765AF2DAEF323061DCBC5E61FC16481CB74B3BAC9AD8A174B186523586F6C5","2026-05-23T17:09:40"
"code/flowersteam__cognitive-testbattery/.git/hooks/pre-applypatch.sample","424","E15C5B469EA3E0A695BEA6F2C82BCF8E62821074939DDD85B77E0007FF165475","2026-05-23T17:09:40"
"code/flowersteam__cognitive-testbattery/.git/hooks/pre-commit.sample","1649","57185B7B9F05239D7AB52DB045F5B89EB31348D7B2177EAB214F5EB872E1971B","2026-05-23T17:09:40"
"code/flowersteam__cognitive-testbattery/.git/hooks/pre-merge-commit.sample","416","D3825A70337940EBBD0A5C072984E13245920CDF8898BD225C8D27A6DFC9CB53","2026-05-23T17:09:40"
"code/flowersteam__cognitive-testbattery/.git/hooks/pre-push.sample","1374","ECCE9C7E04D3F5DD9D8ADA81753DD1D549A9634B26770042B58DDA00217D086A","2026-05-23T17:09:40"
"code/flowersteam__cognitive-testbattery/.git/hooks/pre-rebase.sample","4898","4FEBCE867790052338076F4E66CC47EFB14879D18097D1D61C8261859EAAA7B3","2026-05-23T17:09:40"
"code/flowersteam__cognitive-testbattery/.git/hooks/pre-receive.sample","544","A4C3D2B9C7BB3FD8D1441C31BD4EE71A595D66B44FCF49DDB310252320169989","2026-05-23T17:09:40"
"code/flowersteam__cognitive-testbattery/.git/hooks/prepare-commit-msg.sample","1492","E9DDCAA4189FDDD25ED97FC8C789ECA7B6CA16390B2392AE3276F0C8E1AA4619","2026-05-23T17:09:40"
"code/flowersteam__cognitive-testbattery/.git/hooks/push-to-checkout.sample","2783","A53D0741798B287C6DD7AFA64AEE473F305E65D3F49463BB9D7408EC3B12BF5F","2026-05-23T17:09:40"
"code/flowersteam__cognitive-testbattery/.git/hooks/sendemail-validate.sample","2308","44EBFC923DC5466BC009602F0ECF067B9C65459ABFE8868DDC49B78E6CED7A92","2026-05-23T17:09:40"
"code/flowersteam__cognitive-testbattery/.git/hooks/update.sample","3650","8D5F2FA83E103CF08B57EAA67521DF9194F45CBDBCB37DA52AD586097A14D106","2026-05-23T17:09:40"
"code/flowersteam__cognitive-testbattery/.git/index","13699","D4DB7B447F3DC2E156D0C408FD38EA6B36568510F699A27998EA2FD37AA3299B","2026-05-23T17:09:42"
"code/flowersteam__cognitive-testbattery/.git/info/exclude","240","6671FE83B7A07C8932EE89164D1F2793B2318058EB8B98DC5C06EE0A5A3B0EC1","2026-05-23T17:09:40"
"code/flowersteam__cognitive-testbattery/.git/logs/HEAD","207","77CBF2D2F34BBDB23C605DE907738E9DF0523109DA105BACD5C906DC118C9D2F","2026-05-23T17:09:41"
"code/flowersteam__cognitive-testbattery/.git/logs/refs/heads/main","207","77CBF2D2F34BBDB23C605DE907738E9DF0523109DA105BACD5C906DC118C9D2F","2026-05-23T17:09:41"
"code/flowersteam__cognitive-testbattery/.git/logs/refs/remotes/origin/HEAD","207","77CBF2D2F34BBDB23C605DE907738E9DF0523109DA105BACD5C906DC118C9D2F","2026-05-23T17:09:41"
"code/flowersteam__cognitive-testbattery/.git/objects/pack/pack-0438a3f2bbbbd34e70c7ccab221c922d6767676b.idx","5496","BE6107FB7C55F8BB703677933275DBEE95467674D116954DC25032508B045D37","2026-05-23T17:09:41"
"code/flowersteam__cognitive-testbattery/.git/objects/pack/pack-0438a3f2bbbbd34e70c7ccab221c922d6767676b.pack","4284272","5C419CC160F05960D3743FB55261909AA07B615B2180BEE8C0A83CBFB5F94657","2026-05-23T17:09:41"
"code/flowersteam__cognitive-testbattery/.git/objects/pack/pack-0438a3f2bbbbd34e70c7ccab221c922d6767676b.rev","684","5F68FC8CCDD157EA7049749B92420085FFB5BE98ACD16CB972771EF870D566C5","2026-05-23T17:09:41"
"code/flowersteam__cognitive-testbattery/.git/packed-refs","112","18DEC319FD86FBB3BFA3EBE0BA76084AEBD04CD0F1A08DF0155A26AF1EA439F6","2026-05-23T17:09:41"
"code/flowersteam__cognitive-testbattery/.git/refs/heads/main","41","F780DA48D0CCDC2B2290BE17DDB756D2B0384EB8CCEDA9FDC0D5068E2AC1D814","2026-05-23T17:09:41"
"code/flowersteam__cognitive-testbattery/.git/refs/remotes/origin/HEAD","30","2BB6A24AA0FC6C484100F5D51A29BBAD841CD2C755F5D93FAA204E5DBB4EB2B4","2026-05-23T17:09:41"
"code/flowersteam__cognitive-testbattery/.git/shallow","41","F780DA48D0CCDC2B2290BE17DDB756D2B0384EB8CCEDA9FDC0D5068E2AC1D814","2026-05-23T17:09:41"
"code/flowersteam__cognitive-testbattery/LICENSE","1090","1B146791240EAE8CA219FD5B669EFD14713B3A40E090BD7A7A06B3974C4DBA28","2026-05-23T17:09:41"
"code/flowersteam__cognitive-testbattery/README.md","6019","905E03B57B0AB0B7ABD8A231DC809755A9DA088D1E996217E8F12C180A2D13BB","2026-05-23T17:09:41"
"code/flowersteam__cognitive-testbattery/css/common.css","6908","86066F96A19DF08A77AD2F78BF1508ADBEC5A520DC9E16B418DC00BA304613DF","2026-05-23T17:09:41"
"code/flowersteam__cognitive-testbattery/css/style_app.css","479","7651BE3C725A2BA6A9F34C0DBB7A7D2961BF4FDA06EE96388BB334E4EFFE31B6","2026-05-23T17:09:41"
"code/flowersteam__cognitive-testbattery/css/tasks.css","2061","741DF57C0B7491336A91C2DCE90EE24EBDDA9BBDC9C81EB6C6F73957423DE16E","2026-05-23T17:09:41"
"code/flowersteam__cognitive-testbattery/css/zpdes_home.css","6383","09FADE3EEB6F6A41DAA874E917F7F67F5B2CE0B473238AD6CFCB6C31B3E7F52A","2026-05-23T17:09:41"
"code/flowersteam__cognitive-testbattery/expdata/age_participants.csv","535","6FD48D46D190B857929E7B14FDC3DD41A8581980923E7AC28DE54FFBF0DF3635","2026-05-23T17:09:41"
"code/flowersteam__cognitive-testbattery/expdata/results_participants.csv","23528","408874A056B9F3ACB94B3FD4103A1B7D3CAF692828B7A6833B790FE86B61F7D4","2026-05-23T17:09:41"
"code/flowersteam__cognitive-testbattery/flask_app/README","334","6DB060AD7839B50BB6D77F80D3E2BDDA24042721560E8B4C86B2CB41D421C498","2026-05-23T17:09:41"
"code/flowersteam__cognitive-testbattery/flask_app/flask_app.py","1188","798159DAD4551EC098CFD38005C04DE32464296F083BA2E8ECF716728A220E5B","2026-05-23T17:09:41"
"code/flowersteam__cognitive-testbattery/flask_app/static/css","100","BC13C215347117C199CACE05BAC5512E0CBD512C2C845700B0CEBCB0C78697EE","2026-05-23T17:09:41"
"code/flowersteam__cognitive-testbattery/flask_app/static/font","101","5E129E24D200E00F7D2B87F30FEBBE89AFF4BBF0E926233F671285521286040D","2026-05-23T17:09:41"
"code/flowersteam__cognitive-testbattery/flask_app/static/img","100","58E3AD8C5A6E01ED5D6FB38007A5D0A1AF437269E7B74B09C020F97E115682DD","2026-05-23T17:09:41"
"code/flowersteam__cognitive-testbattery/flask_app/static/js","99","813D723D18F79BA69A4318685D084FC7BE9B0268DB968AA372977E0F4A5F3FC3","2026-05-23T17:09:41"
"code/flowersteam__cognitive-testbattery/flask_app/templates/home_flask_app.html","2681","B35F3596B15F0CE840DE354B37458E701D3005C5AAF20DE812AB27AF5E361C6F","2026-05-23T17:09:41"
"code/flowersteam__cognitive-testbattery/flask_app/templates/include/main_enumeration_task.html","1267","1E17296C72AE9F918C6488BB0DA71E5363CBFF2501CD661EB58024E328DED280","2026-05-23T17:09:41"
"code/flowersteam__cognitive-testbattery/flask_app/templates/include/main_gonogo_task.html","1226","09A4F038E9F92357E788B04D0E2909CD6AAF2A162A1A5FADF478F161F2395F45","2026-05-23T17:09:41"
"code/flowersteam__cognitive-testbattery/flask_app/templates/include/main_loadblindness_task.html","1294","7B5943DC41946CEB2A5CF3C046C882EFB032D7A9F355EA83C0C0341AEBEAD672","2026-05-23T17:09:41"
"code/flowersteam__cognitive-testbattery/flask_app/templates/include/main_memorability_task1.html","1374","B3120E8395596DB59DFC4698605854FF1F1B0104AC0D475F556DE8DC0A182078","2026-05-23T17:09:41"
"code/flowersteam__cognitive-testbattery/flask_app/templates/include/main_memorability_task2.html","1374","761907C22CF7E771564A1A17937DEAD6AD79A6A08D8568538B92F94F65F6093A","2026-05-23T17:09:41"
"code/flowersteam__cognitive-testbattery/flask_app/templates/include/main_moteval_task.html","1246","096F0A7D06FD9D9EA091CD6F834FA0F96AD2BCE5037DCFC12BB6AC92C2FE8514","2026-05-23T17:09:41"
"code/flowersteam__cognitive-testbattery/flask_app/templates/include/main_taskswitch_task.html","1260","23B8BD3C593A3E239AAA53F0C60162D2F850409687568C63DF1F1D938711E4BB","2026-05-23T17:09:41"
"code/flowersteam__cognitive-testbattery/flask_app/templates/include/main_workingmemory_task.html","1286","0C9B865485438ECC500C4D1C81D409CFD5CBF9A1F1C5175770FC668BF8F34F8A","2026-05-23T17:09:41"
"code/flowersteam__cognitive-testbattery/font/gillsansstd/GillSansStd-Bold.otf","29668","E5C47B971000678A787E9D0F1E67D7BEBAF4FBC26230658EF8F8750B3F59F70D","2026-05-23T17:09:41"
"code/flowersteam__cognitive-testbattery/font/gillsansstd/GillSansStd-BoldCondensed.otf","29500","827C8D630355B8C04C546ED1C2ED846C8017F9016CD791DECED91E933D34476C","2026-05-23T17:09:41"
"code/flowersteam__cognitive-testbattery/font/gillsansstd/GillSansStd-ExtraBold.otf","30620","8C9D2434CD406C4AA18CC5844107BE21A3B0768000082AB70B2B46A36B7B3291","2026-05-23T17:09:41"
"code/flowersteam__cognitive-testbattery/font/gillsansstd/GillSansStd-ExtraBoldDisp.otf","32864","A475285ECEDCE923F29B178E4C6699D437A5920A6694D0F705455355CA868857","2026-05-23T17:09:41"
"code/flowersteam__cognitive-testbattery/font/gillsansstd/GillSansStd-Light.otf","28732","701F08B88C1D8DBDDB8BC953EEE20B67C275D27482C580942280AD974DE8F6F0","2026-05-23T17:09:41"
"code/flowersteam__cognitive-testbattery/font/gillsansstd/GillSansStd.otf","28880","2F7DCAEBC8BACC27444430AAA296C150B6DEE2A3409F736B4390C00FA5998350","2026-05-23T17:09:41"
"code/flowersteam__cognitive-testbattery/img/bkg_finger1.png","504634","AE88473DFE75D00E6E7B72F2839E6FD40E7AAFB1F40E26D078F892A5FCFA3D06","2026-05-23T17:09:41"
"code/flowersteam__cognitive-testbattery/img/bkg_finger2.png","508910","41A096709B97D97230100B4E04EE69382B07122B7E04940CEAB15C4092C68E5B","2026-05-23T17:09:41"
"code/flowersteam__cognitive-testbattery/img/bkg_largewindow.png","364062","554FD48E120CE32FACAF03C3AA2F9053D40A90368AA2657CD097D6292256DB61","2026-05-23T17:09:41"
"code/flowersteam__cognitive-testbattery/img/bkg_nofinger.png","498345","21EC2790385EE4A736DD75F5E7AB72ECE6DC34BB499673B0273F6EEC38E9276D","2026-05-23T17:09:41"
"code/flowersteam__cognitive-testbattery/img/bubble_line.png","1475","3F63810EF9CB8C60E1E99333AE86E43BA9B1F87E38E91C231F63F036B0A0EA1A","2026-05-23T17:09:41"
"code/flowersteam__cognitive-testbattery/img/icons/success.png","16728","2579156D24744C1010FF4E04910E6298A5916786CDE5D05F6DE673A3D0B2E85C","2026-05-23T17:09:41"
"code/flowersteam__cognitive-testbattery/img/instruction1.png","5337","BBF0897808F4E68AEEEBD1F14AF3AD4CFB3DDA3E66FB9B37A006B0B90325DB66","2026-05-23T17:09:41"
"code/flowersteam__cognitive-testbattery/img/instruction2.png","5303","FBB305624AA375841D4EA4B627BE17F61B5BE3BD0C5452A99123D8364B1C724F","2026-05-23T17:09:41"
"code/flowersteam__cognitive-testbattery/img/instruction_loadinduced.png","14017","957285664EF25B8FDD758F1F3375D709AA7D4D98A901F99F018D8DAC150DA9D6","2026-05-23T17:09:41"
"code/flowersteam__cognitive-testbattery/img/list","3438","43AEA77465904FB2CB6C8D191BB066A40253264B3512F0511C8B2FC893667032","2026-05-23T17:09:41"
"code/flowersteam__cognitive-testbattery/img/list2","3598","E259F849AC4CFCF18A00FD6C2742F9A1C0E3B91B2FFD105A7BF407FBC6D081BE","2026-05-23T17:09:41"
"code/flowersteam__cognitive-testbattery/img/list_img_filler1.csv","1958","87B7D95C0A8053D16CC5ACC434A59DDC7AC6030B5BDB0F395781B8E0E3A0A2CA","2026-05-23T17:09:41"
"code/flowersteam__cognitive-testbattery/img/list_img_filler2.csv","2118","E0FAB18104F7B25F3950DE65EF945644363B6D5356564F582AD50D835681D4B3","2026-05-23T17:09:41"
"code/flowersteam__cognitive-testbattery/img/list_img_filler_tutorial.csv","292","D12E606218F78BA84145DB03177016F823285A1CFE3C7E0238C52CC3F64BBB1C","2026-05-23T17:09:41"
"code/flowersteam__cognitive-testbattery/img/list_img_target1.csv","1958","41892BD424D66B00F8C247F4A9DF1409BF040FCD394BEEFA9F8B84D2950D48C7","2026-05-23T17:09:41"
"code/flowersteam__cognitive-testbattery/img/list_img_target1.json","2401","87A174EE1AE30E171D73AEB6366DACE84B7C30C07A6AFDC021FAF58B516205D3","2026-05-23T17:09:41"
"code/flowersteam__cognitive-testbattery/img/list_img_target2.csv","2118","EFA20B3FC39975405956005DE6878257E423F23712816A2BE90FC1FD10A85B5E","2026-05-23T17:09:41"
"code/flowersteam__cognitive-testbattery/img/list_img_target_tutorial.csv","341","0A354065AED29CD5A19C374360ED56911593E0F9C0C180876D5FD1EF9C1CAE1B","2026-05-23T17:09:41"
"code/flowersteam__cognitive-testbattery/img/noise.png","1051097","80F836078B9F2423E8BB97FBF4A0D82F4ADF2660CA4DE1ADAC571A2DDDF69FB7","2026-05-23T17:09:41"
"code/flowersteam__cognitive-testbattery/img/obj_mot.png","23754","DE83F55BA2C798C4D214AA97F7DBF60DCCBABE15BBED52A42C56D32A83914987","2026-05-23T17:09:41"
"code/flowersteam__cognitive-testbattery/img/obj_workingmemory.png","5666","DEE059A49F89399073247B0908C67683806A927A91F42419F7D38AAFEED48D5B","2026-05-23T17:09:41"
"code/flowersteam__cognitive-testbattery/img/researcher/researcher_1.png","54248","849561B6A6EC71C948688ED41BA585C5913C7E7B76B8D888C526022AA1A27D7D","2026-05-23T17:09:41"
"code/flowersteam__cognitive-testbattery/img/researcher/researcher_2.png","53628","F4605A1E865A1D735C7A4707C16283870F6D831A7DD4D6EFAF662C9CE6E18CC9","2026-05-23T17:09:41"
"code/flowersteam__cognitive-testbattery/img/researcher/researcher_3.png","51875","D349FC7EB4C0263D82C63D9A5E1B26DB8F665296DFEB70F59DD9B64F5BC66C01","2026-05-23T17:09:41"
"code/flowersteam__cognitive-testbattery/img/researcher/researcher_4.png","51811","15F81090CB0C5498FA184E3243BAE2A800FB61A7E71ECBC945F8EF5B894B5EC2","2026-05-23T17:09:41"
"code/flowersteam__cognitive-testbattery/img/researcher/researcher_5.png","53855","5955AE2D44337E98492A8367FD5DE4C80385EC5A9C3D966F1A4157A41E5905DA","2026-05-23T17:09:41"
"code/flowersteam__cognitive-testbattery/img/researcher/researcher_6.png","54296","E7E9172FCAE9972A02FE9CDF3BC2720425961624EFF9FBC327937B479C75A2BF","2026-05-23T17:09:41"
"code/flowersteam__cognitive-testbattery/img/researcher/researcher_shadow.png","59562","3FBE27780C03480AA117DB0846E6FED369685D22E1CE04E9808B60622EC56AA1","2026-05-23T17:09:41"
"code/flowersteam__cognitive-testbattery/img/task1.png","21773","6BC6E6BD3998E9D9481391927A5F963980195B092AC5411AD443A7F096685B63","2026-05-23T17:09:41"
"code/flowersteam__cognitive-testbattery/img/task2.png","8131","9172733C6DE2C444C4907C4619E9F249B3384D39D25B24BE36DE184BBFB5771F","2026-05-23T17:09:41"
"code/flowersteam__cognitive-testbattery/include/main_enumeration_task.html","882","98536BF5EDF19C68B383C3683618CA05481E566ABA42C663D792875C7323F69F","2026-05-23T17:09:41"
"code/flowersteam__cognitive-testbattery/include/main_gonogo_task.html","839","C4241D8EFB9DE637BB3FFFE34E808C8D8B0033D5F8F3B8F450A7E9FC319BBD97","2026-05-23T17:09:41"
"code/flowersteam__cognitive-testbattery/include/main_loadblindness_task.html","909","6E73F32C3633E88134E65D9DD13D743AFA002658079313187B5C061E86CE7310","2026-05-23T17:09:41"
"code/flowersteam__cognitive-testbattery/include/main_memorability_task1.html","958","3567366AF0AFB388B3B13C56AAA6FD92679A2D6BC6E6A40F4963265EE3E024B1","2026-05-23T17:09:41"
"code/flowersteam__cognitive-testbattery/include/main_memorability_task2.html","958","5ABC45F1018D48AC0A277CFC92580EB99514DEE9EA5FEA17456F1F892D5C3615","2026-05-23T17:09:41"
"code/flowersteam__cognitive-testbattery/include/main_moteval_task.html","863","A4B04700995DD818CEEA61D74B525458AF8CABA463198B6382655C9F00CEB0B9","2026-05-23T17:09:41"
"code/flowersteam__cognitive-testbattery/include/main_taskswitch_task.html","877","369F8D20FCE262564800B821552C8DCC02E8578784D95B7836AA4ACED6618389","2026-05-23T17:09:41"
"code/flowersteam__cognitive-testbattery/include/main_workingmemory_task.html","901","1743867606FC65282C0CB657304FB45E8846D73E3451DB60BDDA0F0E1D9D0A9C","2026-05-23T17:09:41"
"code/flowersteam__cognitive-testbattery/index.html","1919","2ABA6059B900B3D79BD954286F7BAD344E33850C555166E0D3A707B8685B3D05","2026-05-23T17:09:41"
"code/flowersteam__cognitive-testbattery/js/addScreenPositionFunction.js","6947","071FA8A4FA7870EB0480231FE30895AC4C5680751278F06C127EC4CB766500CB","2026-05-23T17:09:41"
"code/flowersteam__cognitive-testbattery/js/app_enumeration/config.js","4056","6CA3334841ADFD4BB04A26361E433609A6E3B03CA37351B3568E1C77A01B9C49","2026-05-23T17:09:41"
"code/flowersteam__cognitive-testbattery/js/app_enumeration/config_tutorial.js","3909","EB6E36692A9862195606228CF94A25B68CB67E615A37C7507A8B32083E9F9C4B","2026-05-23T17:09:41"
"code/flowersteam__cognitive-testbattery/js/app_enumeration/enumeration.js","2209","3625CED78B9EABC42C14D9A7E01F11D64932F0A665FA97CBAA636E6C89410979","2026-05-23T17:09:41"
"code/flowersteam__cognitive-testbattery/js/app_enumeration/parametermanager.js","1520","D501C7F2A26B48E964E90E429C14CE39B5BAC215212DF97DD5C415AAC625CF8C","2026-05-23T17:09:41"
"code/flowersteam__cognitive-testbattery/js/app_enumeration/scene_testtrial.js","6169","FE4B3190CFA70C448A68DE51EE19EAAE46B3D1BA36F7E8E28ECAE7C46F55F14D","2026-05-23T17:09:41"
"code/flowersteam__cognitive-testbattery/js/app_enumeration/scene_tutorials.js","8630","F6DF9673647F2DE23ADD5ED42940E5579647466250C10F5EB2B925816B804339","2026-05-23T17:09:41"
"code/flowersteam__cognitive-testbattery/js/app_enumeration/timemanager.js","3728","3C899FF63E04F6EC941660D46BDB179D6EF304A8C472321EDF94B75570656E8D","2026-05-23T17:09:41"
"code/flowersteam__cognitive-testbattery/js/app_gonogo/config.js","2898","00A3FD591537CA787235C78672396D3BCF3B099A36BC1FA6C86A3D362CD006CF","2026-05-23T17:09:41"
"code/flowersteam__cognitive-testbattery/js/app_gonogo/config_tutorial.js","4103","488422058FE25731E3190FEC63B1C24440A6070F3E2534F113913351E82ACED9","2026-05-23T17:09:41"
"code/flowersteam__cognitive-testbattery/js/app_gonogo/gonogo.js","879","E0C6DBB2BAA9ECF344EBF23B65787E614EEF873B70B5837D4BCA656295E29C86","2026-05-23T17:09:41"
"code/flowersteam__cognitive-testbattery/js/app_gonogo/parametermanager.js","4667","04B382DB4E519BF912D98B6C60B20C3676D5D3E2764C26F68073365B3CA8BD1D","2026-05-23T17:09:41"
"code/flowersteam__cognitive-testbattery/js/app_gonogo/scene_testtrial.js","3136","1DB537F3EC8605B30A590F07E783075144E374C039093E867F526414A67127C6","2026-05-23T17:09:41"
"code/flowersteam__cognitive-testbattery/js/app_gonogo/scene_tutorials.js","7815","34D8EB2E5E0F22042D142793C7BAAF781BBBCC25CC482D71B446CC7187F26E88","2026-05-23T17:09:41"
"code/flowersteam__cognitive-testbattery/js/app_gonogo/timemanager.js","3312","377D85847C7ACADD61F336CA73E6AACAE7E902A4A4292B73794CFABD94089F94","2026-05-23T17:09:41"
"code/flowersteam__cognitive-testbattery/js/app_loadblindness/config.js","4276","E2E5FE299F0444A1AA7BDAD5E139AAB954CC839495F65556D4E1223FF4120E47","2026-05-23T17:09:41"
"code/flowersteam__cognitive-testbattery/js/app_loadblindness/config_tutorial.js","4218","45E066F17A5324155EA62AED60F72B8916B5C464D8ECA4B2D6E8A1F78568E259","2026-05-23T17:09:41"
"code/flowersteam__cognitive-testbattery/js/app_loadblindness/loadblindness.js","2959","5D1041165D6DE5D77D5118AED8E3B084BCD60217673B4B1BBEE7DB9CF559A97F","2026-05-23T17:09:41"
"code/flowersteam__cognitive-testbattery/js/app_loadblindness/parametermanager.js","4841","62550325663E04ADA4ED3B1A245D9FDD0CAEFF33E2A34DA17D3ADA1BEA139B75","2026-05-23T17:09:41"
"code/flowersteam__cognitive-testbattery/js/app_loadblindness/scene_testtrial.js","6333","F1AAD0EDC239D239D6808CD09EABEEF1507645004DC29D497C2ABE4D521AF8DA","2026-05-23T17:09:41"
"code/flowersteam__cognitive-testbattery/js/app_loadblindness/scene_tutorials.js","11180","4C9955E341FB85410BDFA1504B8E32E32B5AF13D60D7B1124A30A2E174069492","2026-05-23T17:09:41"
"code/flowersteam__cognitive-testbattery/js/app_loadblindness/timemanager.js","4113","B308B87B571EC6962FF7CC5E186551C1F7E61D8057B455284ABEFAADC449B5F3","2026-05-23T17:09:41"
"code/flowersteam__cognitive-testbattery/js/app_memorability/config1.js","3845","04E29A936ABB8C32C56F69D08DF660149DE11AE2E7ED29349491238DEEA7C5C0","2026-05-23T17:09:41"
"code/flowersteam__cognitive-testbattery/js/app_memorability/config2.js","3837","5E25BEC6B0400E525E95E37186F6CEFDFDA6E0C6EF62773315AF1BDA0FA24291","2026-05-23T17:09:41"
"code/flowersteam__cognitive-testbattery/js/app_memorability/config_tutorial.js","4392","4167987160050DA67A3FE85BF6C23A60EEDABEE014509BB589AF33E2609ECA60","2026-05-23T17:09:41"
"code/flowersteam__cognitive-testbattery/js/app_memorability/list_imgs1.js","4945","F280D832A0C8868FFF35CF078BD1C955B28227A72F76D318A62B9D015FF19BB9","2026-05-23T17:09:41"
"code/flowersteam__cognitive-testbattery/js/app_memorability/list_imgs2.js","5256","52DAFF2B10EE8E676A656B17C7575AAA980CFC591647267F7F0BC4E43D4E7FDD","2026-05-23T17:09:41"
"code/flowersteam__cognitive-testbattery/js/app_memorability/memorability.js","2202","CA3D0739EE01A651D89FED579B02F623A810A2EBD89F918FC853E5FD6438FD25","2026-05-23T17:09:41"
"code/flowersteam__cognitive-testbattery/js/app_memorability/parametermanager.js","3952","7F56864C0899200C2A042AB4AF80231E319A3EABAD3CFA5AD4F4A842422BC013","2026-05-23T17:09:41"
"code/flowersteam__cognitive-testbattery/js/app_memorability/scene_testtrial.js","5528","C33BF7CDE5E62ABCE80BFD284097E86057DE7531C04D2EDC4DB312A10A180738","2026-05-23T17:09:41"
"code/flowersteam__cognitive-testbattery/js/app_memorability/scene_tutorials.js","7282","F8A4E5C4BB0C36170CA2E6F5FF60FCC790BD6E247A16E74E57F11D136EE51BC1","2026-05-23T17:09:41"
"code/flowersteam__cognitive-testbattery/js/app_memorability/timemanager.js","3594","2F2F324BB5E8C628A2BF2539229425C427D3E4064E4B036C581153C2C28C11AC","2026-05-23T17:09:41"
"code/flowersteam__cognitive-testbattery/js/app_moteval/config.js","3293","FBB5121A09E768B00A374DB2D5E21C34DF661D5B8D303F0C48FB826195BA038C","2026-05-23T17:09:41"
"code/flowersteam__cognitive-testbattery/js/app_moteval/config_tutorial.js","3698","B53899B8267BC194EBFF4A389FE4B7D8F0ADD1E831E5E0CA7C333C2B182791A6","2026-05-23T17:09:41"
"code/flowersteam__cognitive-testbattery/js/app_moteval/moteval.js","978","06080D2AB49CB0AC347D6209C79A0480238CD4A2EE940C6E183257E276269BCA","2026-05-23T17:09:41"
"code/flowersteam__cognitive-testbattery/js/app_moteval/parametermanager.js","2389","D81E4B447A15A8C6A6D56DF012D297915B93AB213B6EDFB56F3D59D69F7EF6D5","2026-05-23T17:09:41"
"code/flowersteam__cognitive-testbattery/js/app_moteval/scene_testtrial.js","6090","8D46EB5901710FC7C9AA89AA87DEE7514971ED24F7A3C6EA4005A49C64BB519F","2026-05-23T17:09:41"
"code/flowersteam__cognitive-testbattery/js/app_moteval/scene_tutorials.js","7293","22A4C586182F6C2502E8876086D7597E7053F6E85B6D5FDFA2F7D081DE68B4CA","2026-05-23T17:09:41"
"code/flowersteam__cognitive-testbattery/js/app_moteval/timemanager.js","3641","64FDEBF786EF0F43BBF5AFC19AC41EC74CFB7909BC9DEA962D52ABFFF22B9F94","2026-05-23T17:09:41"
"code/flowersteam__cognitive-testbattery/js/app_taskswitch/config.js","3532","4FAA32CE00327A24987857910B94B22C23FE57246425187444F7B3BF06ABC0CE","2026-05-23T17:09:41"
"code/flowersteam__cognitive-testbattery/js/app_taskswitch/config_tutorial.js","4024","7C4A3D1BACBCA7583DFE8C6ABB3F23D591171EA17AFBDDE557D40E50720F03BC","2026-05-23T17:09:41"
"code/flowersteam__cognitive-testbattery/js/app_taskswitch/parametermanager.js","2169","E8EADF5FBEE64B274CA92278E7443759195190079420876A0E4AC058C1805EAA","2026-05-23T17:09:41"
"code/flowersteam__cognitive-testbattery/js/app_taskswitch/scene_testtrial.js","3968","0B37C0DF0181F71084903D9303F5E0C135ABEFEB9F2930D40B2C796A35CE7E2C","2026-05-23T17:09:41"
"code/flowersteam__cognitive-testbattery/js/app_taskswitch/scene_tutorials.js","8151","7376863B55A9CB6F90E4ED1FBE0B9678C686D5C36C2EF42A120B4718FAC3A55B","2026-05-23T17:09:41"
"code/flowersteam__cognitive-testbattery/js/app_taskswitch/taskswitch.js","1258","2B350B5334A6D63F65CDE92E900641DE5965CEB031243E143A478A6BD134B80B","2026-05-23T17:09:41"
"code/flowersteam__cognitive-testbattery/js/app_taskswitch/timemanager.js","3409","730374CFF43F28FBD8CB10FE08443345BB4C60FEE5B5CAF1319CA5829E9D278A","2026-05-23T17:09:41"
"code/flowersteam__cognitive-testbattery/js/app_workingmemory/config.js","2920","11FC82EB699BB182C28A9F15F1DA5F2B897A3ADF6963AB841D0377CC1FB2D2C6","2026-05-23T17:09:41"
"code/flowersteam__cognitive-testbattery/js/app_workingmemory/config_tutorial.js","3622","CFFF61E9661C9104C3E350122189C5BDA66470F8BAD5CB6989327851985F8178","2026-05-23T17:09:41"
"code/flowersteam__cognitive-testbattery/js/app_workingmemory/parametermanager.js","4265","4DC20333AB28B16539DD4494EA5D244104A7023058A79A6796FB5D74D8AF2428","2026-05-23T17:09:41"
"code/flowersteam__cognitive-testbattery/js/app_workingmemory/scene_testtrial.js","5159","FB8E1B4CB9E8AF294075741611BE15C512F67A785D2BD1A04C91A166DB094128","2026-05-23T17:09:41"
"code/flowersteam__cognitive-testbattery/js/app_workingmemory/scene_tutorials.js","8014","8E5BD8B85B765BD8F257923BC775BF841FFF59D4227B8340CB8702AA1DDBFD0E","2026-05-23T17:09:41"
"code/flowersteam__cognitive-testbattery/js/app_workingmemory/timemanager.js","3650","5A08793C5BC47933F5264CC7D6DA2884168FE718D0EA5FA057BD204BE88B6B2F","2026-05-23T17:09:41"
"code/flowersteam__cognitive-testbattery/js/app_workingmemory/workingmemory.js","984","1BC73FBC4C1AFDD98ADB324824408DFC41A78B0986E34F7C28E0000997EB0A94","2026-05-23T17:09:41"
"code/flowersteam__cognitive-testbattery/js/csrfControl.js","950","A46EDB755A33C2FD640CFF3F70C3F57ACA1365BA84B7C4DAC421A5A625CCF22B","2026-05-23T17:09:41"
"code/flowersteam__cognitive-testbattery/js/customWidgetsBehavior.js","827","CBB1F8F9D594185074AFABB392540B0D2F1A4BC215DA0540C9150D2169A7A503","2026-05-23T17:09:41"
"code/flowersteam__cognitive-testbattery/js/jquery-3.2.1.min.js","86663","75B707D8761E2BFBD25FBD661F290A4F7FD11C48E1BF53A36DC6BD8A0034FA35","2026-05-23T17:09:41"
"code/flowersteam__cognitive-testbattery/js/jquery-3.4.1.min.js","88147","412B8FF9C5AB32B9019FCD84BCD4A54C0E265A14528474F4EE45B27A20ABEAEB","2026-05-23T17:09:41"
"code/flowersteam__cognitive-testbattery/js/p5.js","3786794","4CE6603485FA769D2C3FFB0D2711F802E4C9C4E612641173EAD356D851CD7B97","2026-05-23T17:09:42"
"code/flowersteam__cognitive-testbattery/js/p5.min.js","557737","CB917DC957FDDB71F6E01EFB394F541BAE7CC70F999A5975EBDD6BBFAF856AC3","2026-05-23T17:09:42"
"code/flowersteam__cognitive-testbattery/js/utils.js","5061","CDFCB91AA4411C6BA36E7B837B14A1F4AFA56EC8703B933CA2DFB707B11E6DC5","2026-05-23T17:09:42"
"code/flowersteam__cognitive-testbattery/paperfig/enumeration.png","99306","0010332ED39BA84EB696F0370737E22C11A12898F54361D5C48056DB09916575","2026-05-23T17:09:42"
"code/flowersteam__cognitive-testbattery/paperfig/gonogo.png","58649","FE7555ADE6FB7C3DA4866D6ECE10A1B8BA81F3B2844A691EC44B68029C786BD7","2026-05-23T17:09:42"
"code/flowersteam__cognitive-testbattery/paperfig/loadblindness.png","70832","17F4CC164A451D383C885749914E0C1A21D5CB9A2441C48382688CF1D533A111","2026-05-23T17:09:42"
"code/flowersteam__cognitive-testbattery/paperfig/memorability.png","78531","965448976462977CED07920927E0B66D69C8B4694C17CA4AC4FC5EE22FCE46F1","2026-05-23T17:09:42"
"code/flowersteam__cognitive-testbattery/paperfig/mot.png","63209","B04D6FA7FA8793A8B8CDE6C8D81FC06304C9A649C6262CFF0E22019DACAADE19","2026-05-23T17:09:42"
"code/flowersteam__cognitive-testbattery/paperfig/taskswitch.png","83623","6014533C20E13C4CA6E143BEA3769D258174B3C3EE046BC528C35D71B8021A41","2026-05-23T17:09:42"
"code/flowersteam__cognitive-testbattery/paperfig/workingmemory.png","59192","CBA4C195810384662A37E9B2788ABFBEE2A2F59D742C229358A1F824BC9C5602","2026-05-23T17:09:42"
"code/med-material__Trail-it/.git/HEAD","23","F6F2B945F6C411B02BA3DA9C7ACE88DCF71B6AF65BA2E0D89AA82900042B5A10","2026-05-23T17:09:35"
"code/med-material__Trail-it/.git/config","313","2273242A206037C0BBA0CC5D8698A99EA173EFEF2DA4D2DB5D96558F783A6D40","2026-05-23T17:09:35"
"code/med-material__Trail-it/.git/description","73","85AB6C163D43A17EA9CF7788308BCA1466F1B0A8D1CC92E26E9BF63DA4062AEE","2026-05-23T17:09:31"
"code/med-material__Trail-it/.git/hooks/applypatch-msg.sample","478","0223497A0B8B033AA58A3A521B8629869386CF7AB0E2F101963D328AA62193F7","2026-05-23T17:09:31"
"code/med-material__Trail-it/.git/hooks/commit-msg.sample","1972","EFC1401B0E99D1FF51494D154D98B46C1E99059BCD8BF9F73CECDE19FD3EB23B","2026-05-23T17:09:31"
"code/med-material__Trail-it/.git/hooks/fsmonitor-watchman.sample","4611","9159720099AD5595B8E66645CBFD47763C1E920F46E0B50AE75E642BBEC57EF0","2026-05-23T17:09:31"
"code/med-material__Trail-it/.git/hooks/post-update.sample","189","81765AF2DAEF323061DCBC5E61FC16481CB74B3BAC9AD8A174B186523586F6C5","2026-05-23T17:09:31"
"code/med-material__Trail-it/.git/hooks/pre-applypatch.sample","424","E15C5B469EA3E0A695BEA6F2C82BCF8E62821074939DDD85B77E0007FF165475","2026-05-23T17:09:31"
"code/med-material__Trail-it/.git/hooks/pre-commit.sample","1649","57185B7B9F05239D7AB52DB045F5B89EB31348D7B2177EAB214F5EB872E1971B","2026-05-23T17:09:31"
"code/med-material__Trail-it/.git/hooks/pre-merge-commit.sample","416","D3825A70337940EBBD0A5C072984E13245920CDF8898BD225C8D27A6DFC9CB53","2026-05-23T17:09:31"
"code/med-material__Trail-it/.git/hooks/pre-push.sample","1374","ECCE9C7E04D3F5DD9D8ADA81753DD1D549A9634B26770042B58DDA00217D086A","2026-05-23T17:09:31"
"code/med-material__Trail-it/.git/hooks/pre-rebase.sample","4898","4FEBCE867790052338076F4E66CC47EFB14879D18097D1D61C8261859EAAA7B3","2026-05-23T17:09:31"
"code/med-material__Trail-it/.git/hooks/pre-receive.sample","544","A4C3D2B9C7BB3FD8D1441C31BD4EE71A595D66B44FCF49DDB310252320169989","2026-05-23T17:09:31"
"code/med-material__Trail-it/.git/hooks/prepare-commit-msg.sample","1492","E9DDCAA4189FDDD25ED97FC8C789ECA7B6CA16390B2392AE3276F0C8E1AA4619","2026-05-23T17:09:31"
"code/med-material__Trail-it/.git/hooks/push-to-checkout.sample","2783","A53D0741798B287C6DD7AFA64AEE473F305E65D3F49463BB9D7408EC3B12BF5F","2026-05-23T17:09:31"
"code/med-material__Trail-it/.git/hooks/sendemail-validate.sample","2308","44EBFC923DC5466BC009602F0ECF067B9C65459ABFE8868DDC49B78E6CED7A92","2026-05-23T17:09:31"
"code/med-material__Trail-it/.git/hooks/update.sample","3650","8D5F2FA83E103CF08B57EAA67521DF9194F45CBDBCB37DA52AD586097A14D106","2026-05-23T17:09:31"
"code/med-material__Trail-it/.git/index","64985","8832D596D1E93F3A9478F7795404133FCD0C17F4339F3F5FB7682654835D21CB","2026-05-23T17:09:36"
"code/med-material__Trail-it/.git/info/exclude","240","6671FE83B7A07C8932EE89164D1F2793B2318058EB8B98DC5C06EE0A5A3B0EC1","2026-05-23T17:09:31"
"code/med-material__Trail-it/.git/logs/HEAD","195","04A26146FC3293C6D0D7FE060AF28784C13B8B110969D4814C4D172D53A3713F","2026-05-23T17:09:35"
"code/med-material__Trail-it/.git/logs/refs/heads/master","195","04A26146FC3293C6D0D7FE060AF28784C13B8B110969D4814C4D172D53A3713F","2026-05-23T17:09:35"
"code/med-material__Trail-it/.git/logs/refs/remotes/origin/HEAD","195","04A26146FC3293C6D0D7FE060AF28784C13B8B110969D4814C4D172D53A3713F","2026-05-23T17:09:35"
"code/med-material__Trail-it/.git/objects/pack/pack-6c6f9c47b77ac02bc09b7f10efded25f83640672.idx","19272","FD36D483BDE84801286F1404AC614139A99028D314635F3FC29284F0276B6180","2026-05-23T17:09:35"
"code/med-material__Trail-it/.git/objects/pack/pack-6c6f9c47b77ac02bc09b7f10efded25f83640672.pack","36334701","D5D9B17067230C725DE56C4BA6D902C538D3E0B4ECF5604709418195751E792C","2026-05-23T17:09:35"
"code/med-material__Trail-it/.git/objects/pack/pack-6c6f9c47b77ac02bc09b7f10efded25f83640672.rev","2652","EB5021E344012062E826CC5D09F6C84829E432B6933E15418718A7339B9BB610","2026-05-23T17:09:35"
"code/med-material__Trail-it/.git/packed-refs","114","E31573AA5A1B16D5E87E204EED42D830454F1545CE76F7077949FF9D375F7F06","2026-05-23T17:09:35"
"code/med-material__Trail-it/.git/refs/heads/master","41","801A88CE0B95ACAC49EA303018E591326DEF7251191D1220961EE11DD24F7246","2026-05-23T17:09:35"
"code/med-material__Trail-it/.git/refs/remotes/origin/HEAD","32","CDC65E67690C4C6475174E5EC662B70655246A2F3924354778835AB3BE70AA76","2026-05-23T17:09:35"
"code/med-material__Trail-it/.git/shallow","41","801A88CE0B95ACAC49EA303018E591326DEF7251191D1220961EE11DD24F7246","2026-05-23T17:09:32"
"code/med-material__Trail-it/.gitignore","677","6591ECFE3AB2587BDB16999923F4E7F8333585B1EF53606E1462EB2CB90896A9","2026-05-23T17:09:35"
"code/med-material__Trail-it/AppStoreScreenshots/trailit_in_game_2208_1242.png","228722","5F35064346AC14CEA553EB52147F2696EBA9AFEE85D994205AB8CBB146D5DA25","2026-05-23T17:09:35"
"code/med-material__Trail-it/AppStoreScreenshots/trailit_in_game_2732_2048.png","369745","53E5ECCC14FB6119AA8226912128FC485D9FA443AE40DE9C791FA95BD6200B70","2026-05-23T17:09:35"
"code/med-material__Trail-it/AppStoreScreenshots/trailit_in_game_assistance_full_2732_2048.png","412653","53F6B567F0F0C186B73D35E0883149049358AECB490E46DDDBB78C226F1F7153","2026-05-23T17:09:35"
"code/med-material__Trail-it/AppStoreScreenshots/trailit_in_game_assistance_full_res.png","418237","BC331BA9668F00EE81618963615895B20E19E346DFC8F58A2BDE58BC12ED746A","2026-05-23T17:09:35"
"code/med-material__Trail-it/AppStoreScreenshots/trailit_in_game_error_2732_2048.png","388116","1BC78A61DFC39EA8D4C75835727335AABC77213F7924D39C8E53741D4922CC71","2026-05-23T17:09:35"
"code/med-material__Trail-it/AppStoreScreenshots/trailit_in_game_error_full_res.png","394127","CA782B344384FDECA3E083BD56F36EAE062C1E00C2CFAEE1040A31B16DCF5EDA","2026-05-23T17:09:35"
"code/med-material__Trail-it/AppStoreScreenshots/trailit_in_game_full_res.png","375686","2848E31D3ED69D85713244142B59212819BECCD556921E68983695890CF755AE","2026-05-23T17:09:35"
"code/med-material__Trail-it/AppStoreScreenshots/trailit_level_complete_2208_1242.png","136552","F624C581C3134328F01FF16118DBB12D7276442045066ED2DAA90905C5021C7D","2026-05-23T17:09:35"
"code/med-material__Trail-it/AppStoreScreenshots/trailit_level_complete_2732_2048.png","196552","96D1A33A4D348A79AC3E5E076F7E55AF946B3F1ACC0D6415C31D06565B608C34","2026-05-23T17:09:35"
"code/med-material__Trail-it/AppStoreScreenshots/trailit_level_complete_full_res.png","202477","72ADFF7FAB41CA7B7F9EC45F985D11A4F18DB26DCBC561AB4CD72AF1F5694A7F","2026-05-23T17:09:35"
"code/med-material__Trail-it/AppStoreScreenshots/trailit_main_menu_2208_1242.png","292365","539DF96722BDB7A2BF45271A2BE77B9A997AB0E8B2434EEAE926E5AD6FFE5117","2026-05-23T17:09:35"
"code/med-material__Trail-it/AppStoreScreenshots/trailit_main_menu_2732_2048.png","329987","EB9466F2F25EC7BBD29CDD159CECBA28934D1742F70249741FAC2EF113C282AE","2026-05-23T17:09:35"
"code/med-material__Trail-it/AppStoreScreenshots/trailit_main_menu_full_res.png","336233","9C7FF52D9439BE020770C2EB56BC045575FDD9B7EBCB28967F4CECAAF916F4D2","2026-05-23T17:09:35"
"code/med-material__Trail-it/Assets/Animation.meta","112","C276CF5DE697AAC2DBAF2D82EAD2F6369DAF71BCC5AFE1D202F321974C91D048","2026-05-23T17:09:35"
"code/med-material__Trail-it/Assets/Animation/ButtonPopUp.anim","4768","2AADDF8C0311E0D17977A763CA2A85D9EE2D0FFB57465E06CC06A93F7BF1358C","2026-05-23T17:09:35"
"code/med-material__Trail-it/Assets/Animation/ButtonPopUp.anim.meta","188","6902F6FB6AA66D44A8A66FBB964FA70749A084B19C802929B5A40F82E27AF871","2026-05-23T17:09:35"
"code/med-material__Trail-it/Assets/Animation/NextLevelButton.controller","1993","81106F5DA108626B5FABAF515189CF38623C931248A9AA23F69489A6E97454DC","2026-05-23T17:09:35"
"code/med-material__Trail-it/Assets/Animation/NextLevelButton.controller.meta","188","C0156324701B5EC6E36F96DEE10C2457EC4791F28BCB42ECB01DFE140BB93E3D","2026-05-23T17:09:35"
"code/med-material__Trail-it/Assets/Animation/Pulse.anim","6536","D535A733F50DBF0DF643052D7AE8CBC523CD609DCC2D3AC4AC8E7D1477757265","2026-05-23T17:09:35"
"code/med-material__Trail-it/Assets/Animation/Pulse.anim.meta","99","342CAA7E2DA54F72CCF1D2236DCEA154C5255B9B61D2B53C6E0D52B3295C1B1E","2026-05-23T17:09:35"
"code/med-material__Trail-it/Assets/Animation/Target.controller","4096","EF93E290EB41E2C356AD9ECE11A83F6B0F738AD9207E6ABCFB38B5126CE21267","2026-05-23T17:09:35"
"code/med-material__Trail-it/Assets/Animation/Target.controller.meta","187","8E1D6737000AC391F038C8B393E15C06D89CE7CADB65BF1F2864A8E9320ACC63","2026-05-23T17:09:35"
"code/med-material__Trail-it/Assets/Animation/TargetHighlight.anim","4408","C849F34F36C6529EBECAFB3E40189E7F9FD60FA228D3775BE5AB63621BB7C8E4","2026-05-23T17:09:35"
"code/med-material__Trail-it/Assets/Animation/TargetHighlight.anim.meta","188","1EC99503258AAE2092CB86D19E437487A654124B971F868A105380847A866005","2026-05-23T17:09:35"
"code/med-material__Trail-it/Assets/Animation/TargetSpawn.anim","8312","A9E128C6A83DEE9C9CB00BD11C9EA36292767B32D3F04654040A4F6B7D890B9B","2026-05-23T17:09:35"
"code/med-material__Trail-it/Assets/Animation/TargetSpawn.anim.meta","187","3A26A3DEB106E6A8C27B0E4091CBBD147E8F582EA921AC1385EA5B6E6B6479DC","2026-05-23T17:09:35"
"code/med-material__Trail-it/Assets/Animation/dataPoint.controller","3579","69B8584A718214BDEBE517DF422305D17D11E3C15B0BD1655BC636A7FDD03AD7","2026-05-23T17:09:35"
"code/med-material__Trail-it/Assets/Animation/dataPoint.controller.meta","240","9E338BD92660DD32E63C33A26462067DA039D96AE99FF106F90877DB86F23737","2026-05-23T17:09:35"
"code/med-material__Trail-it/Assets/Animation/dataPointPopUp.anim","3507","B1C453FAC552762087642CB9D4F718B6BAAE82674C04EFEB4A5964FD9B4BB7EB","2026-05-23T17:09:35"
"code/med-material__Trail-it/Assets/Animation/dataPointPopUp.anim.meta","240","95A7742ADDAD745053C91165724ABDE103BD571EAE755BBE4CE3E2F9D7BB5C48","2026-05-23T17:09:35"
"code/med-material__Trail-it/Assets/Animation/dataPointPrimary.anim","4103","8777E82C4067E744C6B8CA3EDED3DB887A870C8F8CA328EC461032A83D8768A4","2026-05-23T17:09:35"
"code/med-material__Trail-it/Assets/Animation/dataPointPrimary.anim.meta","240","C9C73220AAB0D2A16A527D6EFC40AF583304FF4B691378D38799EE40F234FAEC","2026-05-23T17:09:35"
"code/med-material__Trail-it/Assets/Audio.meta","112","A1207C7FA1A15AB5B28380173D1775248C1FAF0EE052A745B0ED21958C1356BB","2026-05-23T17:09:35"
"code/med-material__Trail-it/Assets/Audio/BG_Music-Freja_Lundbaek.wav","22217908","4EC66D4F568108A210105FFCC81ED238B80AEC19B2192B161F78DBDEA5BDEE5C","2026-05-23T17:09:35"
"code/med-material__Trail-it/Assets/Audio/BG_Music-Freja_Lundbaek.wav.meta","484","8C194201378D06EAD72D2692569DEF4E2D2B25A59EF7DFCEF2EABB24D00DBEFB","2026-05-23T17:09:35"
"code/med-material__Trail-it/Assets/Audio/Chime.mp3","15009","D682A80ED5BD260AC6E3ED12C83398F33D67B19D390B985B83804053476C4E1E","2026-05-23T17:09:35"
"code/med-material__Trail-it/Assets/Audio/Chime.mp3.meta","217","6515B2D735FA0CF79C7461DE93D0D6953A9C58DBD7C401E1506D9EE7A27EBD76","2026-05-23T17:09:35"
"code/med-material__Trail-it/Assets/Audio/Click.mp3","3166","7AD7F3B8BA9BEBF0ABA059C78A98416482FD64A24DF5C7BB27FB79806F9AAEC9","2026-05-23T17:09:35"
"code/med-material__Trail-it/Assets/Audio/Click.mp3.meta","217","63D7C395D5E615489FFCA1C7DB28378CCB946D94C6920B8452AA8CAF8075DDCF","2026-05-23T17:09:35"
"code/med-material__Trail-it/Assets/Audio/Correct.mp3","2930","75420316248E17F8D7FA617C48E4ABBFFBC1C081E06BAD6D90216D6AA7B6277B","2026-05-23T17:09:35"
"code/med-material__Trail-it/Assets/Audio/Correct.mp3.meta","217","FFB2ED39953D75092EE5F9635DD89B39B2B4324FF6E18DF695DB97838A28A468","2026-05-23T17:09:35"
"code/med-material__Trail-it/Assets/Audio/Error.mp3","4029","DFE1ED8B60F78F99216B028594DF1B54003C3744FB9DB78CB205B167A64DDE29","2026-05-23T17:09:35"
"code/med-material__Trail-it/Assets/Audio/Error.mp3.meta","217","60837587E94E4674FB29A99074F4CD3B15382E688F40F8DD220011F4AA05505B","2026-05-23T17:09:35"
"code/med-material__Trail-it/Assets/Audio/Fanfare Credit.txt","56","0B143CCFFBFD1EAE1BEA7AB8DA728B813E8C63B6944D0C5463943C9ADF38FE2F","2026-05-23T17:09:35"
"code/med-material__Trail-it/Assets/Audio/Fanfare Credit.txt.meta","97","23A79095C4AC0162725BB8504660BC82D3FE6F4463A4A5FCEF3EB55A10FA3AF9","2026-05-23T17:09:35"
"code/med-material__Trail-it/Assets/Audio/OriginalFanfare.wav","704170","E9A2071CAF8CE2116F82C663206007F7B7A95CEAE6D9DA140FD73AD8B99814F6","2026-05-23T17:09:35"
"code/med-material__Trail-it/Assets/Audio/OriginalFanfare.wav.meta","218","092C6D6F4A50B50BA168691EF0177099E56F1EE376B08BBA5F3AEDD1E85BFDF6","2026-05-23T17:09:35"
"code/med-material__Trail-it/Assets/Audio/SFX.meta","201","C1A33BCAC1B4FE306A082A90600707BC973E464A5049EFD7BEEE6B09F01D9409","2026-05-23T17:09:35"
"code/med-material__Trail-it/Assets/Audio/SFX/Alt_Wrong_Hit1.wav","352844","DFA78ABF31E6E8F66C60BFA7174556DE7BD54E7629228A0F785E5AFC6FF5F72B","2026-05-23T17:09:35"
"code/med-material__Trail-it/Assets/Audio/SFX/Alt_Wrong_Hit1.wav.meta","485","C5BF9E27FF5FED32C2EB80FC4C749486B8E04D87044F6CB3B3431E821011AB1F","2026-05-23T17:09:35"
"code/med-material__Trail-it/Assets/Audio/SFX/Alt_Wrong_Hit2.wav","470444","B298774EA2343939C7E619808C806BFC3B5094F69FC0A64133A798A7B3518B4B","2026-05-23T17:09:35"
"code/med-material__Trail-it/Assets/Audio/SFX/Alt_Wrong_Hit2.wav.meta","485","2F24C146C798391AFB5485FACCC58A0E6D5DAE903D3ED21894D1E2352CA50ED1","2026-05-23T17:09:35"
"code/med-material__Trail-it/Assets/Audio/SFX/Btns.meta","201","D1ADC4D3F013F69DB307D6FE82DD8203FD1F435B08E498C089C4AD88D02ACADB","2026-05-23T17:09:35"
"code/med-material__Trail-it/Assets/Audio/SFX/Btns/TX81Z - Unit2 Stab-C2.wav","753588","F1BEAF44062F9750202DE2B0DBFFB93EA2959BD92E0DBBC6F5FA647E58950DCD","2026-05-23T17:09:35"
"code/med-material__Trail-it/Assets/Audio/SFX/Btns/TX81Z - Unit2 Stab-C2.wav.meta","485","BE9428014B7E2A0DB7E2DEA20BC6BB6E10126E25F7498E55A87D6E6B74A60E90","2026-05-23T17:09:35"
"code/med-material__Trail-it/Assets/Audio/SFX/Btns/TX81Z - Unit2 Stab-C3.wav","695988","26B324D161C96D7B7357D9AEC65D24478E05A7361FA9172D47BDABE4F7E9A8CC","2026-05-23T17:09:35"
"code/med-material__Trail-it/Assets/Audio/SFX/Btns/TX81Z - Unit2 Stab-C3.wav.meta","485","84C721926BED56DDC67DB8C5FA1ACB0328901210BF88812A3A7FBAD0EFD67A42","2026-05-23T17:09:35"
"code/med-material__Trail-it/Assets/Audio/SFX/Btns/TX81Z - Unit2 Stab-G1.wav","695988","D4DDFDB978C359BC8BA1D9D94F182C0C55DADBE7D31FF6B60E259A53AB61773D","2026-05-23T17:09:35"
"code/med-material__Trail-it/Assets/Audio/SFX/Btns/TX81Z - Unit2 Stab-G1.wav.meta","485","8C48384EC6325CA7547418F301350D210E4FCD63E80B0CF0105AD126BEBA50D5","2026-05-23T17:09:35"
"code/med-material__Trail-it/Assets/Audio/SFX/Btns/TX81Z - Unit2 Stab-G2.wav","452516","6B32706B632987C19480795E4F38E429DF8EF02B7016CC8DE014F473B0997D59","2026-05-23T17:09:35"
"code/med-material__Trail-it/Assets/Audio/SFX/Btns/TX81Z - Unit2 Stab-G2.wav.meta","485","320A32E7B652D17CC8142D119A89C4F787AEBF13FB249CA2D06918B52B2653B3","2026-05-23T17:09:35"
"code/med-material__Trail-it/Assets/Audio/SFX/Btns/TX81Z - Unit2 Stab-G3.wav","768048","95FACD60302EBFF38578BF64D420B7FE681F29F020C2A6107C76C8E84CEFDC88","2026-05-23T17:09:35"
"code/med-material__Trail-it/Assets/Audio/SFX/Btns/TX81Z - Unit2 Stab-G3.wav.meta","485","D49FA56D5F8F753D6BB768CAE058185B4EF2F5441D2407096E97816389C8EECD","2026-05-23T17:09:35"
"code/med-material__Trail-it/Assets/Audio/SFX/ButtonHit.wav","115808","5334562F233CF7F2EE2346B96CE51411A2462FB9751B6D5380DAB7425903E1F0","2026-05-23T17:09:35"
"code/med-material__Trail-it/Assets/Audio/SFX/ButtonHit.wav.meta","485","4B4BF8B44231E98FF572FA18E466DCF4B11255D350DE44B51D84B6961D2EC5A1","2026-05-23T17:09:35"
"code/med-material__Trail-it/Assets/Audio/SFX/Percussive Elements-08.wav","1071986","1E0A5B08FD36B8ADB34199386D289C86C404D913323DC8891F129E7E79F08D95","2026-05-23T17:09:35"
"code/med-material__Trail-it/Assets/Audio/SFX/Percussive Elements-08.wav.meta","485","D1284CC22D0925919D7E82C467F3E6B569D78F4F748988C42456A8AA093CE8E9","2026-05-23T17:09:35"
"code/med-material__Trail-it/Assets/Audio/SFX/TX81Z - Papal Bell-C1.wav","186552","F8C82A67A722E2D40343AE99C7861BA87398E44EF91D60ABFF67610C69A5953B","2026-05-23T17:09:35"
"code/med-material__Trail-it/Assets/Audio/SFX/TX81Z - Papal Bell-C1.wav.meta","485","B17A764299AF8EA763D7D9A83049CADA259417FEA239F359DAB539FF0B422089","2026-05-23T17:09:35"
"code/med-material__Trail-it/Assets/Audio/SFX/TX81Z - Papal Bell-C2.wav","187620","0675F4B6DD3383353347856233966C1DF64FC654583BD8AAB99A5401B83D8A83","2026-05-23T17:09:35"
"code/med-material__Trail-it/Assets/Audio/SFX/TX81Z - Papal Bell-C2.wav.meta","485","8C8D0D34EE57FF62A74DCC94EFF7D9D244B2E8E3EF18598597C106FB1992A794","2026-05-23T17:09:35"
"code/med-material__Trail-it/Assets/Audio/SFX/TX81Z - Papal Bell-C3.wav","186548","0D399A2C058E5123D73F1051DEDE9D6AA46FCD1A5EE1A0BE9DEA6AE09460C241","2026-05-23T17:09:35"
"code/med-material__Trail-it/Assets/Audio/SFX/TX81Z - Papal Bell-C3.wav.meta","485","8C72E4054924134210587D189828DB0DD7D27C05081E478858A8651BC5CC85A9","2026-05-23T17:09:35"
"code/med-material__Trail-it/Assets/Audio/SFX/TX81Z - Papal Bell-C4.wav","186548","BBFEBA3792EA5AF11B89009C689C5BEECA6BC92CAAD11E60DA532F8AA319F30B","2026-05-23T17:09:35"
"code/med-material__Trail-it/Assets/Audio/SFX/TX81Z - Papal Bell-C4.wav.meta","485","91CFE2818A726F6ED6691F1B84273D40AC8BAB1F5A440CBB0792CCAE62944EC2","2026-05-23T17:09:35"
"code/med-material__Trail-it/Assets/Audio/SFX/TX81Z - Papal Bell-C5.wav","186488","3D1D7A21E71AF8F3037DB52E9B874289C32C099C9A61F70179CB423BEE8DF850","2026-05-23T17:09:35"
"code/med-material__Trail-it/Assets/Audio/SFX/TX81Z - Papal Bell-C5.wav.meta","485","BAEBB4BF95C2EE03416738F41F227C80909EF61032C62CCB7B26A9CE7FF66A2D","2026-05-23T17:09:35"
"code/med-material__Trail-it/Assets/Audio/SFX/TX81Z - Papal Bell-G1.wav","186548","4BC02ACF482018F904A7EF9156C0FC5E6E792E7820B0CFF677103AD83F9DFE7C","2026-05-23T17:09:35"
"code/med-material__Trail-it/Assets/Audio/SFX/TX81Z - Papal Bell-G1.wav.meta","485","56678812C82519EEBDF25E5C04BF0D9E82C4A346095837F5730D49EF04B287BB","2026-05-23T17:09:35"
"code/med-material__Trail-it/Assets/Audio/SFX/TX81Z - Papal Bell-G2.wav","186548","E5092956869CE44BF2114FE699A944F2A5BB8D95A7EE9B71F879CC423533C0A1","2026-05-23T17:09:35"
"code/med-material__Trail-it/Assets/Audio/SFX/TX81Z - Papal Bell-G2.wav.meta","485","BD01C0E4E894DF6762B611FFB8F685C1BC3DA97DBAAFC6F5CE128B3240049BBA","2026-05-23T17:09:35"
"code/med-material__Trail-it/Assets/Audio/SFX/TX81Z - Papal Bell-G3.wav","248720","FBC897DAD3A8B60FC01B2D2C796B5986D0F1A46665B0ECB82D13CDB9B3AAB48C","2026-05-23T17:09:35"
"code/med-material__Trail-it/Assets/Audio/SFX/TX81Z - Papal Bell-G3.wav.meta","485","AFC5DA9AA6E0E6F567519AE69DF46688BA6B260CD3F1CBD88009A668F44EDEEE","2026-05-23T17:09:35"
"code/med-material__Trail-it/Assets/Audio/SFX/TX81Z - Papal Bell-G4.wav","170576","1863B9E24161CD5EAB6EBA5EF13E99F4253512ED8FDE1570C6A82BF618D08CF4","2026-05-23T17:09:35"
"code/med-material__Trail-it/Assets/Audio/SFX/TX81Z - Papal Bell-G4.wav.meta","485","9161ACBEA85790B9295F495CD58DBDE9FB274AAE6656C40CEEA74EC107EFA34C","2026-05-23T17:09:35"
"code/med-material__Trail-it/Assets/Audio/ShortFanfare.wav","232328","C4ABF311888796E9424E52B0AC6A437961752020F833D204C6DD490A45847DD8","2026-05-23T17:09:35"
"code/med-material__Trail-it/Assets/Audio/ShortFanfare.wav.meta","218","B1FBD3CA7A106C1D30A92B0B58E6961673A461F21337009F42F21378C548963A","2026-05-23T17:09:35"
"code/med-material__Trail-it/Assets/Audio/Tutorial.meta","112","42465412261CC4E9186420BFC1234EE8E77C50A77766DF2EDC0A1FFA359C517D","2026-05-23T17:09:35"
"code/med-material__Trail-it/Assets/Audio/Tutorial/A1.mp3","59703","FA4AC60A733ED389ED401E7ED8460E118763F0AC7A0C9189E5DF3C4D8A5196D5","2026-05-23T17:09:35"
"code/med-material__Trail-it/Assets/Audio/Tutorial/A1.mp3.meta","217","0855759A4529E74561BB7C7E83F0934178804D65BC8B8291B7E717DBD5C22A12","2026-05-23T17:09:35"
"code/med-material__Trail-it/Assets/Audio/Tutorial/A2.mp3","69600","38F62789948609135BECBED24D89BC0F6BEE5697ACC75609A0ADD77D9C9CE0C8","2026-05-23T17:09:35"
"code/med-material__Trail-it/Assets/Audio/Tutorial/A2.mp3.meta","217","E8AB0EACBF8AF3D39798394F3F1F6E1BBB11CD8BC71D0D024AD6EF4A0B22996E","2026-05-23T17:09:35"
"code/med-material__Trail-it/Assets/Audio/Tutorial/B1.mp3","74560","5A17F5ED07DE566BA0A8D878A89155892B0CCF736A8907283C1086260CDCF540","2026-05-23T17:09:35"
"code/med-material__Trail-it/Assets/Audio/Tutorial/B1.mp3.meta","217","81C9994CB62F22AFE8A1F476C40C41E599E313D9304ED48517C916DF90435743","2026-05-23T17:09:35"
"code/med-material__Trail-it/Assets/Audio/Tutorial/B2.mp3","98079","960BBAC6AB30A1D3920978606121EB9CBDB2DC1DC8E4A2ED306305454C578F5A","2026-05-23T17:09:35"
"code/med-material__Trail-it/Assets/Audio/Tutorial/B2.mp3.meta","217","DE08A88278E69918971C8B96F01B4F025D55B44323FB16638C57E8ECB9BACA28","2026-05-23T17:09:35"
"code/med-material__Trail-it/Assets/Audio/Tutorial/Congrats.mp3","36043","B35FA99C0CE9AC0263A10E0406C9103DD5C7911A0B88222DD7ED32271C164466","2026-05-23T17:09:35"
"code/med-material__Trail-it/Assets/Audio/Tutorial/Congrats.mp3.meta","217","DBB15D7B0E8706A72569DE5A2B0CF9DDB41887AB64F4482346925F3A80A50EB3","2026-05-23T17:09:35"
"code/med-material__Trail-it/Assets/Audio/VoiceGuide.meta","112","E8BF318DBF8D02D811978336D85FDB62EE4AD4528AE3738E4D2FC53862CDC70A","2026-05-23T17:09:35"
"code/med-material__Trail-it/Assets/Audio/VoiceGuide/Characters.meta","112","668D5BCE7113FD9582B0B4EDF620B9B45803C08B4659FAE3724E95513A31AD5B","2026-05-23T17:09:35"
"code/med-material__Trail-it/Assets/Audio/VoiceGuide/Characters/A.mp3","27140","75071AB2AB3FDC7EBF2EFAA58DD9C601A9354C1CAB2E4CC02C94EB461FBBB026","2026-05-23T17:09:35"
"code/med-material__Trail-it/Assets/Audio/VoiceGuide/Characters/A.mp3.meta","217","EF07DE3B7F58972416D1DD6E72B04DD3EE0FC53A39C57DCD342499574E2CF696","2026-05-23T17:09:35"
"code/med-material__Trail-it/Assets/Audio/VoiceGuide/Characters/B.mp3","27144","14E24B2369BD6BFB9BF6FFD7EC00DB5B7430A03BAA19DC6B08FD45ECCF9D577C","2026-05-23T17:09:35"
"code/med-material__Trail-it/Assets/Audio/VoiceGuide/Characters/B.mp3.meta","217","04F63FA57DC14A0D7FECF43A07DB72AB146E5218F142ADAC13E23803AC71EAF3","2026-05-23T17:09:35"
"code/med-material__Trail-it/Assets/Audio/VoiceGuide/Characters/C.mp3","28316","572A3FEF038AB699BDA76177919DA3AEA93F5467572AF46EDA45858AA4BCEA3C","2026-05-23T17:09:35"
"code/med-material__Trail-it/Assets/Audio/VoiceGuide/Characters/C.mp3.meta","217","270104D7D5A95ABE25520290EC247C3401B5F989306D15FEA5AA8655FD29EDCC","2026-05-23T17:09:35"
"code/med-material__Trail-it/Assets/Audio/VoiceGuide/Characters/D.mp3","27298","C4BADD927BB2C30B263B697B7037BB73302763E40880C023A69EF4D679A4F4D0","2026-05-23T17:09:35"
"code/med-material__Trail-it/Assets/Audio/VoiceGuide/Characters/D.mp3.meta","217","BC82BAD2A2080408A76F551CBFE5F78FCFC91DB67E93848E7FC2C028B8B6340A","2026-05-23T17:09:35"
"code/med-material__Trail-it/Assets/Audio/VoiceGuide/Characters/E.mp3","26698","667D8E75703255BDC2C9E1DB4E525EEC84F75E0CDAB7C39065F757314D51A0F9","2026-05-23T17:09:35"
"code/med-material__Trail-it/Assets/Audio/VoiceGuide/Characters/E.mp3.meta","217","6FA9A912452C47D7646357BCB496A0A5663052C0873359945C71B28B28401C29","2026-05-23T17:09:35"
"code/med-material__Trail-it/Assets/Audio/VoiceGuide/Characters/F.mp3","30270","73CBE1290601FB084A1221C2503A3A6B64A4724C3B65C5A75A0001733D3AEE4B","2026-05-23T17:09:35"
"code/med-material__Trail-it/Assets/Audio/VoiceGuide/Characters/F.mp3.meta","217","BE062C3C3F556AFBE69C6F621E30AF318C74D89290DEFF7FE77BA6D8F478B9AF","2026-05-23T17:09:35"
"code/med-material__Trail-it/Assets/Audio/VoiceGuide/Characters/G.mp3","29410","C16CD93E5404A2186C353C7F0080CBFFBB6469D94D765DDAC2776CA0CA32841D","2026-05-23T17:09:35"
"code/med-material__Trail-it/Assets/Audio/VoiceGuide/Characters/G.mp3.meta","217","8CF0F03BF8613113435FD1755AE00A9EA74BC3410ECCE4DE6E9093290703E854","2026-05-23T17:09:35"
"code/med-material__Trail-it/Assets/Audio/VoiceGuide/Characters/H.mp3","28182","9FB049AFAC748792F498D9EACF6EF7EFD0F771F0D2FE3A7042E741FECB0DD18D","2026-05-23T17:09:35"
"code/med-material__Trail-it/Assets/Audio/VoiceGuide/Characters/H.mp3.meta","217","9C6E542376904071024CC124C9A99CB2A0CDB9A9EE35C9893E2651C2E3F0A07E","2026-05-23T17:09:35"
"code/med-material__Trail-it/Assets/Audio/VoiceGuide/Characters/I.mp3","27586","B01C3AB0460C251C8228FE6B658A865CACF31873F01A526462CFF0CD24B2CE45","2026-05-23T17:09:35"
"code/med-material__Trail-it/Assets/Audio/VoiceGuide/Characters/I.mp3.meta","217","C8344F91AC01E42E864795ABA4AFF130A434CA83C92D3E0F0E605ED8A4414C97","2026-05-23T17:09:35"
"code/med-material__Trail-it/Assets/Audio/VoiceGuide/Characters/J.mp3","30167","7F758B58E65F5C7C6131DF2FC5E738DED19E2B13B3215702795C5C595BAF2340","2026-05-23T17:09:35"
"code/med-material__Trail-it/Assets/Audio/VoiceGuide/Characters/J.mp3.meta","217","39A4802D067D8A44D98DA3B90C1F4771083102E4A2122687FDD03141EE860E17","2026-05-23T17:09:35"
"code/med-material__Trail-it/Assets/Audio/VoiceGuide/Characters/K.mp3","27742","F9032E7CDD7B83EBBF2E10B2D1E9C400E62984FE2CF7A861C853AD162CE36B57","2026-05-23T17:09:35"
"code/med-material__Trail-it/Assets/Audio/VoiceGuide/Characters/K.mp3.meta","217","3CF0359495E6FE81BBEF3A63EADE4692469337DB485B4BF91D57AD2E608F4314","2026-05-23T17:09:35"
"code/med-material__Trail-it/Assets/Audio/VoiceGuide/Characters/L.mp3","28600","C70CC12322040A6C673D21D74CD1E229B704BF4F4FC5B59006EE4BB715005AFA","2026-05-23T17:09:35"
"code/med-material__Trail-it/Assets/Audio/VoiceGuide/Characters/L.mp3.meta","217","39ACB05A2D726B073AEAD7DD35FBC212B1D930C4847864654F667F45F74CA397","2026-05-23T17:09:35"
"code/med-material__Trail-it/Assets/Audio/VoiceGuide/Characters/M.mp3","28994","59FC29FCCAD7A38B8565EEB0FBA1BF556E8E775DAB4A1C6497F22592CE375512","2026-05-23T17:09:35"
"code/med-material__Trail-it/Assets/Audio/VoiceGuide/Characters/M.mp3.meta","217","0C111BAB486A43409209B2F1DF25C3CA4194EDA9ACD912552834E93FEBC39B0D","2026-05-23T17:09:35"
"code/med-material__Trail-it/Assets/Audio/VoiceGuide/Characters/N.mp3","29021","85BEC69F2AF0F5399C23DEA4B8EDF9D394A3921F5422E7FC849AA361095F06D9","2026-05-23T17:09:35"
"code/med-material__Trail-it/Assets/Audio/VoiceGuide/Characters/N.mp3.meta","217","E31AC79FAC737A9A941547B51EEC8C7A17D1E0375FB40E4C97431585A22FB804","2026-05-23T17:09:35"
"code/med-material__Trail-it/Assets/Audio/VoiceGuide/Characters/O.mp3","27455","F926252CB001383412100796F2388117D29F14A2B8F0C21C8E168E2D77BB87D4","2026-05-23T17:09:35"
"code/med-material__Trail-it/Assets/Audio/VoiceGuide/Characters/O.mp3.meta","217","179AD584033ACB2E401CA104F0BB8D5CE9E5A616FFB98B567E084264A1D8C24A","2026-05-23T17:09:35"
"code/med-material__Trail-it/Assets/Audio/VoiceGuide/Characters/P.mp3","30113","CD618FF53862BF9006419B35004C2CF738F7A5EBC1765882181D55B2D4D8D6EB","2026-05-23T17:09:35"
"code/med-material__Trail-it/Assets/Audio/VoiceGuide/Characters/P.mp3.meta","217","C0E46003B70F2382AA867C6D6E727033CD6BAD87275277B69310724E7F73D2E2","2026-05-23T17:09:35"
"code/med-material__Trail-it/Assets/Audio/VoiceGuide/Characters/Q.mp3","30403","6E513AE9A58FDB50821D6E677BCE2B4EB2BC1129CD13370B1260F938F1177BCB","2026-05-23T17:09:35"
"code/med-material__Trail-it/Assets/Audio/VoiceGuide/Characters/Q.mp3.meta","524","AB246F8D9BDE2D92721BB8ECA3BA6DD3148EDA0153564C3415370C2FB9D741CE","2026-05-23T17:09:35"
"code/med-material__Trail-it/Assets/Audio/VoiceGuide/Characters/R.mp3","29229","411FFD0B7884AF0DC76AC507A1D886A5ABC27AF68C8B9AD1FB3C5007FAAC9E9A","2026-05-23T17:09:35"
"code/med-material__Trail-it/Assets/Audio/VoiceGuide/Characters/R.mp3.meta","524","86C0049581004F41A4433B4E773FE5F785F3765CD4AABCDB1376AF7A55937305","2026-05-23T17:09:35"
"code/med-material__Trail-it/Assets/Audio/VoiceGuide/Characters/S.mp3","30245","DD3D90C1CCADC6982A731ACD22AA02D46FD0B8102692D0623D5DF0B840561FCB","2026-05-23T17:09:35"
"code/med-material__Trail-it/Assets/Audio/VoiceGuide/Characters/S.mp3.meta","524","6E97ACBEC9F5215CBB6B1090403D14407EE3DBF90D7E40C88E9F25715C7959DC","2026-05-23T17:09:35"
"code/med-material__Trail-it/Assets/Audio/VoiceGuide/Characters/T.mp3","30064","BAD75C816FDEF0F92D4D47D2745F76C40B3AB1961A9D7FCED7BD3D64706F8CE9","2026-05-23T17:09:35"
"code/med-material__Trail-it/Assets/Audio/VoiceGuide/Characters/T.mp3.meta","524","D7404D100756E9ABF8F9C15DE87ED73F84F3BCAC540EAC85E764B69BDDE0004F","2026-05-23T17:09:35"
"code/med-material__Trail-it/Assets/Audio/VoiceGuide/Characters/U.mp3","28340","433FA3CA213C3C0C08DD4865CF24811382ABAF5D1A156055913511BD84145A7F","2026-05-23T17:09:35"
"code/med-material__Trail-it/Assets/Audio/VoiceGuide/Characters/U.mp3.meta","524","3E728165C212F4C8EA1E47AF5C06FB8D7CB3C56DE634AE67F7F846D5AB9F85F8","2026-05-23T17:09:35"
"code/med-material__Trail-it/Assets/Audio/VoiceGuide/Characters/V.mp3","28133","38C013B8DC47B0678E609D97AAD9FAF4352ADC6864D6E23F14814C4CA709074E","2026-05-23T17:09:35"
"code/med-material__Trail-it/Assets/Audio/VoiceGuide/Characters/V.mp3.meta","524","915AD1BC0E19DECFBC8F594ED49C25F0AA9CD0A8C46798D45491E5B820C9F351","2026-05-23T17:09:35"
"code/med-material__Trail-it/Assets/Audio/VoiceGuide/Characters/X.mp3","29436","AC0EFF2AE8A0C30692D0258ACD17F9DABEA352DCB61BD21316586F423E98C302","2026-05-23T17:09:35"
"code/med-material__Trail-it/Assets/Audio/VoiceGuide/Characters/X.mp3.meta","524","C9811CEC133481072C0C5D49B7B3E013AD163BCAD2DEE66E97487E2AD5067A0D","2026-05-23T17:09:35"
"code/med-material__Trail-it/Assets/Audio/VoiceGuide/Characters/Y.mp3","29904","9C8DD838AD045A39BD27ADFC96839602A91BC38DCA0B1163AADF2AD1FEE7D910","2026-05-23T17:09:35"
"code/med-material__Trail-it/Assets/Audio/VoiceGuide/Characters/Y.mp3.meta","524","390976665E4412354D1FE7DFE0EB1C2B1DB095B503B5B4DD2613183204989FBC","2026-05-23T17:09:35"
"code/med-material__Trail-it/Assets/Audio/VoiceGuide/Characters/Z.mp3","30375","F430684E1482089D6BB693DFA99B35DC3D4D502A707CCE65374642F3242F2399","2026-05-23T17:09:35"
"code/med-material__Trail-it/Assets/Audio/VoiceGuide/Characters/Z.mp3.meta","524","C610FB2845CB2B74CA05FCFD1E12757C86A2666087063280B24AF5D456727FD3","2026-05-23T17:09:35"
"code/med-material__Trail-it/Assets/Audio/VoiceGuide/Numbers.meta","112","4E551141D8CE481187017DE20D59AE711A4DA975C67E09341DD6966C0996CC94","2026-05-23T17:09:35"
"code/med-material__Trail-it/Assets/Audio/VoiceGuide/Numbers/1.mp3","26513","9C0CE8D4B68633D6FC085A581F33DA74CCBDDDBE07BEAE1AB585D266438ECA55","2026-05-23T17:09:35"
"code/med-material__Trail-it/Assets/Audio/VoiceGuide/Numbers/1.mp3.meta","217","41B5EA5291A232F022F42A822183BE60A0B47712CD56D9CD28E9E9CF5393D720","2026-05-23T17:09:35"
"code/med-material__Trail-it/Assets/Audio/VoiceGuide/Numbers/10.mp3","29280","ED0F228D1504FD4FAA205F0299C77EAC8BD8F8ABA57CA4B70BD8D8F57D81DE14","2026-05-23T17:09:35"
"code/med-material__Trail-it/Assets/Audio/VoiceGuide/Numbers/10.mp3.meta","217","68BE6E300629F84944ACC808C03946B5EE3A225BA40928554ADE730C8AD7B080","2026-05-23T17:09:35"
"code/med-material__Trail-it/Assets/Audio/VoiceGuide/Numbers/11.mp3","32514","87FCE0DFD3CE152978FCF56DE3F1104735089C2E604BEEA207C92BAADC847CC6","2026-05-23T17:09:35"
"code/med-material__Trail-it/Assets/Audio/VoiceGuide/Numbers/11.mp3.meta","217","3AA6FE4C00DCBF9AE0E730DD77DC7B903DDC9458502053A173FC8A64FC657985","2026-05-23T17:09:35"
"code/med-material__Trail-it/Assets/Audio/VoiceGuide/Numbers/12.mp3","30114","F3E7A20A868EAB0A49B089857DD2878093B9A9818439A369B3AD9039B1306E5E","2026-05-23T17:09:35"
"code/med-material__Trail-it/Assets/Audio/VoiceGuide/Numbers/12.mp3.meta","217","A9AEC52D234A0D17C469616D0E5164AA8C5EEAD02CF6F102371637EBF4F1C973","2026-05-23T17:09:35"
"code/med-material__Trail-it/Assets/Audio/VoiceGuide/Numbers/13.mp3","31030","103F25418F13C92423D7FFCFC8B75B6A7153BB904E705A5CA304A4F1B22FA4F7","2026-05-23T17:09:35"
"code/med-material__Trail-it/Assets/Audio/VoiceGuide/Numbers/13.mp3.meta","217","8EC5E1D2479A7AE05EE591DBEFE0F7186E387B3A83A2316E70098C722E876F31","2026-05-23T17:09:35"
"code/med-material__Trail-it/Assets/Audio/VoiceGuide/Numbers/14.mp3","30556","5AC02B2AF3DB5A32D8E727D9A1AFCD0BCA178FD3ADCAA1D3FB6390C63D188352","2026-05-23T17:09:35"
"code/med-material__Trail-it/Assets/Audio/VoiceGuide/Numbers/14.mp3.meta","217","9F8F189923581394E0EC922E808841C0728FCE55A3F64CBC2159125F24A0B4EE","2026-05-23T17:09:35"
"code/med-material__Trail-it/Assets/Audio/VoiceGuide/Numbers/15.mp3","32671","0C1F9BA0414A4DED3714BA7D72D5382A74FB737295D0166C650426634A68E3F7","2026-05-23T17:09:35"
"code/med-material__Trail-it/Assets/Audio/VoiceGuide/Numbers/15.mp3.meta","217","7B9BF00EF3775EA5E9D90608AC4DE5CCD1DFC5DDF202AD752F1D460E70553BD8","2026-05-23T17:09:35"
"code/med-material__Trail-it/Assets/Audio/VoiceGuide/Numbers/16.mp3","34911","80DF6139F6FEC25AA9EC1DDEDC0A9905A3EB3F7007217B7B5A154D34D669CD15","2026-05-23T17:09:35"
"code/med-material__Trail-it/Assets/Audio/VoiceGuide/Numbers/16.mp3.meta","217","2F6D7989F67A2EDF3C761B2F51C44B8A0070A7A05B1F9DC13CD6FCBCAB4537CB","2026-05-23T17:09:35"
"code/med-material__Trail-it/Assets/Audio/VoiceGuide/Numbers/17.mp3","30895","DFC4582A347E9CBF705EBD879C0F1801B74901F11996EC7D90B5AB6D7069E31A","2026-05-23T17:09:35"
"code/med-material__Trail-it/Assets/Audio/VoiceGuide/Numbers/17.mp3.meta","217","114977E549514C40F9A99F4C6677BA573D62317BC9B8AE8B21E727ECDD4B25FE","2026-05-23T17:09:35"
"code/med-material__Trail-it/Assets/Audio/VoiceGuide/Numbers/18.mp3","30085","B2330EC50D6C1EB2C8EBB341ACA185D70E05CB366BA5787BC6852808BDE3AA31","2026-05-23T17:09:35"
"code/med-material__Trail-it/Assets/Audio/VoiceGuide/Numbers/18.mp3.meta","217","560B408C05B57F518A43BBF91FAC6FAFCB777270F64627E8107923B3D97A4FD3","2026-05-23T17:09:35"
"code/med-material__Trail-it/Assets/Audio/VoiceGuide/Numbers/19.mp3","31052","B7AE38C71E5B58847E5C98EA8B2B40B6F27CE909FBEC4BFF4A3EADDF7156F9A3","2026-05-23T17:09:35"
"code/med-material__Trail-it/Assets/Audio/VoiceGuide/Numbers/19.mp3.meta","217","481B9165518532714F6810159E9C4184BB532E0D72BADA4A41CC18E38620D28F","2026-05-23T17:09:35"
"code/med-material__Trail-it/Assets/Audio/VoiceGuide/Numbers/2.mp3","26984","6B54F8A64EAE9537E2F4822AA74C9379970801755BC3171BE1A63B84467DD21F","2026-05-23T17:09:35"
"code/med-material__Trail-it/Assets/Audio/VoiceGuide/Numbers/2.mp3.meta","217","B9AAADD4E1C96FD118A1A122A54825D2F7DD63F6544B68B5A2773C44F753027D","2026-05-23T17:09:35"
"code/med-material__Trail-it/Assets/Audio/VoiceGuide/Numbers/20.mp3","31911","39592C314A4C14AC206353992635F256452D58A61FB6903E810BE73FF0056FD7","2026-05-23T17:09:35"
"code/med-material__Trail-it/Assets/Audio/VoiceGuide/Numbers/20.mp3.meta","217","F290198FE5FFD5B644F715C6B907C11F49EF07161434793C1B521B8A752F92AB","2026-05-23T17:09:35"
"code/med-material__Trail-it/Assets/Audio/VoiceGuide/Numbers/21.mp3","35066","D95E0C713B2641CAF65354C31DEC7BB6D44EF6F857642A5604E5375DC6FA2B33","2026-05-23T17:09:35"
"code/med-material__Trail-it/Assets/Audio/VoiceGuide/Numbers/21.mp3.meta","217","F4F8040E8D383C059DEE82D83B1FA070616087AFA16F0BC7536F187713349808","2026-05-23T17:09:35"
"code/med-material__Trail-it/Assets/Audio/VoiceGuide/Numbers/22.mp3","33970","E54FC4CFB051EA1523EBF733169A76A88DFA2F8E0519D24C3F6570679C2519F7","2026-05-23T17:09:35"
"code/med-material__Trail-it/Assets/Audio/VoiceGuide/Numbers/22.mp3.meta","217","A15CACD549C961E8D31F530FA42DC87ED97FC592F6045F238B1A6CEEE11EB46D","2026-05-23T17:09:35"
"code/med-material__Trail-it/Assets/Audio/VoiceGuide/Numbers/23.mp3","37055","0781E754CA6DCEDD6E54C85DD0082D3020365AD70D687A9490ED197ECB90FF68","2026-05-23T17:09:35"
"code/med-material__Trail-it/Assets/Audio/VoiceGuide/Numbers/23.mp3.meta","217","90C4D4A184DCA834E23B5B186B31320997D604558B1F45D29840CB8FE85628DE","2026-05-23T17:09:35"
"code/med-material__Trail-it/Assets/Audio/VoiceGuide/Numbers/24.mp3","36684","5A4AC0025C81311B34AE60E4058796E6ED0422F51A574D6DB9C55B0BA82993A3","2026-05-23T17:09:35"
"code/med-material__Trail-it/Assets/Audio/VoiceGuide/Numbers/24.mp3.meta","217","E17D228E9E4C2606D2F41CC0FE32676E6DAE329DC4C27C8C7C7257BCCE1F059E","2026-05-23T17:09:35"
"code/med-material__Trail-it/Assets/Audio/VoiceGuide/Numbers/25.mp3","35850","F4110EE09C5A8B8AF49EB35481ED7CF586EFD90D7D19679AEDDBA8057CFAA5B1","2026-05-23T17:09:35"
"code/med-material__Trail-it/Assets/Audio/VoiceGuide/Numbers/25.mp3.meta","217","4173C592BD9714D59A4029979E6E5028685D8BEE9F677DC701230725FB2B6E13","2026-05-23T17:09:35"
"code/med-material__Trail-it/Assets/Audio/VoiceGuide/Numbers/26.mp3","36476","6A82159BE3F7DE9AFF26F5517519C75F421949B2325E3593CC206236D390602C","2026-05-23T17:09:35"
"code/med-material__Trail-it/Assets/Audio/VoiceGuide/Numbers/26.mp3.meta","217","B4EA7391CBBCCE1883D9E0466A5D9713700401C349478337FC0514F8DADB46E2","2026-05-23T17:09:35"
"code/med-material__Trail-it/Assets/Audio/VoiceGuide/Numbers/27.mp3","35069","A3093AA64A5EFD3A0FCE855F2434A7EA46F00E8979EBBE958822EDBED47964BF","2026-05-23T17:09:35"
"code/med-material__Trail-it/Assets/Audio/VoiceGuide/Numbers/27.mp3.meta","217","45CA994043E1B236E1186962E5B2F855544CB547BDAB88E797A146DCC064A781","2026-05-23T17:09:35"
"code/med-material__Trail-it/Assets/Audio/VoiceGuide/Numbers/28.mp3","35067","5EC5392426AB568ED268AF71CAEE98C46B24F9CCDE2573CBE4B3971D6EDAAA6E","2026-05-23T17:09:35"
"code/med-material__Trail-it/Assets/Audio/VoiceGuide/Numbers/28.mp3.meta","217","B1C916F829CA19B9AA993C79E9F63156E489F3AC97C85EE45C30226C2361421B","2026-05-23T17:09:35"
"code/med-material__Trail-it/Assets/Audio/VoiceGuide/Numbers/29.mp3","33944","4974D1EE8C517D062C88DCB57FF30DBF967E8AE3393744CAD9FA733F1EE44507","2026-05-23T17:09:35"
"code/med-material__Trail-it/Assets/Audio/VoiceGuide/Numbers/29.mp3.meta","217","076E1E5AA2342E72C0EBFC56AC00D8ABF00FF114FD2A9D4F150AC7D805611C6A","2026-05-23T17:09:35"
"code/med-material__Trail-it/Assets/Audio/VoiceGuide/Numbers/3.mp3","29982","A77E6944055C668F2A649CB6CF8738360BCBF5D0F28C2D40C6516F0FAD8C2F2E","2026-05-23T17:09:35"
"code/med-material__Trail-it/Assets/Audio/VoiceGuide/Numbers/3.mp3.meta","217","14E9C2DE3ACFC35CE46F4C62B3C74A592E4BAD5FD45C60998F064C80B0185E8E","2026-05-23T17:09:35"
"code/med-material__Trail-it/Assets/Audio/VoiceGuide/Numbers/30.mp3","31888","5372CFC97248D95D9F6680BEE6DB831B1840E54CB9074C616AFBB68644CE35A3","2026-05-23T17:09:35"
"code/med-material__Trail-it/Assets/Audio/VoiceGuide/Numbers/30.mp3.meta","217","D6E43C228688EE84D1EC33EB505AB25DCCC0E2B5274D4BE7A2B8A19CC0B8FDE8","2026-05-23T17:09:35"
"code/med-material__Trail-it/Assets/Audio/VoiceGuide/Numbers/4.mp3","30633","4900B5039ADD6C007CA5B56E21571E7D8EF36E4684126483F8FB0A1D165CF66B","2026-05-23T17:09:35"
"code/med-material__Trail-it/Assets/Audio/VoiceGuide/Numbers/4.mp3.meta","217","D45A5875E624F548CC3045F683C0F34B7AE727BCC2C0C0B255B4E45205D49ADB","2026-05-23T17:09:35"
"code/med-material__Trail-it/Assets/Audio/VoiceGuide/Numbers/5.mp3","28497","DA34DDCB7F74D768C3F9AF86BAB904CA34FCB7C6803AC1B9474A7B6421A6FB35","2026-05-23T17:09:35"
"code/med-material__Trail-it/Assets/Audio/VoiceGuide/Numbers/5.mp3.meta","217","55A910C91929D2BD40F348BAF7254985782F229FD087492C48F2BC522076807D","2026-05-23T17:09:35"
"code/med-material__Trail-it/Assets/Audio/VoiceGuide/Numbers/6.mp3","31181","C7C7D7AF4AEFF77F3E9E2828C088B9A36DF1EAC279311445650F590789062260","2026-05-23T17:09:35"
"code/med-material__Trail-it/Assets/Audio/VoiceGuide/Numbers/6.mp3.meta","217","AA65E04EB50F25A74CF80ED350B250B37681B258A0F017FFAF0B557F79749015","2026-05-23T17:09:35"
"code/med-material__Trail-it/Assets/Audio/VoiceGuide/Numbers/7.mp3","30269","185F1C29369304015F5A0DB8CDDE1313466BD499CABDB329957C8D79A29DD816","2026-05-23T17:09:35"
"code/med-material__Trail-it/Assets/Audio/VoiceGuide/Numbers/7.mp3.meta","217","0E2923468001C78DBBD6B11DFFDFEBC58DC0B90DBE48D80E3D1E18EDBA1E3676","2026-05-23T17:09:35"
"code/med-material__Trail-it/Assets/Audio/VoiceGuide/Numbers/8.mp3","30167","40726B2E037A46A8F65B594871D85AEE2F8DD5E54AC4467863FC6765A803EA29","2026-05-23T17:09:35"
"code/med-material__Trail-it/Assets/Audio/VoiceGuide/Numbers/8.mp3.meta","217","3FF91591D6FB0FC4CA379564646FF1E018D3A597B4C591039CE5339D39866083","2026-05-23T17:09:35"
"code/med-material__Trail-it/Assets/Audio/VoiceGuide/Numbers/9.mp3","28967","9EFF12DF9750E0BEEEFD6D0F798CC6B1B05844FD0ACCF75E77E3F5316B15F901","2026-05-23T17:09:35"
"code/med-material__Trail-it/Assets/Audio/VoiceGuide/Numbers/9.mp3.meta","217","41619D99D47D8080A37513674FA4942DCE0AE82EC12FE1B01D24D17B6A04B5A1","2026-05-23T17:09:35"
"code/med-material__Trail-it/Assets/Axis.cs","10163","18E84A7E920497793B7CAD8FEB1AB6D6D277997E256FE6FCE2FA3C2AA650FE50","2026-05-23T17:09:35"
"code/med-material__Trail-it/Assets/Axis.cs.meta","298","55FF7C290A40EDCDF159B7865DB311AEA2D0C9B289C9A439529BC2F8A67D1459","2026-05-23T17:09:35"
"code/med-material__Trail-it/Assets/BackgroundRotation.cs","629","FBCA505D8B1AE660EF47A1E5FB5728CD2600E190ABAB94F0799CEE37D43DA09B","2026-05-23T17:09:35"
"code/med-material__Trail-it/Assets/BackgroundRotation.cs.meta","298","4276BC31CCE8262AAFF6BA7C862119E5D0BB558D531A363A72739268FCC1CB7D","2026-05-23T17:09:35"
"code/med-material__Trail-it/Assets/CircularLineVisualization.cs","3648","FCC15B878EBD25A69CF69146B3A8727DE993545C579D55F6E0C7F3195BE44CB9","2026-05-23T17:09:35"
"code/med-material__Trail-it/Assets/CircularLineVisualization.cs.meta","298","5BCC35C736CC7E3F97F92CB0829D5EB367D6BF869D60B099EC52CD9878AC9399","2026-05-23T17:09:35"
"code/med-material__Trail-it/Assets/ClickDismiss.cs","583","43F7C95C350496460E5BB248ADD61423FBB46A5360E5E5FE2950C287E3C06F8D","2026-05-23T17:09:35"
"code/med-material__Trail-it/Assets/ClickDismiss.cs.meta","275","C767BF587C776F7E6DE7A93DB8A28C59838A4987A0567D80D35E689DC72EE09F","2026-05-23T17:09:35"
"code/med-material__Trail-it/Assets/ConnectToMySQL.cs","2867","330C043396C7EFF4EC01424DD82C18D38A64967385E02107D5C10E780F75EAA4","2026-05-23T17:09:35"
"code/med-material__Trail-it/Assets/ConnectToMySQL.cs.meta","275","482249EC31B1B899973E3F9022480F40D7B2D4C0D7FE02B93438E2CD78567533","2026-05-23T17:09:35"
"code/med-material__Trail-it/Assets/CountAnimation.cs","3868","0F0392B20208E936C9B342AA1D933D47C6352503F3F47496EEFEFDCF6ADEFA41","2026-05-23T17:09:35"
"code/med-material__Trail-it/Assets/CountAnimation.cs.meta","298","16B37144E40087D09BC09D329CABBFD9D38792237FD223B2C9C0E0C3DE1C8B0E","2026-05-23T17:09:35"
"code/med-material__Trail-it/Assets/CountUp.cs","1390","763D680693F009E28FB0AC041CE89228EC375AFB6153AAD0A716514CF1F9621F","2026-05-23T17:09:35"
"code/med-material__Trail-it/Assets/CountUp.cs.meta","275","5F9972F0A8C0FA9D0F2752DE59C8616B21921EA9894912603B8E960C0F49F787","2026-05-23T17:09:35"
"code/med-material__Trail-it/Assets/DataManager.cs","29799","4878571146FE041EA1C35B144ED1DFA5C6B07C743728A761E616118B0432170C","2026-05-23T17:09:35"
"code/med-material__Trail-it/Assets/DataManager.cs.meta","298","90C265EDB68936F6A16654092542D6E9EE938EA48E4AC66954612CE7A06185DC","2026-05-23T17:09:35"
"code/med-material__Trail-it/Assets/DataPoint.cs","559","8CC3C647E3B5BE85A00FD7B6BE381E2AC8518AC97C6BEB0D1FB2EB98B6E35C00","2026-05-23T17:09:35"
"code/med-material__Trail-it/Assets/DataPoint.cs.meta","298","589FF75E8B8180B9E1495D852B2313EE68C0D445DC19E181F14773C11D22DB39","2026-05-23T17:09:35"
"code/med-material__Trail-it/Assets/FadeOut.cs","1973","44808FA1241863CCCF0B02119983AFF856A639CD8993347BF0B48930B1910EE6","2026-05-23T17:09:35"
"code/med-material__Trail-it/Assets/FadeOut.cs.meta","275","BB182131A3523928A924E8F989F6A2DBC11A88DC222D969075514723EEFF4CCE","2026-05-23T17:09:35"
"code/med-material__Trail-it/Assets/Fadein.cs","3241","A2B07EFF0EFD1E92859D2704A115E03082C64E5E649D3DE9306030F895E4F83B","2026-05-23T17:09:35"
"code/med-material__Trail-it/Assets/Fadein.cs.meta","275","3F8EC4A52D46D900ADC0B6D7DE77B7901492BC49EFF36C2C0406C5616A132CC2","2026-05-23T17:09:35"
"code/med-material__Trail-it/Assets/FirstTimeScreen.cs","603","AB49C92E9850A6AD670D19B0ABFB9888C7B86D3B3744680048943F04DBF3FBB8","2026-05-23T17:09:35"
"code/med-material__Trail-it/Assets/FirstTimeScreen.cs.meta","298","DC5ECC5A7FC8627B42281CB13059C26CCFC517E30A33DDA5473F91D00B247780","2026-05-23T17:09:35"
"code/med-material__Trail-it/Assets/Fonts.meta","112","1E75EDF1550FE31BF5A405C116769CA7CF25B253DE3277D767F3F5C17F02E17D","2026-05-23T17:09:35"
"code/med-material__Trail-it/Assets/Fonts/EncodeSansNormal-400-Regular.ttf","217448","BDEEBBD0AAB2BBB9510B48A5BE060B014E8E361B762D136008FF829D2BB09ED7","2026-05-23T17:09:35"
"code/med-material__Trail-it/Assets/Fonts/EncodeSansNormal-400-Regular.ttf.meta","494","78198D5AC0CDA2BC5974EEFD6D7CCDC583A28AF1A2DEAAF1720D2B0DB0802D14","2026-05-23T17:09:35"
"code/med-material__Trail-it/Assets/Fonts/SourceSansPro-Regular.otf","229588","6B096B47206D8F78A2C49AF2F2AE46B35D93B0E3CF105A9FEBEF59144AA2EAE2","2026-05-23T17:09:35"
"code/med-material__Trail-it/Assets/Fonts/SourceSansPro-Regular.otf.meta","488","3B83D8725CAB219E60F24761F5B734CFF69F3FAB4E6EC2FF8608426465224264","2026-05-23T17:09:35"
"code/med-material__Trail-it/Assets/Fonts/Toturial.otf","29120","027800E8E97997D58E75B1350917BB29037CA6CE96B91EAC971D1D14C52CF016","2026-05-23T17:09:35"
"code/med-material__Trail-it/Assets/Fonts/Toturial.otf.meta","315","67A0FB826FC7E6BCC674FD9A49ECE2A655B6BE8DEB4CB7227CD520077C3B7F82","2026-05-23T17:09:35"
"code/med-material__Trail-it/Assets/HeatMapController.cs","5882","E8FB1F45F3094E9C26DEC18B8A34F1E68FBC9B423F9E6B02E8E17DF0CAB286EC","2026-05-23T17:09:35"
"code/med-material__Trail-it/Assets/HeatMapController.cs.meta","298","D13D57C88EFA144529F0835449C26A1758BE88C430A9001E3C25613AE9EE6BBA","2026-05-23T17:09:35"
"code/med-material__Trail-it/Assets/HeatMapField.cs","3608","C9B00C35EE79937BA8A508B046AC29FAA99C9862F48BC56F6DFE45696935F6DD","2026-05-23T17:09:35"
"code/med-material__Trail-it/Assets/HeatMapField.cs.meta","298","1AC8541E6D2CE64A1433EDDABE105B8B4A0B75E45F39F374386F8EB58F47B64A","2026-05-23T17:09:35"
"code/med-material__Trail-it/Assets/MainMenuScreen.cs","3066","73EC5A1E7F504A8518DF8E99D59F9E6FE1CC7FF60BD12D4364E2FD362E242FDE","2026-05-23T17:09:35"
"code/med-material__Trail-it/Assets/MainMenuScreen.cs.meta","275","76DA88ED58EAE239E9F83C7279CAFA6C02A9D3FCF47AC5D4E6CA04CF1AB2CE88","2026-05-23T17:09:35"
"code/med-material__Trail-it/Assets/Materials.meta","112","8F2FDF6D8F369658C478B940BFB71D1BDF59AC55926E922B7FEFD96CF06EAA13","2026-05-23T17:09:35"
"code/med-material__Trail-it/Assets/Materials/Line.mat","1118","55294105A0DDEB3AE54CA5FEC1F118E9AD8C9A27381AEF5F463A797933B5BF96","2026-05-23T17:09:35"
"code/med-material__Trail-it/Assets/Materials/Line.mat.meta","99","C27CCBDF8203A09CF449EC638B552797FEE9CEEAD7E53140C3DC1422706D4339","2026-05-23T17:09:35"
"code/med-material__Trail-it/Assets/MoveOnKeyboard.cs","883","062C1FC162798D3EC80BF659B91794B8056F717C839E29C696B348A73857170B","2026-05-23T17:09:35"
"code/med-material__Trail-it/Assets/MoveOnKeyboard.cs.meta","298","7FCBAAAC99F002256163F9614A27DF25AB90DCFD4615706EEA6F57386B0FB8C8","2026-05-23T17:09:35"
"code/med-material__Trail-it/Assets/NewProfileCanvasScreen.cs","1046","56B568E347E7663FE461C5495B7A43D30DDFA8DD38B87F6D2268C45635099A9A","2026-05-23T17:09:35"
"code/med-material__Trail-it/Assets/NewProfileCanvasScreen.cs.meta","275","4DB40EF5998864A5D9AE361AD990E2DFAC85945A6DF17D5AB2D81CD0C26CFA56","2026-05-23T17:09:35"
"code/med-material__Trail-it/Assets/Prefabs.meta","112","0380420EC30CB0C757A4BF1F426D7DC1106F6BAD3458B09EDB6BFB5ABCE04C73","2026-05-23T17:09:35"
"code/med-material__Trail-it/Assets/Prefabs/BackButton.prefab","3467","6A4F96930F48C04CB8E613FDA3B19AAAB0AE8AA1F129FEE60008AACD5196753E","2026-05-23T17:09:35"
"code/med-material__Trail-it/Assets/Prefabs/BackButton.prefab.meta","99","906E4B839B8E1E950AAC34CF59BB1DE39143B666D38F1BA01FA86A4C81A4507E","2026-05-23T17:09:35"
"code/med-material__Trail-it/Assets/Prefabs/Canvas.meta","200","FAD63189EA8815B8691F6CFE872AB906AA4528B0D2B2EC10A97C1FAF962BF45A","2026-05-23T17:09:35"
"code/med-material__Trail-it/Assets/Prefabs/Canvas/EndLevelCanvas.prefab","47756","496E73458CD789DAEC919D4119C9A6574074D9E49FCA89A4E3A0EF3F154074B6","2026-05-23T17:09:35"
"code/med-material__Trail-it/Assets/Prefabs/Canvas/EndLevelCanvas.prefab.meta","187","11FAE2B2342143333DCBEE290BD50F4B3C7386F7C3E9DC7925D4486FE159637F","2026-05-23T17:09:35"
"code/med-material__Trail-it/Assets/Prefabs/Canvas/GameCanvas.prefab","21754","61998C82924DDF10C89192DF1FB20C155BD3984C5A3F90A09E42B6DF04054087","2026-05-23T17:09:35"
"code/med-material__Trail-it/Assets/Prefabs/Canvas/GameCanvas.prefab.meta","188","AB1AB397D74D0CE8E3B5BFDDAC9FA7608D26079D36632D5FB104A77CB91923DA","2026-05-23T17:09:35"
"code/med-material__Trail-it/Assets/Prefabs/Canvas/GameOverlayCanvas.prefab","9358","F8D8590C8774110DF683330C402308AAECE9F96675A91547D52DE1FA8B3C87AC","2026-05-23T17:09:35"
"code/med-material__Trail-it/Assets/Prefabs/Canvas/GameOverlayCanvas.prefab.meta","188","68B3E378A3DF21A34F3691CAFD697A17E4D3D8C995811912BAFE6687E709DDF0","2026-05-23T17:09:35"
"code/med-material__Trail-it/Assets/Prefabs/Canvas/MenuCanvas.prefab","107451","681CE980A6713FAB87C67E8D160E91EB243B858E90BD5EA09D688607C234950A","2026-05-23T17:09:35"
"code/med-material__Trail-it/Assets/Prefabs/Canvas/MenuCanvas.prefab.meta","188","07342721E8B33C818DD369D285A7EB80E7456ABCB78B660343AAC16067AA3FE7","2026-05-23T17:09:35"
"code/med-material__Trail-it/Assets/Prefabs/Canvas/PlayerSelectCanvas.prefab","23020","5EA0BDB25A63DE0DFEAB4198B15014C6451F5415AA7DC8B6DD8EB72CBD879AD3","2026-05-23T17:09:35"
"code/med-material__Trail-it/Assets/Prefabs/Canvas/PlayerSelectCanvas.prefab.meta","187","E5ADF23FD3772E02C93357C64D8A3C79B735502F704C653E95A4358EF374EE40","2026-05-23T17:09:35"
"code/med-material__Trail-it/Assets/Prefabs/Canvas/VælgBaneCanvas.prefab","50325","734BB2FBD1C4E2A832A158784ECD55A2961949CB2D22CFF5A6387921AB763F29","2026-05-23T17:09:35"
"code/med-material__Trail-it/Assets/Prefabs/Canvas/VælgBaneCanvas.prefab.meta","187","947752BF7EF5BC698822610422569465F9B023EF006BD7016B8F02B71FAAA588","2026-05-23T17:09:35"
"code/med-material__Trail-it/Assets/Prefabs/GameLevel.prefab","8487","4C24656D35CC573ED94B2589050E5B83730C71361C265C2E719A59A26461F13C","2026-05-23T17:09:35"
"code/med-material__Trail-it/Assets/Prefabs/GameLevel.prefab.meta","187","50C0FE9FB8AC26B21766F11353F82BEDEDC4D770A83288CB61ED0FB48D6CD77C","2026-05-23T17:09:35"
"code/med-material__Trail-it/Assets/Prefabs/Hand.prefab","2061","C032F5EAD1D73433454A02909C6A4CE492DE07DBC586FB0A6FE598A63C697600","2026-05-23T17:09:35"
"code/med-material__Trail-it/Assets/Prefabs/Hand.prefab.meta","99","F5A3C8D96D06F10BF5F4DF46E91B26F731DAF5CF63E2C628444556A9F401CD4A","2026-05-23T17:09:35"
"code/med-material__Trail-it/Assets/Prefabs/Label.prefab","3356","82AEB5201D7BCD982C530F7C7D495AAC9C5106140F95C8DBCEAA48D056786429","2026-05-23T17:09:35"
"code/med-material__Trail-it/Assets/Prefabs/Label.prefab.meta","99","6E67E401EDD84B3BCC1C963FAB5286A0FCD540F05DC0306B5EFA6452D219D24C","2026-05-23T17:09:35"
"code/med-material__Trail-it/Assets/Prefabs/Line.prefab","3563","D452096A576CA7FE95304584EF933ACB9F8ADBFDE635AEAF939DF8EB03EF4EB5","2026-05-23T17:09:35"
"code/med-material__Trail-it/Assets/Prefabs/Line.prefab.meta","99","7B600B41D69899E83B00229C986E81349B26375F7DA82F978CE519F307C07514","2026-05-23T17:09:35"
"code/med-material__Trail-it/Assets/Prefabs/LineDrawer.prefab","1572","FE32FA3D1004057C234C0F941DAF7405CDC0436B2177E91F9B0D0D45F5D0F95E","2026-05-23T17:09:35"
"code/med-material__Trail-it/Assets/Prefabs/LineDrawer.prefab.meta","99","044F9BCEB1707E8D8EDA0E58378580BC2F57020C95F0491380F98C760B6F0209","2026-05-23T17:09:35"
"code/med-material__Trail-it/Assets/Prefabs/Target.prefab","7564","E5B9354C6A330101C362DC7AACDF5C0F6DCAC91E27EC79B34B61583656C0C409","2026-05-23T17:09:35"
"code/med-material__Trail-it/Assets/Prefabs/Target.prefab.meta","99","FDB77BC4F47486AD0987DCDEDC7767438878D704A8D8A75AA2AADBAB8A80A8E7","2026-05-23T17:09:35"
"code/med-material__Trail-it/Assets/PrivacyCanvas.cs","739","801C36FA8DA896CF1D72524A511F856CEA4CA4965CABCC39B91E17EBEB9B6D66","2026-05-23T17:09:35"
"code/med-material__Trail-it/Assets/PrivacyCanvas.cs.meta","298","69B97A022E996EE6B0CDBB0833733F7B034E70608651EBE54C94626F7556D6BF","2026-05-23T17:09:35"
"code/med-material__Trail-it/Assets/ProfileButton.cs","898","A8484CB1A0EB24B6D7AA836A133396F458FA22B82931B4E062C42F90114ADF7E","2026-05-23T17:09:35"
"code/med-material__Trail-it/Assets/ProfileButton.cs.meta","275","D12AEAEF9D5D932EC0635A24F486C4635CBE960C9CC7862D252F6064EE416907","2026-05-23T17:09:35"
"code/med-material__Trail-it/Assets/ProfileManager.cs","14703","9DC686A9F3E2BABD65B89717073419115FE3E43E6F81BDF54E0295652C4650BC","2026-05-23T17:09:35"
"code/med-material__Trail-it/Assets/ProfileManager.cs.meta","275","E0652ED6C194FADAC13B5A42D3EA2A4745F272835855443CEE5F7E966B132E22","2026-05-23T17:09:35"
"code/med-material__Trail-it/Assets/ProfileScreen.cs","4947","CFD76D2C11A0F76F1E13AA28C153C3A282292C5E9B7C757831F2403D381383E1","2026-05-23T17:09:35"
"code/med-material__Trail-it/Assets/ProfileScreen.cs.meta","275","184E6DCE1876581F7611A6BB060DA7953765A4484CF0C77B5A66195B9DB30B4D","2026-05-23T17:09:35"
"code/med-material__Trail-it/Assets/QuestionnaireCanvas.cs","4152","76473EC63B291F2F59FDDE3D31087C0377454D2EE8EE6BCB83E03ACDE67D92F6","2026-05-23T17:09:35"
"code/med-material__Trail-it/Assets/QuestionnaireCanvas.cs.meta","298","A81D01CF8E33D5F56365EDC3098125B7CFA2CFB267C4970F3D7AC81BDCD89DBC","2026-05-23T17:09:35"
"code/med-material__Trail-it/Assets/Resources.meta","200","F04205B13CA81482C33DF28A526BE21BF826DBD04ED01DE9F2CF35D9689F3F44","2026-05-23T17:09:35"
"code/med-material__Trail-it/Assets/Resources/LineDrawer.prefab","1652","45DAB68DF29F480A660767055AD61AB470D3492096B5C5B0E2C967A9771A69C2","2026-05-23T17:09:35"
"code/med-material__Trail-it/Assets/Resources/LineDrawer.prefab.meta","187","9971233765BA4C11FC57EFCA8B5130523A0D0858F019D21B57A631E51E211E9A","2026-05-23T17:09:35"
"code/med-material__Trail-it/Assets/Resources/Tutorial.meta","200","0EE1260B243956D6D55ADFEC1C8A17F8AE45B7059CAF266104C182A4DF31A5BA","2026-05-23T17:09:35"
"code/med-material__Trail-it/Assets/Resources/Tutorial/Phase0A.prefab","4292","681C259049E4E78A82302050C7293D9130E88354B8F9F4512B586AE92CA40E3E","2026-05-23T17:09:35"
"code/med-material__Trail-it/Assets/Resources/Tutorial/Phase0A.prefab.meta","187","5ED3866D4D783367E8CF0111E6281973F25766B252B7B01E00EC0D1F3DE00E99","2026-05-23T17:09:35"
"code/med-material__Trail-it/Assets/Resources/Tutorial/Phase0B.prefab","4298","1DEAE5F6559AF8ECED28306ECA0D9BE39A0A966FA2058CAD41B032821DF3CD41","2026-05-23T17:09:35"
"code/med-material__Trail-it/Assets/Resources/Tutorial/Phase0B.prefab.meta","187","571D9E0A37B006050F4792A0AC6CF3AA1119FE840D00784DA362BC8217F21D33","2026-05-23T17:09:35"
"code/med-material__Trail-it/Assets/Resources/Tutorial/Phase1A.prefab","4309","AB144EFCB243CDA20244A0D67704D5FAE7875ADB16974D448F1A599DA84B8C29","2026-05-23T17:09:35"
"code/med-material__Trail-it/Assets/Resources/Tutorial/Phase1A.prefab.meta","187","B6C262A4A2DC18ECBE948E16A504B63143D2AF54B92207973AE92D46B32BDE0B","2026-05-23T17:09:35"
"code/med-material__Trail-it/Assets/Resources/Tutorial/Phase1B.prefab","4323","15C63207E0034E443DF38C4924887385B8A32B1F6D26174A6B13EC1F643521EC","2026-05-23T17:09:35"
"code/med-material__Trail-it/Assets/Resources/Tutorial/Phase1B.prefab.meta","187","C8FE0FE6443D9D492E022B2ED529D3425525C68DDA49CE1B15917A4DE4F220A4","2026-05-23T17:09:35"
"code/med-material__Trail-it/Assets/Resources/Tutorial/Phase2.prefab","14025","33D43B9A46B003B76B2C3E55A37ED077635624348FA70AE62806CB2E0A6DC0FC","2026-05-23T17:09:35"
"code/med-material__Trail-it/Assets/Resources/Tutorial/Phase2.prefab.meta","187","777AA9D7A5A8AF17DF6654F2C2AB3EAD197A9B011F9AC9DCA22FF8041286E004","2026-05-23T17:09:35"
"code/med-material__Trail-it/Assets/Resources/Tutorial/Tutorial.prefab","3169","3F2CA6C6EB1ADEB24D29736AF56242DC60D745B93C52C30596EF116808896272","2026-05-23T17:09:35"
"code/med-material__Trail-it/Assets/Resources/Tutorial/Tutorial.prefab.meta","187","1CCA5ED8215666AE73EAC5659BBADB027326998552BC97C8FA6EA96B53D7E864","2026-05-23T17:09:35"
"code/med-material__Trail-it/Assets/Resources/visualDataPoint.prefab","18451","70948022B9A374477F368B9CBBE94BF8B3E5916CF5C08B9653CF91F57F8DB6F4","2026-05-23T17:09:35"
"code/med-material__Trail-it/Assets/Resources/visualDataPoint.prefab.meta","242","29A4D561818082EB1D4118BBB5C8B2831AF7B45D3BFE4AA3C3DC44DA26C58206","2026-05-23T17:09:35"
"code/med-material__Trail-it/Assets/ResultsButton.cs","2499","CC945DE1D18AD4FF05A56500F85B09D50B5822FCDED19B9AA2E39949DBA60FA6","2026-05-23T17:09:35"
"code/med-material__Trail-it/Assets/ResultsButton.cs.meta","298","409A0FE87B9A2927BDC26773F0574FFC8A9F5617F2DE0B72A04AC8591733CEB2","2026-05-23T17:09:35"
"code/med-material__Trail-it/Assets/ResultsScreen.cs","3337","75D2F0FB6FC7E72D118C32F39E963CF5B1ED37B17856B57EC1571CDD67DFA803","2026-05-23T17:09:35"
"code/med-material__Trail-it/Assets/ResultsScreen.cs.meta","298","9466260BE5AE29C3079A19037F907A1207421D27F1C521B498829E9EFD6B9033","2026-05-23T17:09:35"
"code/med-material__Trail-it/Assets/Scenes.meta","112","89B70E999CDEE78E1B5AD42A1CACB8A00FB6196BC402350BDB48CAC78551A8CB","2026-05-23T17:09:35"
"code/med-material__Trail-it/Assets/Scenes/Alexander.unity","208700","08EEA0D3799F2EDEEF7D636B5C9658F300E80C338589AD88568EB4D032EA8766","2026-05-23T17:09:35"
"code/med-material__Trail-it/Assets/Scenes/Alexander.unity.meta","183","A356DB48FCF20A62CA9DF85136439AB7F2AD613F56579DCF58CD5002926CD30B","2026-05-23T17:09:35"
"code/med-material__Trail-it/Assets/Scenes/Bastian.unity","147198","C32B9121EF95FC6C34A1915F71E5BC7AA6441DA1FFC119A7A98828AAE4365C22","2026-05-23T17:09:35"
"code/med-material__Trail-it/Assets/Scenes/Bastian.unity.meta","183","93263BDE2E909A7796EE406E947BC4A8C7A5FC26771AFDE2D2EDBC33E4C79B24","2026-05-23T17:09:35"
"code/med-material__Trail-it/Assets/Scenes/BastianLevel.unity","26250","09A4D3D0D582D25FC36111DDB1DD1DD81C8B90352D44B421654988C5BA84F2E7","2026-05-23T17:09:35"
"code/med-material__Trail-it/Assets/Scenes/BastianLevel.unity.meta","183","7504504EDAA3A0C81F413DEB33C77F3DC608DC4173D2F1ED3C39A501A80032E4","2026-05-23T17:09:35"
"code/med-material__Trail-it/Assets/Scenes/Bastian_LineDrawer.unity","228840","E4DDD42DA92AD964B4694D6E3F502EDAB513D9E3E1D07AD6A536FE31E4DBC885","2026-05-23T17:09:35"
"code/med-material__Trail-it/Assets/Scenes/Bastian_LineDrawer.unity.meta","183","8F64F55468FC545DA86F5BB0EAD707E83BBBC27A4506D1A13D2F41C3A5051F94","2026-05-23T17:09:35"
"code/med-material__Trail-it/Assets/Scenes/Bastian_assistanceManager.unity","221863","38F624DCED264F042CC8CDB059840A58C008E09A91C4422D4032B6B996B9B2F0","2026-05-23T17:09:35"
"code/med-material__Trail-it/Assets/Scenes/Bastian_assistanceManager.unity.meta","183","7D3115681324DA45E170A242560F70308324AD9FCBA5AE9F5D1BB74679EECA7A","2026-05-23T17:09:35"
"code/med-material__Trail-it/Assets/Scenes/Game_Optimizing_Alexander.unity","99136","A808EFA75E0670C2E0A62082ADE68527E7817E1A8ABECB6FEA0DF62460B02E4E","2026-05-23T17:09:35"
"code/med-material__Trail-it/Assets/Scenes/Game_Optimizing_Alexander.unity.meta","183","3D624CD6AED2BC51E879745C12B0A0E33391D419AD69DD9A74D20D91E60E2516","2026-05-23T17:09:35"
"code/med-material__Trail-it/Assets/Scenes/GetTargetData.unity","9764","AB0F3DE2DB184AC322E2F1327F8286AF4EF14008A143D9F4D3DB3AFCE4929623","2026-05-23T17:09:35"
"code/med-material__Trail-it/Assets/Scenes/GetTargetData.unity.meta","183","D5707FEB4E2FF4403CE4C212660064AB4E828EF82FC899847016AEBFC10ADCFC","2026-05-23T17:09:35"
"code/med-material__Trail-it/Assets/Scenes/Level.unity","15815","7F2FDBE7B4FB688F6E4EE8EE8DFF36124339745DAF6E22A8C1D6EF25852CB08C","2026-05-23T17:09:35"
"code/med-material__Trail-it/Assets/Scenes/Level.unity.meta","94","794ADAF539F53F61E08C7340E442DEE721F3DD4696205264A8E80EF264D17576","2026-05-23T17:09:35"
"code/med-material__Trail-it/Assets/Scenes/LevelComplete.unity","28205","2BF756E67B1B9AC93E333057E8A622C2BC8151B4A09E0603BF068879E18F3630","2026-05-23T17:09:35"
"code/med-material__Trail-it/Assets/Scenes/LevelComplete.unity.meta","94","17099B267ED55F3C16B5F74BFDD8795C8FD43AE5F5967EAF8F73358DCCCCDB70","2026-05-23T17:09:35"
"code/med-material__Trail-it/Assets/Scenes/LevelSelect.unity","26490","1104692D8A170EF3132D9BE3B6818073378175F0AB20B72E0A81494AAB30BE32","2026-05-23T17:09:35"
"code/med-material__Trail-it/Assets/Scenes/LevelSelect.unity.meta","94","EEF6087A582E7A82E62DB5CDCEE4C43E3BC3E9AB01D6C55C252494D63E650A0D","2026-05-23T17:09:35"
"code/med-material__Trail-it/Assets/Scenes/LoadManagers.unity","11470","D47E0D77FCEF676CD22A4F7B431EAD7428D19F24C596030E2D4C30090DD016EB","2026-05-23T17:09:35"
"code/med-material__Trail-it/Assets/Scenes/LoadManagers.unity.meta","94","61DA595817A653B0BC7A2A4973EA9878E2E5DE50C2550CC73B83D7DA8D8F9ADA","2026-05-23T17:09:35"
"code/med-material__Trail-it/Assets/Scenes/MainMenu.unity","21728","D2ACDE7AC692F2A70CBF25D8552F994A7E603A8E7A5B0512B9F165BAD909A053","2026-05-23T17:09:35"
"code/med-material__Trail-it/Assets/Scenes/MainMenu.unity.meta","94","C7CF7B9B6C9BF26494A2ADD138CA14897DA4EF5F4E3BDF9A63E4F5172710DE11","2026-05-23T17:09:35"
"code/med-material__Trail-it/Assets/Scenes/PlayerSelect.unity","15444","E044621753BCA0FEFE340CC87EFB776BB565BDA11DD1D647E6BCD4A7DFF94D16","2026-05-23T17:09:35"
"code/med-material__Trail-it/Assets/Scenes/PlayerSelect.unity.meta","94","707F16943561AE1484D5C8EE1BFA26EF1AE4F848B90AC2DE99F087CCC64CD98F","2026-05-23T17:09:35"
"code/med-material__Trail-it/Assets/Scenes/Settings.unity","57828","1F03ABFC10DA834603F50BE09206EAFD275F3F37E0C9C7B5E7F51DA1227D4340","2026-05-23T17:09:35"
"code/med-material__Trail-it/Assets/Scenes/Settings.unity.meta","94","625DE0A66015A9F599F268BE9EB61C18F7ACB1D30C6E2AE957AB8E0F6A3A1481","2026-05-23T17:09:35"
"code/med-material__Trail-it/Assets/Scenes/TMT_Evaluation_Bastian.unity","509993","3BB7D980F73E7D7FE453399294EB9D3EECAB77ADF1B073CB1CEF6C83B1ADA93B","2026-05-23T17:09:35"
"code/med-material__Trail-it/Assets/Scenes/TMT_Evaluation_Bastian.unity.meta","183","6548900BDC6C9C12B12FEB22FF2A1B7C79793ED7C0F41270C3E95633E01BD975","2026-05-23T17:09:35"
"code/med-material__Trail-it/Assets/Scenes/TMT_Narratives_Bastian.unity","273558","2211F6430262FC179EEAF1BB7B322495B6515FAA5F9D82A14EC3DE2AA309D079","2026-05-23T17:09:35"
"code/med-material__Trail-it/Assets/Scenes/TMT_Narratives_Bastian.unity.meta","183","01917D2A324EABD39ED0C64B69DF4B461F500983F25AD60DA7FBB1416FD9D345","2026-05-23T17:09:35"
"code/med-material__Trail-it/Assets/Scenes/TMT_P10.unity","1435268","34128A8306A81A4FE7CC73E8C757D26C489B0C54AD80257A7E2576CEB2F85663","2026-05-23T17:09:35"
"code/med-material__Trail-it/Assets/Scenes/TMT_P10.unity.meta","183","1047D091ABEB30DC2D65A0C7326211AFCA8AD4E76B1A1A4AA7076E7CE61F0AAB","2026-05-23T17:09:35"
"code/med-material__Trail-it/Assets/Scenes/Tutorial.unity","23984","7C41CAF66A8CE64FB6D9DBA58F39FEFE70D3CE73742740174FD3C73854DC07B4","2026-05-23T17:09:35"
"code/med-material__Trail-it/Assets/Scenes/Tutorial.unity.meta","94","F7793955FFB58889F948E922E66CE4E0906AE68AD055982C4EF193B7E4CA4AC9","2026-05-23T17:09:35"
"code/med-material__Trail-it/Assets/Scripts.meta","112","2768C027442B2EE9798E2136D2FBCE0DCB996D7D12A6DB6564D37A233108FE0C","2026-05-23T17:09:35"
"code/med-material__Trail-it/Assets/Scripts/BackgroundScaler.cs","487","52ECBDA9D90298DB6F4C4CBC51A26A50417548AB375F718F7CBA6B180A4910AA","2026-05-23T17:09:35"
"code/med-material__Trail-it/Assets/Scripts/BackgroundScaler.cs.meta","274","5B136D0248C4E6C0DAC58D500390277F1472F3896C98EAC8D17EB7CDB57C7CA5","2026-05-23T17:09:35"
"code/med-material__Trail-it/Assets/Scripts/Game.meta","112","B86FF686F28D8ED4E9C9F79AAB783CE4128DF67892693332B3DFECF0D7D2955D","2026-05-23T17:09:35"
"code/med-material__Trail-it/Assets/Scripts/Game/AssistanceManager.cs","10684","BEBF9AFD10B1341C4A3003138D775ADA929CCA1EEB98921A603B405966B9F5B1","2026-05-23T17:09:35"
"code/med-material__Trail-it/Assets/Scripts/Game/AssistanceManager.cs.meta","186","2354415D84C346D8BA078AE95C81302715FFA098CC116A30353955AE4D25F3D5","2026-05-23T17:09:35"
"code/med-material__Trail-it/Assets/Scripts/Game/GameLevel.cs","16220","FAE6445CEA49E89E8317248FD12DABA2A41DEB23C643363F089C5BD99366BB0A","2026-05-23T17:09:35"
"code/med-material__Trail-it/Assets/Scripts/Game/GameLevel.cs.meta","186","3FCB0DB6CE69C0FB9990E6B98932F6C6D83622D9307915119F1932372FFB5945","2026-05-23T17:09:35"
"code/med-material__Trail-it/Assets/Scripts/Game/LineDrawer.cs","3826","3D917FBDE078A23E642C678563EC6927358D79CC23B937CBFAD64123A1BD306E","2026-05-23T17:09:35"
"code/med-material__Trail-it/Assets/Scripts/Game/LineDrawer.cs.meta","186","5FCEE8998716B66BD4B3BD322DC272367079E55C7AF14E21EF73CA18C9FCB040","2026-05-23T17:09:35"
"code/med-material__Trail-it/Assets/Scripts/Game/Target.cs","2471","B3CFB07A9A42025B93B703F4968DA69ADBE39C13F41B63184D877B0DB557B155","2026-05-23T17:09:35"
"code/med-material__Trail-it/Assets/Scripts/Game/Target.cs.meta","186","D21E5485DB4E9D800AB58A570BFD78F7C7E73CD7119CEF1C03DA7B3CA0188FB7","2026-05-23T17:09:35"
"code/med-material__Trail-it/Assets/Scripts/InputHandler.cs","1060","63512A29374EF0E73EA4D7B3CEA2281CF755C6E2301C8C28ECD4DC8DB0824D59","2026-05-23T17:09:35"
"code/med-material__Trail-it/Assets/Scripts/InputHandler.cs.meta","274","1DDB274FF2C64A85FE4E2135F229D8A2329437320035866965140256101EB297","2026-05-23T17:09:35"
"code/med-material__Trail-it/Assets/Scripts/Managers.meta","112","57790B51EB30AB3187C12532D0B4194DEA0677507494E56A1BFE15064412204A","2026-05-23T17:09:35"
"code/med-material__Trail-it/Assets/Scripts/Managers/GameManager.cs","13262","049EB92ADB54E0E4C49164A6FA4DF25548C43DDEA920D88869E5D8EC05602750","2026-05-23T17:09:35"
"code/med-material__Trail-it/Assets/Scripts/Managers/GameManager.cs.meta","188","3E29BB6575B1024A47D59CD2D45B5C8AA48CE3940111CE965797F7A44A5B9B8F","2026-05-23T17:09:35"
"code/med-material__Trail-it/Assets/Scripts/Managers/LoggingManager.cs","13519","067715CCEE047DC4E628089E9018BAF56DE9B8D689C056A06E02F691FDCAA61C","2026-05-23T17:09:35"
"code/med-material__Trail-it/Assets/Scripts/Managers/LoggingManager.cs.meta","188","473F71EF1CF3B3ED2C1BEAC32ADC037679815463F7D72278624A84A2E236C575","2026-05-23T17:09:35"
"code/med-material__Trail-it/Assets/Scripts/Managers/ProgressionManager.cs","4426","E66978B97B59A804AE88593D1B8DBB70D24A15B8B0CD351113F3874FD98B9AD4","2026-05-23T17:09:35"
"code/med-material__Trail-it/Assets/Scripts/Managers/ProgressionManager.cs.meta","254","C5A5300086F4975976E582601E53D5BC9B23F2B381C8444080E5469F07F203A2","2026-05-23T17:09:35"
"code/med-material__Trail-it/Assets/Scripts/PlayerData.cs","207","4AD4DE9DA65DEFED53A09AA8810435344E3F4A53885DC73F95A0B7BE0A4D716C","2026-05-23T17:09:35"
"code/med-material__Trail-it/Assets/Scripts/PlayerData.cs.meta","274","EFCFBB530444089DB6F51936A2FF0B5F315639781C7A08DB4197D95686424F60","2026-05-23T17:09:35"
"code/med-material__Trail-it/Assets/Scripts/ScreenLogger.cs","744","2260226C3F03068F4F46AF2988D89FA82A2DE52FB8D2E05B1DA4EB7E10571753","2026-05-23T17:09:35"
"code/med-material__Trail-it/Assets/Scripts/ScreenLogger.cs.meta","275","40DA6EFFF7C65988FF0A1FEBD2968F3BFB38E54613BDCF2B04A0331F290EF21A","2026-05-23T17:09:35"
"code/med-material__Trail-it/Assets/Scripts/SettingsScreen.cs","7024","5D9C6A5906ED26B2B0407776B99F4674B8E4861858F7D3D9E78C60124439C455","2026-05-23T17:09:35"
"code/med-material__Trail-it/Assets/Scripts/SettingsScreen.cs.meta","274","1F9697506391ED403634072D046A56005B0148C3CBF85F713CBB2C9C644EB4E7","2026-05-23T17:09:35"
"code/med-material__Trail-it/Assets/Scripts/TargetData.cs","16513","A41A6C87A15A4D16AD9A9FC134F296183D7216D62C9474FC9E3EE7C330FF919F","2026-05-23T17:09:35"
"code/med-material__Trail-it/Assets/Scripts/TargetData.cs.meta","275","179A72A0E0E18CE32640AE6D3F29117E489D1F4FAF103492D8234C767FDDE2C0","2026-05-23T17:09:35"
"code/med-material__Trail-it/Assets/Scripts/Tutorial.cs","11384","B1880B4647B1FD377ED3D10F87C4DAFB68478FD18A59E62CE7BE8B6E46A98D7D","2026-05-23T17:09:35"
"code/med-material__Trail-it/Assets/Scripts/Tutorial.cs.meta","186","0777A504C55CB327A45A396C61B482FFA0E785541A43DE93410585C1DFE799E1","2026-05-23T17:09:35"
"code/med-material__Trail-it/Assets/SessionCompleteCanvas.cs","1324","CA74746B3A7AC66824C6C5357C50FAFE8668BB342411A306ED345A6595EC58FE","2026-05-23T17:09:35"
"code/med-material__Trail-it/Assets/SessionCompleteCanvas.cs.meta","298","68AA9DAAE9F4BF486BE25D62883100EBBC4CDAB3EECD1503E60257C65B23436B","2026-05-23T17:09:35"
"code/med-material__Trail-it/Assets/Sprites.meta","112","96F2587434CC8014C19A897872E4F0874518911EB4C6CD92C50AA522EB726A58","2026-05-23T17:09:35"
"code/med-material__Trail-it/Assets/Sprites/Arrow.png","9781","7847BA0C38F325D4466EB99C9C9089234CDF5651175C2C069B481EDF7F37F051","2026-05-23T17:09:35"
"code/med-material__Trail-it/Assets/Sprites/Arrow.png.meta","4586","91545EEBDAA40CC6293B11EDAE6C00451DE83C0B50BA86824075004C261330E6","2026-05-23T17:09:35"
"code/med-material__Trail-it/Assets/Sprites/ArrowVignette.png","1323","788D9CCC34528B41378D705096DCAED79888654D2CA674C579D7879D57A129B8","2026-05-23T17:09:35"
"code/med-material__Trail-it/Assets/Sprites/ArrowVignette.png.meta","4585","1B9581AE6C3E44FA1D6742911F37B1A0EA25A50EFB587BADB6ABAB8B92FAAB23","2026-05-23T17:09:35"
"code/med-material__Trail-it/Assets/Sprites/Backgrounds.meta","112","982324BB00399F4648253E7556CC36486300B9D4E39A04A70ECEF9D82B95CC94","2026-05-23T17:09:35"
"code/med-material__Trail-it/Assets/Sprites/Backgrounds/BgLines.png","8664","1E3D8D0382FC24771471B0F16E28104807DD315013347D726B643F1C76574848","2026-05-23T17:09:35"
"code/med-material__Trail-it/Assets/Sprites/Backgrounds/BgLines.png.meta","4585","2170BFB2974DE4595D781EB4FBFAE8EB24DA35D0D735035F45B95C0B48920291","2026-05-23T17:09:35"
"code/med-material__Trail-it/Assets/Sprites/Backgrounds/GameFrame.png","4373","61B00F1E7CB899AE4AFAF5C0349E69A786174CAA1A0F269EADDAA4A9F92A9B07","2026-05-23T17:09:35"
"code/med-material__Trail-it/Assets/Sprites/Backgrounds/GameFrame.png.meta","1046","E48444AF9D8870AA1824E67E162A69E9C8FB45660545A963C943A64814F308DB","2026-05-23T17:09:35"
"code/med-material__Trail-it/Assets/Sprites/Backgrounds/MainBG.png","12229","A21314C3C343A37C1F60CFD5A239A4ED25CDBAF72D84E554C424AEF74552EFA0","2026-05-23T17:09:35"
"code/med-material__Trail-it/Assets/Sprites/Backgrounds/MainBG.png.meta","4636","31768232359483FC87359DB43BAAA0E71DA3B4738B25130A90D2E75C1AE02478","2026-05-23T17:09:35"
"code/med-material__Trail-it/Assets/Sprites/Backgrounds/MainLogo.png","16040","B843ECCC4077B50A769C1DE50F8D3246ECC92500C142F77049421FC32E4A0D29","2026-05-23T17:09:35"
"code/med-material__Trail-it/Assets/Sprites/Backgrounds/MainLogo.png.meta","3844","8468BA8609F02C4501D57E3E98ECAFF73CBA0199E4762C59CE6892C68BE1D3F9","2026-05-23T17:09:35"
"code/med-material__Trail-it/Assets/Sprites/Backgrounds/Profile-bg.png","5349","95DBE51E3AE28B41177323472694655F5BCABF4DE9F1C334C32872034CED4BC9","2026-05-23T17:09:35"
"code/med-material__Trail-it/Assets/Sprites/Backgrounds/Profile-bg.png.meta","4585","ABF33414DB963C9BF3772C865B390E81131E3BA1F1E732FC13B47690C4D8FD5A","2026-05-23T17:09:35"
"code/med-material__Trail-it/Assets/Sprites/Backgrounds/background-0.png","22335","9761F43719B9DB4A8687937584E682EFC5B51D889783564EE94D99AD0932557C","2026-05-23T17:09:35"
"code/med-material__Trail-it/Assets/Sprites/Backgrounds/background-0.png.meta","4585","DE92274203D3BFA8A33F4324F3780CDCB7C34C812024B6DA7C4C6343ECCB3757","2026-05-23T17:09:35"
"code/med-material__Trail-it/Assets/Sprites/Backgrounds/background-0_expanded.png","32039","B8447B77ACAE5D9B247005CA2DFF7C7738F71CB44D9E47FDD5981A590594B16E","2026-05-23T17:09:35"
"code/med-material__Trail-it/Assets/Sprites/Backgrounds/background-0_expanded.png.meta","4585","90EEBAF1C3E40FA19103DCA45A51E8DCF9C3A59E07F44C2964293A21C1EE8AE6","2026-05-23T17:09:35"
"code/med-material__Trail-it/Assets/Sprites/Backgrounds/background-1.png","17527","E23018443094B94F4F8117E7164958750396FA701F84EBBEEDA4152010319110","2026-05-23T17:09:35"
"code/med-material__Trail-it/Assets/Sprites/Backgrounds/background-1.png.meta","4585","61FAEDA964F8530DE05A3FAB9569C133DF3535AC00A70621C43EFA59D2AB5CE2","2026-05-23T17:09:35"
"code/med-material__Trail-it/Assets/Sprites/Backgrounds/background-1_expanded.png","26786","FCD3AE1910F2A38AC88E5790A31AB37F9BD7F843AFE92CF56748A2AFE4A5C7C4","2026-05-23T17:09:35"
"code/med-material__Trail-it/Assets/Sprites/Backgrounds/background-1_expanded.png.meta","3475","38AD8A7F772F645FDBB9A297E29412E31E6233259C7BB99F49E91B312AB6B67F","2026-05-23T17:09:35"
"code/med-material__Trail-it/Assets/Sprites/Backgrounds/background-2.png","14443","F23B536C1C838813A9CD1B97E3668634B38E9A08682C2EC303B651545F10F05F","2026-05-23T17:09:35"
"code/med-material__Trail-it/Assets/Sprites/Backgrounds/background-2.png.meta","1543","EC4AA70B4169AA4E90C00C768DE3BC00F556CF3F849E2A73F0D5152DCF43F7CC","2026-05-23T17:09:35"
"code/med-material__Trail-it/Assets/Sprites/Backgrounds/background-3.png","102466","1DE614CA8D82EC08C09CC54FF14A22DAE3F6003443577E1FB81F424C477BE0F8","2026-05-23T17:09:35"
"code/med-material__Trail-it/Assets/Sprites/Backgrounds/background-3.png.meta","3475","41B53373B9E6F14E2A489EFBE5030DBBC08C5DAAC37780D5A3A6FB443A4E7DCD","2026-05-23T17:09:35"
"code/med-material__Trail-it/Assets/Sprites/Backgrounds/background-4.png","115251","2B32DDE9E0182292102E0465D83713084AA2A993F46595602F0BBEFB0F4C053C","2026-05-23T17:09:35"
"code/med-material__Trail-it/Assets/Sprites/Backgrounds/background-4.png.meta","3475","6916451D97EE7408EED0B191907BCD210DD61112EBB6DFEF0E8133E135F384F5","2026-05-23T17:09:35"
"code/med-material__Trail-it/Assets/Sprites/Backgrounds/backgroundLevels.png","30091","4FBC48114EB5023E650BC78A7A5EDF493F4F6763FCCB1FFB8F5F3C232D32F5EE","2026-05-23T17:09:35"
"code/med-material__Trail-it/Assets/Sprites/Backgrounds/backgroundLevels.png.meta","1053","DBFBDA7F94DAAAAA90AC554D1FEA79BEC3405A4E0FF2430641EA647212080430","2026-05-23T17:09:35"
"code/med-material__Trail-it/Assets/Sprites/Backgrounds/backgroundSettings2.png","25693","CEF75E7700F495B21E58B75DE79182F5EF2E86BB7BC7E96D4475650248D24C93","2026-05-23T17:09:35"
"code/med-material__Trail-it/Assets/Sprites/Backgrounds/backgroundSettings2.png.meta","1056","E0A651C33EB55920FCE9EF8C24A69FE15E5EB8631050CE4A099A7E3E7915818B","2026-05-23T17:09:35"
"code/med-material__Trail-it/Assets/Sprites/Backgrounds/main-menu-blur-thing.png","145022","F05CC76E51737C27FA5C2E1D8FE09599DFFEB64D73403A8B53ABC722FDC16006","2026-05-23T17:09:35"
"code/med-material__Trail-it/Assets/Sprites/Backgrounds/main-menu-blur-thing.png.meta","4585","B79F9B4B93BB957C41247A14D328B857305E6C94C8BA1303CBDA4963199C508D","2026-05-23T17:09:35"
"code/med-material__Trail-it/Assets/Sprites/Backgrounds/session-complete.png","6150","BAB764E21EF41D39D9C422C7D0920129D740B8CB883DB276C61C19D04DC92499","2026-05-23T17:09:35"
"code/med-material__Trail-it/Assets/Sprites/Backgrounds/session-complete.png.meta","4585","58CA34407EED87C1AEBFEE5A6DC2085084FC62358D6AE9ED8395AB0800820C0E","2026-05-23T17:09:35"
"code/med-material__Trail-it/Assets/Sprites/GUI.meta","112","9D223F76811347EC50ACEA2EF75D359941FDF63869E6A7A4A85C0178D4E98715","2026-05-23T17:09:35"
"code/med-material__Trail-it/Assets/Sprites/GUI/Grey.jpg","630","784271E94F90A6B758C180FA5A36F0E5FA85CC45B47F5A8DC3338C0556E5AF83","2026-05-23T17:09:35"
"code/med-material__Trail-it/Assets/Sprites/GUI/Grey.jpg.meta","1041","4605CF46AA58ED8E0544227A7EB90CEF60F08D824124DB8B51C8D28C15DEA15A","2026-05-23T17:09:35"
"code/med-material__Trail-it/Assets/Sprites/GUI/LevelComplete.meta","201","27F7520AEAA327352C2A642B5E8D45E59A8AF956F1511B65C19E3F590B34B430","2026-05-23T17:09:35"
"code/med-material__Trail-it/Assets/Sprites/GUI/LevelComplete/icon-duration-success.png","11530","381F10729F82B37FD2E0AA974005CD0EB01F0004C08ABFD7B355B6523E774044","2026-05-23T17:09:35"
"code/med-material__Trail-it/Assets/Sprites/GUI/LevelComplete/icon-duration-success.png.meta","4585","32555FAF7548153F26B93463C4DD5009380EF49ED3479F183E7624030D054132","2026-05-23T17:09:35"
"code/med-material__Trail-it/Assets/Sprites/GUI/LevelComplete/icon-duration.png","11540","B6F1197E7AC8B0B5FCE0D8826F8AB3AA9DF37DFC201A03B21F67153EBBBA2E86","2026-05-23T17:09:35"
"code/med-material__Trail-it/Assets/Sprites/GUI/LevelComplete/icon-duration.png.meta","4585","83CB6A8F2E1C5603E4F77D93CFD5318A383548B3712B4B1549D0CFEA8115848C","2026-05-23T17:09:35"
"code/med-material__Trail-it/Assets/Sprites/GUI/LevelSelect.meta","112","B93A9CE18476EC0947FD748DC486EF3BEFF7D5F1BE27384CAFF655FA7DE44892","2026-05-23T17:09:35"
"code/med-material__Trail-it/Assets/Sprites/GUI/LevelSelect/RightArrow.png","9905","AF76A59C7284996999BBF1574D263824DFCFCC689372D8B6E18CB4461E0CF771","2026-05-23T17:09:35"
"code/med-material__Trail-it/Assets/Sprites/GUI/LevelSelect/RightArrow.png.meta","1048","A448DE97A3AF725845465F6DC0278BA8B5BF111F9CCA583C8698179FA1B57E67","2026-05-23T17:09:35"
"code/med-material__Trail-it/Assets/Sprites/GUI/LevelSelect/leftArrow.png","9971","ABD9E402F60C91CF0059CCE985B60B11416338F0E7B2127A6A55F5E217C58A78","2026-05-23T17:09:35"
"code/med-material__Trail-it/Assets/Sprites/GUI/LevelSelect/leftArrow.png.meta","1047","6CB2E59892BA4AC44DEA66E99E242673D7C7EB4067B7C991F8004E1E9C42E818","2026-05-23T17:09:35"
"code/med-material__Trail-it/Assets/Sprites/GUI/LevelSelect/leftArrowActive.png","10558","B10DB3A46AF39750DF16ACA1D48C7F2E901DE095685F770D0A74569F5A58A530","2026-05-23T17:09:35"
"code/med-material__Trail-it/Assets/Sprites/GUI/LevelSelect/leftArrowActive.png.meta","1053","926E77035CAD2A9D54C2BD3AB6B694AF5659A1413787985EFF17DC0603C8C55D","2026-05-23T17:09:35"
"code/med-material__Trail-it/Assets/Sprites/GUI/LevelSelect/leftArrowDisabled.png","8024","1D47F1D818254DE99C4705BA539A9CC07F1E22B184C82C39561015D9075C7E73","2026-05-23T17:09:35"
"code/med-material__Trail-it/Assets/Sprites/GUI/LevelSelect/leftArrowDisabled.png.meta","1025","5C1FFF717E42C13C46A335337765398D5CABD0C48D171C59584B87CD033BEF85","2026-05-23T17:09:35"
"code/med-material__Trail-it/Assets/Sprites/GUI/LevelSelect/levelA.png","6396","1B9848492133B8B621617F3BC8B50E97580CF241527186A345BD59EA82B5261E","2026-05-23T17:09:35"
"code/med-material__Trail-it/Assets/Sprites/GUI/LevelSelect/levelA.png.meta","1044","0FCC6A644869DBA5B76A105081D44813A7DDBA95BFCC18AB17AD26E151804FB8","2026-05-23T17:09:35"
"code/med-material__Trail-it/Assets/Sprites/GUI/LevelSelect/levelActive.png","5996","719C39D8797E52FCCDA40EA784DCCEF63D47B7DBF8F7572ED375DEF50F6D0BA2","2026-05-23T17:09:35"
"code/med-material__Trail-it/Assets/Sprites/GUI/LevelSelect/levelActive.png.meta","1049","1D009E1350E48644C510ADEFAEACB6C4BDD4222182B02418C8B6C6723AA60577","2026-05-23T17:09:35"
"code/med-material__Trail-it/Assets/Sprites/GUI/LevelSelect/levelB.png","6300","6648B4B19013F22AC0A59178FB487E832DEC7EC5DEB86044326D3DB5B4060B6B","2026-05-23T17:09:35"
"code/med-material__Trail-it/Assets/Sprites/GUI/LevelSelect/levelB.png.meta","1044","50E51324CB8860D1E819175D4F7C45068A66E381B31BF81A7DD4D4F0180D74FC","2026-05-23T17:09:35"
"code/med-material__Trail-it/Assets/Sprites/GUI/LevelSelect/levelGrey.png","4632","5BD89DE59A3B14CDC32DFE40E20BAD98B3BCA1B0ACE534A95A8E23758A845A7C","2026-05-23T17:09:35"
"code/med-material__Trail-it/Assets/Sprites/GUI/LevelSelect/levelGrey.png.meta","1047","5666429DC83C8A6EF056FDC149D2713D7056FDF4C031DD102C8AA27C160551B7","2026-05-23T17:09:35"
"code/med-material__Trail-it/Assets/Sprites/GUI/LevelSelect/rightArrowActive.png","10448","90CC9F91A6BBD4138A94506070B9511E58687AD42972DD0EC73CD3D88A312906","2026-05-23T17:09:35"
"code/med-material__Trail-it/Assets/Sprites/GUI/LevelSelect/rightArrowActive.png.meta","1054","A79222A14D6E5E64D3E239EFEEB81EBD8D39C442779161A395162C069343DC2E","2026-05-23T17:09:35"
"code/med-material__Trail-it/Assets/Sprites/GUI/LevelSelect/rightArrowDisabled.png","7953","36CE5ABC21BF14C014BD3A97B21048920308DBFA99D7F88A27FCF6D0971506A0","2026-05-23T17:09:35"
"code/med-material__Trail-it/Assets/Sprites/GUI/LevelSelect/rightArrowDisabled.png.meta","1025","A99A14DAB765C79A9CC26D1D8430818DA39ACD40EE7EB93E48344E017EB95A97","2026-05-23T17:09:35"
"code/med-material__Trail-it/Assets/Sprites/GUI/MainMenu.meta","112","5BE9E139C1942B36AE538C949F422671935A001AAC02D5633539ACF6AA36E851","2026-05-23T17:09:35"
"code/med-material__Trail-it/Assets/Sprites/GUI/MainMenu/buttonAclicknew.png","24104","DE1568D79AE7B41B8DC643BA0AD7739FCC76AE05F9D674C2C7C45B4EE5BDF8BA","2026-05-23T17:09:35"
"code/med-material__Trail-it/Assets/Sprites/GUI/MainMenu/buttonAclicknew.png.meta","1053","B427065FE53CF732C289E785F2E5A55D50BE2A18BE76A7FE31207AC2EEE25E49","2026-05-23T17:09:35"
"code/med-material__Trail-it/Assets/Sprites/GUI/MainMenu/buttonAnew.png","23123","0096AEB543103BABDA44D84A45D2CD6FC8AF855F17292106B13B225D0A7449D1","2026-05-23T17:09:35"
"code/med-material__Trail-it/Assets/Sprites/GUI/MainMenu/buttonAnew.png.meta","1048","31D922E72A5CD76BA1F3F50FE19E06577B01EBC1C6823ACA8EA74A895908A153","2026-05-23T17:09:35"
"code/med-material__Trail-it/Assets/Sprites/GUI/MainMenu/buttonBclicknew.png","24535","9635730A7866E33B4B30EEB2389E20E01083C3EE497F8C89F8318398AC5072D1","2026-05-23T17:09:35"
"code/med-material__Trail-it/Assets/Sprites/GUI/MainMenu/buttonBclicknew.png.meta","1053","B1CAEC0FC41663290AACDE08E083B6BC0908B3250192676E80A4FFA0FCFC21EF","2026-05-23T17:09:35"
"code/med-material__Trail-it/Assets/Sprites/GUI/MainMenu/buttonBnew.png","23164","6A68C0B570B6A72D0CBB927D44BB391C3A979C753A8D497108578605DDF212E5","2026-05-23T17:09:35"
"code/med-material__Trail-it/Assets/Sprites/GUI/MainMenu/buttonBnew.png.meta","1048","F9B7A34A0275723F7D4D094AC16F02D9F76EF3BFB94AC30BEAFBC2EF37584A16","2026-05-23T17:09:35"
"code/med-material__Trail-it/Assets/Sprites/GUI/MainMenu/icon-completed.png","21839","DDDB25BFDFEC3AF4C59394110276D966DF58F2181A8F01DFD75680C6E43E643E","2026-05-23T17:09:35"
"code/med-material__Trail-it/Assets/Sprites/GUI/MainMenu/icon-completed.png.meta","4585","008BCB7E63B61CE4A0F99356B74608EE4909DEE99249BFF8E63EEDB4D581265B","2026-05-23T17:09:35"
"code/med-material__Trail-it/Assets/Sprites/GUI/MainMenu/icon-sundhed.png","3437","12ED9DDE469DEA4642FFE104695A7BE05DEB32EA460D52F156903F2C6D406BF6","2026-05-23T17:09:35"
"code/med-material__Trail-it/Assets/Sprites/GUI/MainMenu/icon-sundhed.png.meta","4585","BE4E46138214DD4B6A2C661DF3AEA274CAEC689C39C0112959F72C7C4FB60633","2026-05-23T17:09:35"
"code/med-material__Trail-it/Assets/Sprites/GUI/MainMenu/icon-syn.png","3039","DA9AB9DA10B9315AC10149D6739C66F58F2926CC53503225F88DDCC9DDBB428A","2026-05-23T17:09:35"
"code/med-material__Trail-it/Assets/Sprites/GUI/MainMenu/icon-syn.png.meta","4585","65EB08BC887A67C5DB946551814ED48EA6F57D5589622B4521260AA3C54ABA15","2026-05-23T17:09:35"
"code/med-material__Trail-it/Assets/Sprites/GUI/Settings.meta","112","8B00F4987397B630B72DF36A862CFD387BC795A49D3E4C883E6633AAFC063DC5","2026-05-23T17:09:35"
"code/med-material__Trail-it/Assets/Sprites/GUI/Settings/buttonFra2.png","2017","D3EB8C8B5318959F5570BA53CF7BF2E4A128FE05EAB1D9187A830201626FF839","2026-05-23T17:09:35"
"code/med-material__Trail-it/Assets/Sprites/GUI/Settings/buttonFra2.png.meta","4640","38757EE81D7DB74D346A596F3B24BE3B1B5E7FA970B3A5CEFF9FC1034E42431A","2026-05-23T17:09:35"
"code/med-material__Trail-it/Assets/Sprites/GUI/Settings/buttonSettings.png","24722","87CDC9F6A9FFB1CD2E01A9BEE79CFE211242DC423B6F2B74FEED5C843B62F53E","2026-05-23T17:09:35"
"code/med-material__Trail-it/Assets/Sprites/GUI/Settings/buttonSettings.png.meta","1052","42765CF67BA6667AE3FF6E86FAA919029501A3A0A2EFD331162DADDA63EBFAC1","2026-05-23T17:09:35"
"code/med-material__Trail-it/Assets/Sprites/GUI/Settings/buttonSettingsClick.png","23676","551FF5E07654B6C8206C73EAA0113EB459ADC2D40DC5BC68172146BDECD9D4CC","2026-05-23T17:09:35"
"code/med-material__Trail-it/Assets/Sprites/GUI/Settings/buttonSettingsClick.png.meta","1057","968981929E630F3774110A3411F0158471F197D9B2039B4A47A5579EE2A99680","2026-05-23T17:09:35"
"code/med-material__Trail-it/Assets/Sprites/GUI/Settings/buttonTil2.png","1318","F267DDC1CD73D5948C620849CED34CDE439559EB4693F981CCB7FB8DF906872A","2026-05-23T17:09:35"
"code/med-material__Trail-it/Assets/Sprites/GUI/Settings/buttonTil2.png.meta","3530","411C6A45FE12B9EC9AF63C1018DCE48AE463EE0FF505D0573D869C828201353B","2026-05-23T17:09:35"
"code/med-material__Trail-it/Assets/Sprites/GUI/accessibility.png","10361","11153DA9A6ABCB944E36A944D9A3AAED700ACC70B38FFEEA5D63B3709DFAE18D","2026-05-23T17:09:35"
"code/med-material__Trail-it/Assets/Sprites/GUI/accessibility.png.meta","3475","247414D59D87619844C7D820A0D9A82BCB8E848182F72E3282A7C544475D0593","2026-05-23T17:09:35"
"code/med-material__Trail-it/Assets/Sprites/GUI/blackButton.png","4528","D74BD7A23FDF98A55D84C30AF6B61410E17AF15D94EAA3CD73D990E9D13718C3","2026-05-23T17:09:35"
"code/med-material__Trail-it/Assets/Sprites/GUI/blackButton.png.meta","1048","88BAA841BE60116155871945A0F82B0543E1BB9408BFE454B040E6C345C85090","2026-05-23T17:09:35"
"code/med-material__Trail-it/Assets/Sprites/GUI/blackButtonDown.png","4404","54706C212EC05C0EDEB1A519679AC1895118560F6A395C32C72377D94BB259E8","2026-05-23T17:09:35"
"code/med-material__Trail-it/Assets/Sprites/GUI/blackButtonDown.png.meta","1052","D5828222EF2DBCEC870AEA548E921ECA4B51098A82BB3902DCE67158643573E5","2026-05-23T17:09:35"
"code/med-material__Trail-it/Assets/Sprites/GUI/checkbox.png","4493","8A00B442555DF3C398419E771F8720172FB52502453F995524A602B41AB31408","2026-05-23T17:09:35"
"code/med-material__Trail-it/Assets/Sprites/GUI/checkbox.png.meta","4585","FC7EE58AAA40B8542C93404CFAFC4D48ED88578E870407753F8F3C5D97831BB7","2026-05-23T17:09:35"
"code/med-material__Trail-it/Assets/Sprites/GUI/checkmark.png","2448","47448E296F0C01FD29B77036561394694BFB70D330F65184AEDA1F2FE241FE71","2026-05-23T17:09:35"
"code/med-material__Trail-it/Assets/Sprites/GUI/checkmark.png.meta","4589","01956C78ABA6E05CBAD415B98EA2CB00F63FDA8268DDEF2498832748582BEC86","2026-05-23T17:09:35"
"code/med-material__Trail-it/Assets/Sprites/GUI/checkmark_cropped.png","1709","3E5ACB32549D1045BA44C08F6B73762E49B2CBD1DE69C6B0881CB4A9AFFEF815","2026-05-23T17:09:35"
"code/med-material__Trail-it/Assets/Sprites/GUI/checkmark_cropped.png.meta","3475","0FB1F90C615DB8D9351897AB3A52E7FA14B4FABB73A51D76044798ED613FDAD1","2026-05-23T17:09:35"
"code/med-material__Trail-it/Assets/Sprites/GUI/checkmarked.png","5907","595600729DE05D793C693781D4C84FF1B52DCA547B1DFBBAEAB92960034E0F06","2026-05-23T17:09:35"
"code/med-material__Trail-it/Assets/Sprites/GUI/checkmarked.png.meta","1543","A4FDDDD8C93E883BF3011444ABD124614B7B9F23D993D1192A05C389FA3469D2","2026-05-23T17:09:35"
"code/med-material__Trail-it/Assets/Sprites/GUI/destroyButton.png","4465","44354BF7176594B9F240C99253F30F16A43C27D6F8713FB1108C1F37050352CF","2026-05-23T17:09:35"
"code/med-material__Trail-it/Assets/Sprites/GUI/destroyButton.png.meta","3480","E623506375B902A6F6E605EF797F5E6ACC9E4219F4F5754FF1190E482F47AFC7","2026-05-23T17:09:35"
"code/med-material__Trail-it/Assets/Sprites/GUI/email.png","2768","57C70FECB2713D634EAE5955864720604558A76A1ED19EAE6FFE6A1625371F9C","2026-05-23T17:09:35"
"code/med-material__Trail-it/Assets/Sprites/GUI/email.png.meta","3475","2109D7AA122AEEFFDE0FF4A24EFCD086EA9587291140FEF0ABCB931FF0A1B2D3","2026-05-23T17:09:35"
"code/med-material__Trail-it/Assets/Sprites/GUI/game.png","5609","463621B23663BA8C9BF64304336BFF8393C792E5F0089804B49C1C2A8F4CCE5B","2026-05-23T17:09:35"
"code/med-material__Trail-it/Assets/Sprites/GUI/game.png.meta","3475","3AE26C72708DAD7904F94C1DD196EF754939B47D290E98B9976E996FD9663D17","2026-05-23T17:09:35"
"code/med-material__Trail-it/Assets/Sprites/GUI/lock-icon.png","3479","A8421DC8920D7C9DE4DBDA839C68F3B40A687C4A628EAED0B81E4C753D47ABC4","2026-05-23T17:09:35"
"code/med-material__Trail-it/Assets/Sprites/GUI/lock-icon.png.meta","3475","ADF214F50466F148FA72B56C7F8CEEDE9A0AE00CB0315DA4493634EF79E0CA4F","2026-05-23T17:09:35"
"code/med-material__Trail-it/Assets/Sprites/GUI/name.png","20480","6F41E062B693DD5734B1996FD01D4B80575C9702813899BB79E0EC21CA02A14C","2026-05-23T17:09:35"
"code/med-material__Trail-it/Assets/Sprites/GUI/name.png.meta","1041","50C1E3917D6CF76B155072A1353039BED1989BFC7411E5F86499AB97711EDC6B","2026-05-23T17:09:35"
"code/med-material__Trail-it/Assets/Sprites/GUI/nameActive.png","20771","3823AB3C672DEB3729761B6E4EEEB547924EBAC2BC6B44AD8FB02741BB444114","2026-05-23T17:09:35"
"code/med-material__Trail-it/Assets/Sprites/GUI/nameActive.png.meta","1047","A9435BB90302255FEF61F778B7BE314AD882D4B6FF88DCBBC6EF8D1CA95A248C","2026-05-23T17:09:35"
"code/med-material__Trail-it/Assets/Sprites/GUI/personal.png","4144","4390803F3B38E9C973318308BDB03B2FB2825BADDFD7CD86B0C58F784E833221","2026-05-23T17:09:35"
"code/med-material__Trail-it/Assets/Sprites/GUI/personal.png.meta","3475","24F54347A54D8284FC36D6A67D233A73611FEF9E6665D48CD8809E475ECF9156","2026-05-23T17:09:35"
"code/med-material__Trail-it/Assets/Sprites/GUI/primaryButton.png","2292","B6C9693F2EF6B1B228452A43E68C36F179A39AFE10904981B72C778B4A14C112","2026-05-23T17:09:35"
"code/med-material__Trail-it/Assets/Sprites/GUI/primaryButton.png.meta","4589","1BCBDF5FD4F16225A213CA892F00192065291E1D31045B0C32937503CC3F6A35","2026-05-23T17:09:35"
"code/med-material__Trail-it/Assets/Sprites/GUI/secondaryButton.png","1779","CECB4A74F2F0206A93A9536C8634C2716933CE7E2C36DAC70C2F1EF7C311C38C","2026-05-23T17:09:35"
"code/med-material__Trail-it/Assets/Sprites/GUI/secondaryButton.png.meta","4589","972BA5760507C05305BF43A7D7C4189E984BA10E40F5A99603CD077FBE08F15B","2026-05-23T17:09:35"
"code/med-material__Trail-it/Assets/Sprites/GUI/selectedButton.png","3283","FD1CE9A47DA64A7BAEC1AC5C57CF9D1B931BCAAE7DBC5B115B1D28DA2DA6C608","2026-05-23T17:09:35"
"code/med-material__Trail-it/Assets/Sprites/GUI/selectedButton.png.meta","4590","95CE4649159DE1EF13556388C8DF25690CB36E541823465C98861D4E310C34A3","2026-05-23T17:09:35"
"code/med-material__Trail-it/Assets/Sprites/GUI/slider.png","10179","6C432A58458B5C32DDD4362EE0CFFBB68788084A644203F75580E10CE481455B","2026-05-23T17:09:35"
"code/med-material__Trail-it/Assets/Sprites/GUI/slider.png.meta","4585","100C7A9AFA010C626957B25350D6BD95BDE2CB983D8744A9121BF5505F72357E","2026-05-23T17:09:35"
"code/med-material__Trail-it/Assets/Sprites/GUI/user.png","6114","A9358EF5B5745DA75EB6E1F9D2FC36395C44C075C691F069E2D88E1D6EE1FC18","2026-05-23T17:09:35"
"code/med-material__Trail-it/Assets/Sprites/GUI/user.png.meta","1041","8458079FCDE825EAE9EB5AC9A0CE68BD23A9946587242A4ED2897414AD261DE3","2026-05-23T17:09:35"
"code/med-material__Trail-it/Assets/Sprites/GUI/userActive.png","6077","37839413B67CB5B7740EE0F46AAE92AB8456E172D2F090BDDB8E45BF241E4F2E","2026-05-23T17:09:35"
"code/med-material__Trail-it/Assets/Sprites/GUI/userActive.png.meta","1047","EB9566B74120B9DC40B535961D3DF7278D6BDE80DDAE3F9A45590AB8CF097E15","2026-05-23T17:09:35"
"code/med-material__Trail-it/Assets/Sprites/GUI/vis-icon.png","10258","B8B0A1BAD29DD030C479B056B1F41F409AA32FBE7F8F0D3418DEE9C65BAB0B8A","2026-05-23T17:09:35"
"code/med-material__Trail-it/Assets/Sprites/GUI/vis-icon.png.meta","3475","AB8FFD53E57EAB06D2B524D1B586989E78501EB0FF6AF57A2233775F10E1AD36","2026-05-23T17:09:35"
"code/med-material__Trail-it/Assets/Sprites/GUI/you.png","8438","34BAE73B4826FD21CF9124F528F75130F77E6929026DEA022BB449EE417FE1FE","2026-05-23T17:09:35"
"code/med-material__Trail-it/Assets/Sprites/GUI/you.png.meta","1808","95C53579EE45FCA4985A88645D71F12B3463E46FB8E2AF62FDB2C1DAD74FE467","2026-05-23T17:09:35"
"code/med-material__Trail-it/Assets/Sprites/Hand.png","19456","34199D4D42377C7DFD09F5534D3C41411A476EDC4040AA11BB7278731533896F","2026-05-23T17:09:35"
"code/med-material__Trail-it/Assets/Sprites/Hand.png.meta","3588","522052006B0347C5417C53CF4D2A7FA7B2BA0E20ADDCB9647040F84B0A9F0183","2026-05-23T17:09:35"
"code/med-material__Trail-it/Assets/Sprites/Icon.jpg","107173","64D79EA331511564479F85307003D0CDC20171C03C50A22E24B114045416B92C","2026-05-23T17:09:35"
"code/med-material__Trail-it/Assets/Sprites/Icon.jpg.meta","1028","D12E80356D54003C350D7FD250E400F3D66E54EFF6834AB52D9553B4BB766B78","2026-05-23T17:09:35"
"code/med-material__Trail-it/Assets/Sprites/Targets.meta","112","759FBEAA197CA2311FFA17D36B9900E8979FD4275B0252407D896EAA5D37D7BC","2026-05-23T17:09:35"
"code/med-material__Trail-it/Assets/Sprites/Targets/Green.png","4641","8D0B4C492B6602BE018A404048A7D4BEB00309763B7BA2A7B14241C41B889C60","2026-05-23T17:09:35"
"code/med-material__Trail-it/Assets/Sprites/Targets/Green.png.meta","3894","3F68224D6CD60222F5F260EE059AE9662BDEBC2EA90296B4C66F8ED9D746C70F","2026-05-23T17:09:35"
"code/med-material__Trail-it/Assets/Sprites/Targets/GreenOutline.png","7405","AE573DCF31525481B046E4ED61500A7546A9EC6D85BC84FBAA4F14C89DC03401","2026-05-23T17:09:35"
"code/med-material__Trail-it/Assets/Sprites/Targets/GreenOutline.png.meta","3901","B23258B478F3F108CCC5AC3285F0454AAD564D8EBCCD1B419492825F4C0BAF10","2026-05-23T17:09:35"
"code/med-material__Trail-it/Assets/Sprites/Targets/Red.png","8040","5EE1524F20462178E311F856379AECDE22CFBF4C19CC390B2B8996B1A81E6D4F","2026-05-23T17:09:35"
"code/med-material__Trail-it/Assets/Sprites/Targets/Red.png.meta","3892","3A1092C29EA038F050C9A130B2328F0956D939A60699AAE702A22F58D731FAFF","2026-05-23T17:09:35"
"code/med-material__Trail-it/Assets/Sprites/Targets/White.png","4730","F7461F4064299371025A9AD0B8BA4EC64E7AFCC0B8E3EF86459CC2B1BA202D4A","2026-05-23T17:09:35"
"code/med-material__Trail-it/Assets/Sprites/Targets/White.png.meta","3894","F5FA044478CECB68B0F62B59E06756E967DB9F66F1358655382F35D421713F70","2026-05-23T17:09:35"
"code/med-material__Trail-it/Assets/Sprites/baneArrow.png","3397","3047B8DF6E47FBD8C499404EC7C98402519CD7F71993F1F2AB4750066AAB3FD7","2026-05-23T17:09:35"
"code/med-material__Trail-it/Assets/Sprites/baneArrow.png.meta","4585","7A225D5DF212A64DB82AAE123C50AF5738A70289C073FA5F353902390A7EDBB6","2026-05-23T17:09:35"
"code/med-material__Trail-it/Assets/Sprites/colorcodes","105","99DD27A7F237838F77FB58FDE9C4F4DA64DFE2415118E57FF7660A4880FBC80F","2026-05-23T17:09:35"
"code/med-material__Trail-it/Assets/Sprites/colorcodes.meta","183","2AB227ABAEAD7C6D04B47123D5B147DA043876B8D1E78792C059C78C7E042664","2026-05-23T17:09:35"
"code/med-material__Trail-it/Assets/Sprites/teaserimage.png","42051","E543BCAF75316CD4221CDA7AD200C184B0864B61D73196331FE034712C3A83B7","2026-05-23T17:09:35"
"code/med-material__Trail-it/Assets/Sprites/teaserimage.png.meta","3475","5C34B3BAFA2CB64537BC3493458C1D1CCA5A14B0DA1962E89218271641D516B3","2026-05-23T17:09:35"
"code/med-material__Trail-it/Assets/Sprites/viz.meta","201","6E9CD1F3141AC764B211F31B4760C4E39793B1691245AE98C433A8A9BD81D137","2026-05-23T17:09:35"
"code/med-material__Trail-it/Assets/Sprites/viz/aggregate-hits.png","28157","F61D44C8C2C1AAE891AC95FE05D458839F890F1B7A654EE869257A520DC4A03E","2026-05-23T17:09:35"
"code/med-material__Trail-it/Assets/Sprites/viz/aggregate-hits.png.meta","3475","C8D1C8176833BCD089401A933729C901F7A0AC31E996A759277896C69225895E","2026-05-23T17:09:35"
"code/med-material__Trail-it/Assets/Sprites/viz/aggregate-reactiontime.png","41268","7E4799AAA21B97143C0CC1EA4D9B9BC22594A6825546E906932189A5FC25A0BC","2026-05-23T17:09:35"
"code/med-material__Trail-it/Assets/Sprites/viz/aggregate-reactiontime.png.meta","3475","3C40BF718CBEC3E09776BC41DFB110A4298223EB8C774002B45BFAABA0DF0C76","2026-05-23T17:09:35"
"code/med-material__Trail-it/Assets/Sprites/viz/aggregate-training.png","27881","B606DE3461AA88F819CF3E0D307704A71EB456B04603DBA468BBCB9F8609C742","2026-05-23T17:09:35"
"code/med-material__Trail-it/Assets/Sprites/viz/aggregate-training.png.meta","3475","5F52900D72A41242A62C686ECAD21EEBB720985AAF3CAE413E84C4BFF7F8557A","2026-05-23T17:09:35"
"code/med-material__Trail-it/Assets/Sprites/viz/heat-map-skeleton.png","40708","2062A7C846BBC68585AD73B354E5CD87D64976E480D502C51B128A46779946A7","2026-05-23T17:09:35"
"code/med-material__Trail-it/Assets/Sprites/viz/heat-map-skeleton.png.meta","3480","B5F0D2656D3E28BEF7D9D4FFA603CEF26DC532AB9044ABE23AAD8677F4686EA1","2026-05-23T17:09:35"
"code/med-material__Trail-it/Assets/Sprites/viz/results-screen-empty-stage.png","35720","E6A0E32F873A3BDF8C77D4189343AD91294C022E2B83344251E331371E8280B3","2026-05-23T17:09:35"
"code/med-material__Trail-it/Assets/Sprites/viz/results-screen-empty-stage.png.meta","3475","86A44797DAD9D6770DB4C2F529F3DA961F7CB2AAE7C7288E7B7E742244A8FC08","2026-05-23T17:09:35"
"code/med-material__Trail-it/Assets/Sprites/viz/timevis-active-datapoint.png","9720","CCD0CC6F8206988894DDE3B4B2B9C968963DB1812268939A4FC7CEE51DFFF335","2026-05-23T17:09:35"
"code/med-material__Trail-it/Assets/Sprites/viz/timevis-active-datapoint.png.meta","3475","FBED0109B940F13016BA22BD7B25561E73D009B8DB871B18FA2BCC82DBDC821E","2026-05-23T17:09:35"
"code/med-material__Trail-it/Assets/Sprites/viz/timevis-passive-datapoint.png","6362","B30CDBEA66084C18B57488163A95FCB8E6C5E14C75E007391968909C166F2982","2026-05-23T17:09:35"
"code/med-material__Trail-it/Assets/Sprites/viz/timevis-passive-datapoint.png.meta","3475","EDE46EF3F3D33F5A3356CD3F07A8667D0E7F3087F4DDD8315C08330A59E42944","2026-05-23T17:09:35"
"code/med-material__Trail-it/Assets/Text.meta","112","8872D75BF33ACA867BA3A08ACED94E6778A30BC3F562BCD6C8303D96E95D7891","2026-05-23T17:09:35"
"code/med-material__Trail-it/Assets/Text/ToolOrder3.txt","28","3FBE6AB344B668E2D4B67065BAE2F70994D8428A5553CBDC568FC12695DE7003","2026-05-23T17:09:35"
"code/med-material__Trail-it/Assets/Text/ToolOrder3.txt.meta","97","C80C41739F6E2E1C5B3F852D8B4B3B18A3647E0986911C661B9793CF4D0B1085","2026-05-23T17:09:35"
"code/med-material__Trail-it/Assets/TimeVisController.cs","10562","626E97296EB61EEEBC4A57BA45EFB8DC172DD98E5E8918FD004794AAA0C1CFF8","2026-05-23T17:09:35"
"code/med-material__Trail-it/Assets/TimeVisController.cs.meta","298","C04C2F6C790C73F347415B2B754EDD0A31856640B805DE9603775F13BB1ABBBD","2026-05-23T17:09:35"
"code/med-material__Trail-it/Assets/Utils.cs","3787","A0AC39866CE7A377C33209F765BFF617935960DEC3899C6C6452610023F736CD","2026-05-23T17:09:35"
"code/med-material__Trail-it/Assets/Utils.cs.meta","275","213FD751120ABFB2A182251C67C55E0847D1DDB58023DAD9BCDF89D4FD0FAFC8","2026-05-23T17:09:35"
"code/med-material__Trail-it/Assets/VisualDataPoint.cs","3664","731D3AF396951B32C4B93A6D27C14E7344743A267A0A4ECC260883B443115A98","2026-05-23T17:09:35"
"code/med-material__Trail-it/Assets/VisualDataPoint.cs.meta","298","677EF93AB71072C5720847DA82D6EC8E6EBD5CD2490AA1EFC4099A68DA290907","2026-05-23T17:09:35"
"code/med-material__Trail-it/Assets/blurImageScaler.cs","384","F187E7B17688751F93E3DF2985FB527DDC0B3488169E1AE937459B0C5C622FD3","2026-05-23T17:09:35"
"code/med-material__Trail-it/Assets/blurImageScaler.cs.meta","275","0413D40BCDEBCAA1C737774238C7B234C8F0B0041262E3A8780EA130D4D14869","2026-05-23T17:09:35"
"code/med-material__Trail-it/Assets/landingsBane.cs","2297","E11B15F0F025C55F6E01B9D378269CE7FDF3F3126ADF877522E687AF2532D63F","2026-05-23T17:09:35"
"code/med-material__Trail-it/Assets/landingsBane.cs.meta","275","CB4F687FF940A1C0D3882F44FE69EB1C4A80C190FF922DA440837AA22535090F","2026-05-23T17:09:35"
"code/med-material__Trail-it/Assets/moveBlurLines.cs","505","26CF6BF981D2AB4D5DD5FC92931E91D1A66EBC911183DC953EC37E6EEED5B80F","2026-05-23T17:09:35"
"code/med-material__Trail-it/Assets/moveBlurLines.cs.meta","275","08B5E5147BE2428277DEB1D7F812A0216C70755263F168054AEDF8A89B7EB17F","2026-05-23T17:09:35"
"code/med-material__Trail-it/Assets/progression.json","4824","9153DA4CAF7F452E3ADDFDD9C42F88B2AB387B8EDA06111064ED30D422E3F910","2026-05-23T17:09:35"
"code/med-material__Trail-it/Assets/progression.json.meta","165","6AF14CE34B32B22722F0B339DC007363FEAE3A0B96729FF064ABAA0E15E00CA2","2026-05-23T17:09:35"
"code/med-material__Trail-it/Assets/trail-it-visual-overhaul.pdf","2977351","25020FEBB242908E58727035D9CF313935EBA46C3FFBFA4814F655D40752A251","2026-05-23T17:09:35"
"code/med-material__Trail-it/Assets/trail-it-visual-overhaul.pdf.meta","183","A303BCE41BD8D57E94A3807B1F5A5A86253A8CE4D4B9A3819DB4235BD66116D2","2026-05-23T17:09:35"
"code/med-material__Trail-it/Assets/updatedCanvas.cs","838","6604CEEFB7A25BEABD7A096AF03D0531ED32A5A3802A4B14E4E0B63FE8A5E89E","2026-05-23T17:09:35"
"code/med-material__Trail-it/Assets/updatedCanvas.cs.meta","298","D59944D6FF712E3C123480098D1BFF30CEC54642A4EF11E7B5EE484E47FB242C","2026-05-23T17:09:35"
"code/med-material__Trail-it/LICENSE","35821","0B383D5A63DA644F628D99C33976EA6487ED89AAA59F0B3257992DEAC1171E6B","2026-05-23T17:09:35"
"code/med-material__Trail-it/Logs/AssetImportWorker0-prev.log","126323","427064B865CBA2180610D7D3AE72B85C15A1A8780F27A1142694C30B580C34FE","2026-05-23T17:09:35"
"code/med-material__Trail-it/Logs/AssetImportWorker1-prev.log","137796","07AB1E8C1693BFA0EAA8F7C44366264E5BC8AF9704B7CDF8BF343C2146BA9E7D","2026-05-23T17:09:35"
"code/med-material__Trail-it/Logs/Packages-Update.log","1312","8AA5E66EA204B9805076C6861B68E725C7A237E614E8C275DC5327645CEEA38F","2026-05-23T17:09:35"
"code/med-material__Trail-it/Logs/shadercompiler-UnityShaderCompiler.exe0.log","189","9B27EFDA41C8C1633D437A8026D86CAA4AFA658D5CE2065816FB94D75476BCA0","2026-05-23T17:09:36"
"code/med-material__Trail-it/Packages/manifest.json","1548","DB0061083B063A23DACAA39C12D972C0907D1BB5707942F337B4B2AD450028A8","2026-05-23T17:09:36"
"code/med-material__Trail-it/Packages/packages-lock.json","7570","9B1F8473B5F5DAEAC1BDAEA8CA5EB377736CA287776F63763C37A7194916FE6A","2026-05-23T17:09:36"
"code/med-material__Trail-it/ProjectSettings/AudioManager.asset","376","941E8B1A3F021DEB557EF83CD6271BDB6D1433ED62C8AB1B0F4855AB311D1916","2026-05-23T17:09:36"
"code/med-material__Trail-it/ProjectSettings/ClusterInputManager.asset","120","06A192320121E445DCFF1AE8DDAD2A948FF671CA134603C043D9F4E920427EA9","2026-05-23T17:09:36"
"code/med-material__Trail-it/ProjectSettings/DynamicsManager.asset","677","CF952EA74B0F396511A47ADF2E4E35FFBA859EC2D7D7C971E9A6E8F280ACA6EB","2026-05-23T17:09:36"
"code/med-material__Trail-it/ProjectSettings/EditorBuildSettings.asset","1045","922B8C22E3A7828480B91DF52819A810D7A999D85415B35164ED8464C4E79D63","2026-05-23T17:09:36"
"code/med-material__Trail-it/ProjectSettings/EditorSettings.asset","494","60153AE9A2648C21B31BBA790A680E850DA1E38B7634F8F683D772D652B94095","2026-05-23T17:09:36"
"code/med-material__Trail-it/ProjectSettings/GraphicsSettings.asset","2353","700B7923107B25FB0C0506520258AF5115997BD985B1B5ED8741A82D006E0464","2026-05-23T17:09:36"
"code/med-material__Trail-it/ProjectSettings/InputManager.asset","6086","4170FDDFE4229C554AD6AFBF0B6F9184D451F8A6BCA3F5368799B5C2248A9485","2026-05-23T17:09:36"
"code/med-material__Trail-it/ProjectSettings/MemorySettings.asset","1227","A660CB9890D880DF92F3B80FA40723F183CC5EF2CB3ECC850B366191F05834C7","2026-05-23T17:09:36"
"code/med-material__Trail-it/ProjectSettings/NavMeshAreas.asset","955","FF7C3A6D8C255649358A77AC52D892FA3F9EBCCA71F21FCC9FB95FBF5869ACE3","2026-05-23T17:09:36"
"code/med-material__Trail-it/ProjectSettings/NavMeshLayers.asset","9100","3FA827FA0EF6C8067352F16B0718E7099B5D5023E01C91EA019168181C75B81C","2026-05-23T17:09:36"
"code/med-material__Trail-it/ProjectSettings/NetworkManager.asset","159","AA28E567E0F09D53D4DC57A068C913A4A9A0F09C602C49F0278990BF666550A9","2026-05-23T17:09:36"
"code/med-material__Trail-it/ProjectSettings/PackageManagerSettings.asset","988","4A42F1CC497AA62E0C7A59C1A9A4E461C1564DE43599C06A9243A4099FCDA306","2026-05-23T17:09:36"
"code/med-material__Trail-it/ProjectSettings/Physics2DSettings.asset","1282","7B87DA432E02933A29C5239C2F4A2E848C0453E6D7A80EFF7CC7FFDEE3EA7096","2026-05-23T17:09:36"
"code/med-material__Trail-it/ProjectSettings/PresetManager.asset","153","6BA879310E2BE2E5BA18702578CDA93B26B030ECD88E883FEF22AB456A9F9697","2026-05-23T17:09:36"
"code/med-material__Trail-it/ProjectSettings/ProjectSettings.asset","25876","8BFF57FF7CE36C7477CBED7E1AC4CD0E1AF27970959780298643021AD506C95A","2026-05-23T17:09:36"
"code/med-material__Trail-it/ProjectSettings/ProjectVersion.txt","87","B51E896AA269E68A1A2EDC32ED0920B7C15973E9775F9C03967074BF5854CA73","2026-05-23T17:09:36"
"code/med-material__Trail-it/ProjectSettings/QualitySettings.asset","4437","669B4EFE8B4AF43C1BD78AD6A3477332F450742D9A6122388FE121302C784625","2026-05-23T17:09:36"
"code/med-material__Trail-it/ProjectSettings/TagManager.asset","484","B5DDAA5DB2AE00E2D23CA498977FF4FAC5CAA5A32F1E0B2982F7092D225596B8","2026-05-23T17:09:36"
"code/med-material__Trail-it/ProjectSettings/TimeManager.asset","176","7460D364CA7D0DC87EF8D408A4F4CF17E9FFBB5645E69FF1FDF6C814BB4986EB","2026-05-23T17:09:36"
"code/med-material__Trail-it/ProjectSettings/UnityConnectSettings.asset","979","210F1B07FA9D1209B4433E01699046F790DC5755A6101EF909263C642B4A4247","2026-05-23T17:09:36"
"code/med-material__Trail-it/ProjectSettings/VFXManager.asset","483","10F40A79781AAD9C6E22766A05EE3EA0B0FE7028102487607AB29050B7A2D49F","2026-05-23T17:09:36"
"code/med-material__Trail-it/ProjectSettings/VersionControlSettings.asset","196","B693342EB84FB0378D21CD2A4557D900777709AD00C2FF5041C2D8451B6DA246","2026-05-23T17:09:36"
"code/med-material__Trail-it/README.md","2073","3ED50B0ABAD140251CB208EDCAF2C24BD08D90D24D8D42F891281FB55548CBDC","2026-05-23T17:09:36"
"code/med-material__Trail-it/README.pdf","40781","132E861ED655E5F91C4BFBAF5AF9E4609FF32A85C46CA61856CC9CA8637EF54F","2026-05-23T17:09:36"
"code/med-material__Trail-it/RegisterIcalls.cpp","1163758","B080A9D909E31FA4198562C301BCCFF4114653059E10D62EE3B42EB423D86934","2026-05-23T17:09:36"
"code/med-material__Trail-it/UserSettings/EditorUserSettings.asset","810","FD431403E5485452764C6BDAA5DB69852C4605DFA0F5C83FF337DA18A4120066","2026-05-23T17:09:36"
"code/med-material__Trail-it/UserSettings/Layouts/default-2022.dwlt","8930","08CFE243912287595BF86E4CF5B83E7B02AAB76D6463C931AEABE2E5606C30A6","2026-05-23T17:09:36"
"code/med-material__Trail-it/UserSettings/Search.index","289","23FD9338B6DF149B6BA7CA686F47385D09CB3E264CA18DFD623E920F97182B62","2026-05-23T17:09:36"
"code/med-material__Trail-it/UserSettings/Search.settings","1342","86261A3276316F2FBC54FBA6FBA0342F9BF60DBBBC4D92F19C5F042A50AAD5E2","2026-05-23T17:09:36"
"code/med-material__Trail-it/privacypolicy.md","2595","5A0A1A70B2AC2726AE4EC5013CACC34D1ED588F4CDB410260E91F904ACC9F62C","2026-05-23T17:09:36"
"code/noc-lab__CDT/.DS_Store","6148","3C729A6357C48D4A1D9F642C7AB1EEB15EAE1231301E5C2000EFD9C92B123ABB","2026-05-23T17:09:28"
"code/noc-lab__CDT/.git/HEAD","21","28D25BF82AF4C0E2B72F50959B2BEB859E3E60B9630A5E8C603DAD4DDB2B6E80","2026-05-23T17:09:28"
"code/noc-lab__CDT/.git/config","295","D562D4A0410AA9C490D758AE4C966FFC0673F930089ED33EFA07AED2DCD22381","2026-05-23T17:09:28"
"code/noc-lab__CDT/.git/description","73","85AB6C163D43A17EA9CF7788308BCA1466F1B0A8D1CC92E26E9BF63DA4062AEE","2026-05-23T17:09:27"
"code/noc-lab__CDT/.git/hooks/applypatch-msg.sample","478","0223497A0B8B033AA58A3A521B8629869386CF7AB0E2F101963D328AA62193F7","2026-05-23T17:09:27"
"code/noc-lab__CDT/.git/hooks/commit-msg.sample","1972","EFC1401B0E99D1FF51494D154D98B46C1E99059BCD8BF9F73CECDE19FD3EB23B","2026-05-23T17:09:27"
"code/noc-lab__CDT/.git/hooks/fsmonitor-watchman.sample","4611","9159720099AD5595B8E66645CBFD47763C1E920F46E0B50AE75E642BBEC57EF0","2026-05-23T17:09:27"
"code/noc-lab__CDT/.git/hooks/post-update.sample","189","81765AF2DAEF323061DCBC5E61FC16481CB74B3BAC9AD8A174B186523586F6C5","2026-05-23T17:09:27"
"code/noc-lab__CDT/.git/hooks/pre-applypatch.sample","424","E15C5B469EA3E0A695BEA6F2C82BCF8E62821074939DDD85B77E0007FF165475","2026-05-23T17:09:27"
"code/noc-lab__CDT/.git/hooks/pre-commit.sample","1649","57185B7B9F05239D7AB52DB045F5B89EB31348D7B2177EAB214F5EB872E1971B","2026-05-23T17:09:27"
"code/noc-lab__CDT/.git/hooks/pre-merge-commit.sample","416","D3825A70337940EBBD0A5C072984E13245920CDF8898BD225C8D27A6DFC9CB53","2026-05-23T17:09:27"
"code/noc-lab__CDT/.git/hooks/pre-push.sample","1374","ECCE9C7E04D3F5DD9D8ADA81753DD1D549A9634B26770042B58DDA00217D086A","2026-05-23T17:09:27"
"code/noc-lab__CDT/.git/hooks/pre-rebase.sample","4898","4FEBCE867790052338076F4E66CC47EFB14879D18097D1D61C8261859EAAA7B3","2026-05-23T17:09:27"
"code/noc-lab__CDT/.git/hooks/pre-receive.sample","544","A4C3D2B9C7BB3FD8D1441C31BD4EE71A595D66B44FCF49DDB310252320169989","2026-05-23T17:09:27"
"code/noc-lab__CDT/.git/hooks/prepare-commit-msg.sample","1492","E9DDCAA4189FDDD25ED97FC8C789ECA7B6CA16390B2392AE3276F0C8E1AA4619","2026-05-23T17:09:27"
"code/noc-lab__CDT/.git/hooks/push-to-checkout.sample","2783","A53D0741798B287C6DD7AFA64AEE473F305E65D3F49463BB9D7408EC3B12BF5F","2026-05-23T17:09:27"
"code/noc-lab__CDT/.git/hooks/sendemail-validate.sample","2308","44EBFC923DC5466BC009602F0ECF067B9C65459ABFE8868DDC49B78E6CED7A92","2026-05-23T17:09:27"
"code/noc-lab__CDT/.git/hooks/update.sample","3650","8D5F2FA83E103CF08B57EAA67521DF9194F45CBDBCB37DA52AD586097A14D106","2026-05-23T17:09:27"
"code/noc-lab__CDT/.git/index","297","F3AE7B19FC63B06F5CFDF200DCDEEBF44713A2197EC15C3151AC839B459FE897","2026-05-23T17:09:28"
"code/noc-lab__CDT/.git/info/exclude","240","6671FE83B7A07C8932EE89164D1F2793B2318058EB8B98DC5C06EE0A5A3B0EC1","2026-05-23T17:09:27"
"code/noc-lab__CDT/.git/logs/HEAD","185","48B94AA537037DEA7A3D3E1B0A724303FA750CE1971E25195D18A3695958BFFB","2026-05-23T17:09:28"
"code/noc-lab__CDT/.git/logs/refs/heads/main","185","48B94AA537037DEA7A3D3E1B0A724303FA750CE1971E25195D18A3695958BFFB","2026-05-23T17:09:28"
"code/noc-lab__CDT/.git/logs/refs/remotes/origin/HEAD","185","48B94AA537037DEA7A3D3E1B0A724303FA750CE1971E25195D18A3695958BFFB","2026-05-23T17:09:28"
"code/noc-lab__CDT/.git/objects/pack/pack-a9b5ac632bd786307eda108792974f74e23f5143.idx","1212","8B969DFAF7EE0A14B26632BF4E0744797252EB64AA94FE6584308204E8040B45","2026-05-23T17:09:28"
"code/noc-lab__CDT/.git/objects/pack/pack-a9b5ac632bd786307eda108792974f74e23f5143.pack","9071","0F20CA335AB015B343AB17DD36E5BE4372C4F25C17AD6A28361E0B7BD9466314","2026-05-23T17:09:28"
"code/noc-lab__CDT/.git/objects/pack/pack-a9b5ac632bd786307eda108792974f74e23f5143.rev","72","827B11A64049C6D0D464F5FF21B9C31319806E6B5BE264356AA644A2F45BF3C9","2026-05-23T17:09:28"
"code/noc-lab__CDT/.git/packed-refs","112","D73517397F70DF4D215E66EEEA508623112DCD0FE5277A6C6C400CD9CF98AB81","2026-05-23T17:09:28"
"code/noc-lab__CDT/.git/refs/heads/main","41","9061624A944A6610E75CB3B81B64BEBB83BC1087EF28BF80DA7206DC0B6B720F","2026-05-23T17:09:28"
"code/noc-lab__CDT/.git/refs/remotes/origin/HEAD","30","2BB6A24AA0FC6C484100F5D51A29BBAD841CD2C755F5D93FAA204E5DBB4EB2B4","2026-05-23T17:09:28"
"code/noc-lab__CDT/.git/shallow","41","9061624A944A6610E75CB3B81B64BEBB83BC1087EF28BF80DA7206DC0B6B720F","2026-05-23T17:09:28"
"code/noc-lab__CDT/CDT_classification.ipynb","23019","62A990D06C0D9D9591ADDD4D9A071B99697E5029457C672997E9AE537699CF42","2026-05-23T17:09:28"
"code/noc-lab__CDT/README.md","655","B070D5B2EF4FA3443299305FAE2C7B954047636951B5E29E0CFC2D2BCF8AE757","2026-05-23T17:09:28"
"code/trebledawson__Alzheimers-Clock-Drawing/.git/HEAD","23","F6F2B945F6C411B02BA3DA9C7ACE88DCF71B6AF65BA2E0D89AA82900042B5A10","2026-05-23T17:09:29"
"code/trebledawson__Alzheimers-Clock-Drawing/.git/config","329","6A1A49A6C2DA9939BFF70B6ADC04F7D80A58E08C4DE24043BB045F9DA2C4A8F7","2026-05-23T17:09:29"
"code/trebledawson__Alzheimers-Clock-Drawing/.git/description","73","85AB6C163D43A17EA9CF7788308BCA1466F1B0A8D1CC92E26E9BF63DA4062AEE","2026-05-23T17:09:29"
"code/trebledawson__Alzheimers-Clock-Drawing/.git/hooks/applypatch-msg.sample","478","0223497A0B8B033AA58A3A521B8629869386CF7AB0E2F101963D328AA62193F7","2026-05-23T17:09:29"
"code/trebledawson__Alzheimers-Clock-Drawing/.git/hooks/commit-msg.sample","1972","EFC1401B0E99D1FF51494D154D98B46C1E99059BCD8BF9F73CECDE19FD3EB23B","2026-05-23T17:09:29"
"code/trebledawson__Alzheimers-Clock-Drawing/.git/hooks/fsmonitor-watchman.sample","4611","9159720099AD5595B8E66645CBFD47763C1E920F46E0B50AE75E642BBEC57EF0","2026-05-23T17:09:29"
"code/trebledawson__Alzheimers-Clock-Drawing/.git/hooks/post-update.sample","189","81765AF2DAEF323061DCBC5E61FC16481CB74B3BAC9AD8A174B186523586F6C5","2026-05-23T17:09:29"
"code/trebledawson__Alzheimers-Clock-Drawing/.git/hooks/pre-applypatch.sample","424","E15C5B469EA3E0A695BEA6F2C82BCF8E62821074939DDD85B77E0007FF165475","2026-05-23T17:09:29"
"code/trebledawson__Alzheimers-Clock-Drawing/.git/hooks/pre-commit.sample","1649","57185B7B9F05239D7AB52DB045F5B89EB31348D7B2177EAB214F5EB872E1971B","2026-05-23T17:09:29"
"code/trebledawson__Alzheimers-Clock-Drawing/.git/hooks/pre-merge-commit.sample","416","D3825A70337940EBBD0A5C072984E13245920CDF8898BD225C8D27A6DFC9CB53","2026-05-23T17:09:29"
"code/trebledawson__Alzheimers-Clock-Drawing/.git/hooks/pre-push.sample","1374","ECCE9C7E04D3F5DD9D8ADA81753DD1D549A9634B26770042B58DDA00217D086A","2026-05-23T17:09:29"
"code/trebledawson__Alzheimers-Clock-Drawing/.git/hooks/pre-rebase.sample","4898","4FEBCE867790052338076F4E66CC47EFB14879D18097D1D61C8261859EAAA7B3","2026-05-23T17:09:29"
"code/trebledawson__Alzheimers-Clock-Drawing/.git/hooks/pre-receive.sample","544","A4C3D2B9C7BB3FD8D1441C31BD4EE71A595D66B44FCF49DDB310252320169989","2026-05-23T17:09:29"
"code/trebledawson__Alzheimers-Clock-Drawing/.git/hooks/prepare-commit-msg.sample","1492","E9DDCAA4189FDDD25ED97FC8C789ECA7B6CA16390B2392AE3276F0C8E1AA4619","2026-05-23T17:09:29"
"code/trebledawson__Alzheimers-Clock-Drawing/.git/hooks/push-to-checkout.sample","2783","A53D0741798B287C6DD7AFA64AEE473F305E65D3F49463BB9D7408EC3B12BF5F","2026-05-23T17:09:29"
"code/trebledawson__Alzheimers-Clock-Drawing/.git/hooks/sendemail-validate.sample","2308","44EBFC923DC5466BC009602F0ECF067B9C65459ABFE8868DDC49B78E6CED7A92","2026-05-23T17:09:29"
"code/trebledawson__Alzheimers-Clock-Drawing/.git/hooks/update.sample","3650","8D5F2FA83E103CF08B57EAA67521DF9194F45CBDBCB37DA52AD586097A14D106","2026-05-23T17:09:29"
"code/trebledawson__Alzheimers-Clock-Drawing/.git/index","2129","D6AFF95BA95D98AF838D1A94A595455C869E78D6CFD536267910700BCE02E433","2026-05-23T17:09:29"
"code/trebledawson__Alzheimers-Clock-Drawing/.git/info/exclude","240","6671FE83B7A07C8932EE89164D1F2793B2318058EB8B98DC5C06EE0A5A3B0EC1","2026-05-23T17:09:29"
"code/trebledawson__Alzheimers-Clock-Drawing/.git/logs/HEAD","211","23D3331017D359D3D95B2A3BD990D13F4CFAF670B0604F81EB6D85D1E758C3F7","2026-05-23T17:09:29"
"code/trebledawson__Alzheimers-Clock-Drawing/.git/logs/refs/heads/master","211","23D3331017D359D3D95B2A3BD990D13F4CFAF670B0604F81EB6D85D1E758C3F7","2026-05-23T17:09:29"
"code/trebledawson__Alzheimers-Clock-Drawing/.git/logs/refs/remotes/origin/HEAD","211","23D3331017D359D3D95B2A3BD990D13F4CFAF670B0604F81EB6D85D1E758C3F7","2026-05-23T17:09:29"
"code/trebledawson__Alzheimers-Clock-Drawing/.git/objects/pack/pack-2ab6680403d70d1452b365b1257408333c698386.idx","1884","0C5D2048E5631306AA3445D517D36598ACA15EA029D9ECA891F80E6F7DA9D6AF","2026-05-23T17:09:29"
"code/trebledawson__Alzheimers-Clock-Drawing/.git/objects/pack/pack-2ab6680403d70d1452b365b1257408333c698386.pack","586061","7D1FA1C7916E76ED5CF51CD58C5F5CC8A10EC497B1718E432686DCFBEEE9D0BB","2026-05-23T17:09:29"
"code/trebledawson__Alzheimers-Clock-Drawing/.git/objects/pack/pack-2ab6680403d70d1452b365b1257408333c698386.rev","168","D7DC2DC7A3AD0DE030D11D6D5E006491F005439D545F793C47258C6A34BF48E1","2026-05-23T17:09:29"
"code/trebledawson__Alzheimers-Clock-Drawing/.git/packed-refs","114","093F17579B1A1590F4E1D348654F7816637D60CEF84CC220D3165E6E4E2A6F8E","2026-05-23T17:09:29"
"code/trebledawson__Alzheimers-Clock-Drawing/.git/refs/heads/master","41","E51C214F40BAB18A96B5A02EDEA2C086C50F105653E9542AE41A100F4E58DCE3","2026-05-23T17:09:29"
"code/trebledawson__Alzheimers-Clock-Drawing/.git/refs/remotes/origin/HEAD","32","CDC65E67690C4C6475174E5EC662B70655246A2F3924354778835AB3BE70AA76","2026-05-23T17:09:29"
"code/trebledawson__Alzheimers-Clock-Drawing/.git/shallow","41","E51C214F40BAB18A96B5A02EDEA2C086C50F105653E9542AE41A100F4E58DCE3","2026-05-23T17:09:29"
"code/trebledawson__Alzheimers-Clock-Drawing/.idea/vcs.xml","185","136F8B0A20E3E16F5B60E8505219C34746E1EC62C68433F4F8EC97EEFE3AA038","2026-05-23T17:09:29"
"code/trebledawson__Alzheimers-Clock-Drawing/New2Layer20_10Nodes.py","10393","ED8F00F72ED1F3932CA2BD5BC27ADCBDF8039D53292E60CC1CCF08BC974EE59C","2026-05-23T17:09:29"
"code/trebledawson__Alzheimers-Clock-Drawing/README.md","4337","2E880937C643DDFC1F60BCB933228883DFABAC32777345DB69B73E5284F83723","2026-05-23T17:09:29"
"code/trebledawson__Alzheimers-Clock-Drawing/Results/cnn-2d/12.png","63636","0E809273DA0BE49289A9548B1E7D7D32DB9524B9E3FE4B08CC58A3CC623B5C61","2026-05-23T17:09:29"
"code/trebledawson__Alzheimers-Clock-Drawing/Results/cnn-2d/123.png","72226","00D0A6D899767F4CB368D577F429046AA5288BD1AD1D2D87D1F1CB13239A318F","2026-05-23T17:09:29"
"code/trebledawson__Alzheimers-Clock-Drawing/Results/cnn-2d/1234.png","64283","01F9B72857F62BD47A4AD53AE61344EEC2D8B4A76B19415A35755E2ACBF4BC37","2026-05-23T17:09:29"
"code/trebledawson__Alzheimers-Clock-Drawing/Results/cnn-2d/12345.png","65012","1C2673F07CFAB5F68EC63474CEA378BC42C156B9BF913D97402BB642D64956B1","2026-05-23T17:09:29"
"code/trebledawson__Alzheimers-Clock-Drawing/Results/cnn-2d/13.png","68160","997D0BE1740FFA199DFB4D52185DA233E773FB405CB7361194A4AA99D3977533","2026-05-23T17:09:29"
"code/trebledawson__Alzheimers-Clock-Drawing/Results/cnn-2d/14.png","56921","DDD4931C81D56F30FA2BA7BBC94BC9BA744F42A0B8F3144C977839B7DA022E2D","2026-05-23T17:09:29"
"code/trebledawson__Alzheimers-Clock-Drawing/Results/cnn-2d/23.png","74659","F0672FB346AB46F3BA58242A727334467982028D91FC434F5AF447C924DDC355","2026-05-23T17:09:29"
"code/trebledawson__Alzheimers-Clock-Drawing/Results/cnn-2d/234.png","71662","B4362978B235CE54A66162785A64AF440BA6554063E3F5A221B60948FBE1A871","2026-05-23T17:09:29"
"code/trebledawson__Alzheimers-Clock-Drawing/Results/cnn-2d/24.png","61553","8BC4F64F1A71760507B7EEACC965A94E7346E1A15257ABCF1D9F7A0C6C1BEF3C","2026-05-23T17:09:29"
"code/trebledawson__Alzheimers-Clock-Drawing/Results/cnn-2d/34.png","62160","DA26AB283FC0599C2F243E0913F08EDFDB918E51ECD952739109B7BA71A1A616","2026-05-23T17:09:29"
"code/trebledawson__Alzheimers-Clock-Drawing/adaboost-trees.py","3641","DED493C3A0699B1E98D2E59A0B659F34E50D568DF5E2133D0597575F9791BAD3","2026-05-23T17:09:29"
"code/trebledawson__Alzheimers-Clock-Drawing/clock_drawing_pca.ipynb","40721","4336F6FA68625615658F24CF5BA4DDD74B09C40BF97963B99D86D475CE1AE64F","2026-05-23T17:09:29"
"code/trebledawson__Alzheimers-Clock-Drawing/cnn-2d.py","21681","7CA60AA94248571D8018640AB65F133734830324AF85FF9D45CC8C45F5535A44","2026-05-23T17:09:29"
"code/trebledawson__Alzheimers-Clock-Drawing/cnn_1d_classes.py","9639","B1F8D111DB4D218B5BCF15666E45A6B9808ECF5A389F0ECD986A6028725F6109","2026-05-23T17:09:29"
"code/trebledawson__Alzheimers-Clock-Drawing/mlp-mrmr-multi.py","25031","E1543443040D0A21AC83D5F676616094A4E621D266BE672A07652AEBB797621F","2026-05-23T17:09:29"
"code/trebledawson__Alzheimers-Clock-Drawing/mlp-mrmr.py","24386","F097E94E6FB3F7F918741C14170A0309AAE5B345C1C188D2F7361EDBBBE3317C","2026-05-23T17:09:29"
"code/trebledawson__Alzheimers-Clock-Drawing/mlp.py","23049","473FE7A78903AC563ED42BC0DB88E6F38480A60701C122A6969C479E02911698","2026-05-23T17:09:29"
"code/trebledawson__Alzheimers-Clock-Drawing/mlp1010.py","24700","1F28A7AF6BEAF07311E0B26CC2825A1328A08789BBC79BA426F49263BC92A6CC","2026-05-23T17:09:29"
"code/trebledawson__Alzheimers-Clock-Drawing/mlp20.py","25861","FF692FE0432450D353D21E1DCFE5F7A73BBE87ABC287F83F45A374FAE2005E3A","2026-05-23T17:09:29"
"code/trebledawson__Alzheimers-Clock-Drawing/mlp25.py","24696","0C3FEBAC5566EFBF2BFA0B6DED4AD75C95C2E53533B2A25F00A1961723F333F1","2026-05-23T17:09:29"
"code/trebledawson__Alzheimers-Clock-Drawing/utils.py","14225","754D21FEC145BCFB3DA9EC8FD2490FFF4073D661ECA6B6EA55265F0FC4F7EBDB","2026-05-23T17:09:29"
"code/triforce4392__MoCA/.git/HEAD","23","F6F2B945F6C411B02BA3DA9C7ACE88DCF71B6AF65BA2E0D89AA82900042B5A10","2026-05-23T17:09:27"
"code/triforce4392__MoCA/.git/config","254","05D5F94080A3805A4651876A823038EF5D05473385E6F6B075AE92B2FF804B34","2026-05-23T17:09:27"
"code/triforce4392__MoCA/.git/description","73","85AB6C163D43A17EA9CF7788308BCA1466F1B0A8D1CC92E26E9BF63DA4062AEE","2026-05-23T17:09:26"
"code/triforce4392__MoCA/.git/hooks/applypatch-msg.sample","478","0223497A0B8B033AA58A3A521B8629869386CF7AB0E2F101963D328AA62193F7","2026-05-23T17:09:26"
"code/triforce4392__MoCA/.git/hooks/commit-msg.sample","1972","EFC1401B0E99D1FF51494D154D98B46C1E99059BCD8BF9F73CECDE19FD3EB23B","2026-05-23T17:09:26"
"code/triforce4392__MoCA/.git/hooks/fsmonitor-watchman.sample","4611","9159720099AD5595B8E66645CBFD47763C1E920F46E0B50AE75E642BBEC57EF0","2026-05-23T17:09:26"
"code/triforce4392__MoCA/.git/hooks/post-update.sample","189","81765AF2DAEF323061DCBC5E61FC16481CB74B3BAC9AD8A174B186523586F6C5","2026-05-23T17:09:26"
"code/triforce4392__MoCA/.git/hooks/pre-applypatch.sample","424","E15C5B469EA3E0A695BEA6F2C82BCF8E62821074939DDD85B77E0007FF165475","2026-05-23T17:09:26"
"code/triforce4392__MoCA/.git/hooks/pre-commit.sample","1649","57185B7B9F05239D7AB52DB045F5B89EB31348D7B2177EAB214F5EB872E1971B","2026-05-23T17:09:26"
"code/triforce4392__MoCA/.git/hooks/pre-merge-commit.sample","416","D3825A70337940EBBD0A5C072984E13245920CDF8898BD225C8D27A6DFC9CB53","2026-05-23T17:09:26"
"code/triforce4392__MoCA/.git/hooks/pre-push.sample","1374","ECCE9C7E04D3F5DD9D8ADA81753DD1D549A9634B26770042B58DDA00217D086A","2026-05-23T17:09:26"
"code/triforce4392__MoCA/.git/hooks/pre-rebase.sample","4898","4FEBCE867790052338076F4E66CC47EFB14879D18097D1D61C8261859EAAA7B3","2026-05-23T17:09:26"
"code/triforce4392__MoCA/.git/hooks/pre-receive.sample","544","A4C3D2B9C7BB3FD8D1441C31BD4EE71A595D66B44FCF49DDB310252320169989","2026-05-23T17:09:26"
"code/triforce4392__MoCA/.git/hooks/prepare-commit-msg.sample","1492","E9DDCAA4189FDDD25ED97FC8C789ECA7B6CA16390B2392AE3276F0C8E1AA4619","2026-05-23T17:09:26"
"code/triforce4392__MoCA/.git/hooks/push-to-checkout.sample","2783","A53D0741798B287C6DD7AFA64AEE473F305E65D3F49463BB9D7408EC3B12BF5F","2026-05-23T17:09:26"
"code/triforce4392__MoCA/.git/hooks/sendemail-validate.sample","2308","44EBFC923DC5466BC009602F0ECF067B9C65459ABFE8868DDC49B78E6CED7A92","2026-05-23T17:09:26"
"code/triforce4392__MoCA/.git/hooks/update.sample","3650","8D5F2FA83E103CF08B57EAA67521DF9194F45CBDBCB37DA52AD586097A14D106","2026-05-23T17:09:26"
"code/triforce4392__MoCA/.git/info/exclude","240","6671FE83B7A07C8932EE89164D1F2793B2318058EB8B98DC5C06EE0A5A3B0EC1","2026-05-23T17:09:26"
"data/ncpt_zenodo_7249732/battery14_df.csv","2938597","9615BF872A49CBE25310B5D83E12D216ABE2B81116A8020BEFD6ED01C45D3A98","2026-05-23T17:07:03"
"data/ncpt_zenodo_7249732/battery17_df.csv","25088555","6E7455A103B22E4DF7DB810E6A149566A67663D47561FA24D22716339F075F83","2026-05-23T17:07:14"
"data/ncpt_zenodo_7249732/battery17_norms.csv","22405","660E7DE1326FB849C6FA060C4D3F483BE58705758E0D7A12EF6000D09DA92D52","2026-05-23T17:09:21"
"data/ncpt_zenodo_7249732/battery25_df.csv","2207370","CBB65F109673F6AB41EFB8B85B2504F64CA8E2D8A59F386BB72A8F1F15EA8633","2026-05-23T17:08:00"
"data/ncpt_zenodo_7249732/battery26_df.csv","878862","DF32A0F700088DF0B25B2D839D9F74A7FE278C76BEDFDCB737F6839AED30FF64","2026-05-23T17:09:21"
"data/ncpt_zenodo_7249732/battery32_df.csv","51073531","6D72476A631F4CECDED19258B5B3A72873A26B05719C2B56BA3FE7F5ECEF3123","2026-05-23T17:09:20"
"data/ncpt_zenodo_7249732/battery32_norms.csv","32249","3C07DDEDD9512EE2E2E6C36DBA9A8C814257A283DF82C0CB7245CB5A65F27BF1","2026-05-23T17:07:58"
"data/ncpt_zenodo_7249732/battery39_df.csv","104965922","0023C337BF131E6676A60C1C210CDB68DAE5E52BDF7F8E13CDDBF1E41CE50E9F","2026-05-23T17:07:58"
"data/ncpt_zenodo_7249732/battery39_norms.csv","29137","C9FEAC52598CDAEAD2EA7148F16490ECED7D5979794E5EC0EA57E5E55A554821","2026-05-23T17:08:01"
"data/ncpt_zenodo_7249732/battery50_df.csv","139250061","D04CD60F99E31DA910B26F0FC8BFA0394A00B775B2F07D314D6049DA2C01EA52","2026-05-23T17:08:58"
"data/ncpt_zenodo_7249732/battery50_norms.csv","29310","95B81996F054CB064B9B333EE6DC5FD3670FF77044FDD74E774BC5E270535B8E","2026-05-23T17:07:59"
"data/ncpt_zenodo_7249732/battery60_df.csv","2772590","D8C5B92B8F1152673A9477E2B3CBDC122318C8A90437E3F0B39E555ACBF2BED3","2026-05-23T17:09:23"
"data/ncpt_zenodo_7249732/battery60_norms.csv","18585","BF739DAF73F41E3628B336FF80720C7BFA3C71C1679E07C2978FF715DED3770C","2026-05-23T17:07:58"
"data/ncpt_zenodo_7249732/zenodo_record_7249732.json","13657","D93995FA9C62D30E3F6CBFFF73CD2B787AFF35D3F5EFB20A9E56FEBBF78209E9","2026-05-23T17:07:00"
"metadata/current_file_inventory.csv","238788","72A32FE9322B9FB4B71443F5CAE0C86D4F360817E78D2E774876A9A78181A732","2026-05-23T17:24:32"
"metadata/download_manifest.csv","36643","4F524ACAE0DC2F424BCC9EAA981F8F81358DA72EBE7403A76EC97F39D89901CC","2026-05-23T18:50:39"
"metadata/download_manifest.json","54393","E3044FB0D328D3FA0AE7595094DA60B9E77C537A75C92644F5B34FD07F375145","2026-05-23T18:50:39"
"metadata/openalex_missing_pubmed_oa.json","6731","EF94826995737ACAB4FDC3ABB6AC13F92A3B62C715FA838420E3B98E5D7ACAB4","2026-05-23T18:48:14"
"metadata/pmc_oa_status_PMC4821477.xml","222","13810B969310F5B906C572562EB852F2DA82D87CD87D3A10E37F28A3BBF3252D","2026-05-23T18:22:30"
"metadata/pmc_oa_status_PMC5388755.xml","447","9A5444539406F17849D3A29FF5DC6EB7DA23016B045C7D5C1DD465F4B252AD24","2026-05-23T18:22:30"
"metadata/pmc_oa_status_PMC5619209.xml","459","8A550F9BABC1A9223DFDDCA0628795139AF45DFC41329C4D1F5793EB1B4FDB0E","2026-05-23T18:22:30"
"metadata/pmc_oa_status_PMC5632878.xml","453","2D1A9B65CC75ED59CE0BA75C72186CDD089D14C40FB7FB4EF8D7FD2F49EB8CCE","2026-05-23T18:22:31"
"metadata/pmc_oa_status_PMC9049046.xml","222","0FC35B300A1014C861A970ED55840C581C99C2E3D6178DA255CD6D9E9F37861C","2026-05-23T18:22:30"
"metadata/pmc_oa_status_PMC9153280.xml","222","441E16898962E4CA752B51CD13708B1A3F2D79A0CAA207F903A6CC9C795C75E3","2026-05-23T18:22:30"
"metadata/pubmed_selected_records.xml","46547","4F7FAE190275C66E22E8812C129CE30255109EC83C0F392D6EFD24AADDDE7A3F","2026-05-23T17:06:59"
"metadata/pubmed_to_pmc_idconv.json","1102","F93001220F582F72252497A7AB59ACB9092762B91834D199F4B39D72F78B9E7A","2026-05-23T17:07:00"
"metadata/report_links.json","4262","CF670A11D52F5BFC34819C58D5887C91E1EDEF3FD455481F56256D93CC48818B","2026-05-23T17:05:58"
"metadata/report_links.txt","3862","1EDA2A5090432C91569DB2EE069F2D2DF0BAD45EA54C712815B181185D93884D","2026-05-23T17:05:58"
"metadata/report_url_coverage.csv","14515","60D3C8E05E056A966C767C20A418B4A8C505B58C60C5494184D06BDBF4809A09","2026-05-23T18:25:12"
"metadata/source_deep-research-report.md","42806","A938E7613B06B02C0339E413CE45A98C7FE5602BFF9B96AD769624A41BFC341B","2026-05-23T16:36:55"
"metadata/unpaywall_missing_pubmed_oa.json","2609","9F2435016BEFB16CDBE9EDB711A26A890DB6F611970CE0515769ECAAA37B9250","2026-05-23T18:50:39"
"official-tools/ace_iii_scoring_uk_2017.pdf","646513","58CBDF72A74293614047F56BC134CC4F069347BBB052B86400AD53257770DA2B","2026-05-23T17:06:29"
"official-tools/gpcog_english.pdf","194710","C8E35E434A36DBE8CC88207D4AD496FC390B578E1FF10189DB4C5E2F01D15781","2026-05-23T17:06:23"
"official-tools/sage_form1_us_2021.pdf","542228","0CF74C735FD4186F544F363B9F9BD451E27C62C992EF72B3EF4355282DC3F8E2","2026-05-23T17:06:25"
"official-tools/sage_scoringinstructions_usuk_2021.pdf","133607","F3F3673A30C61685EF43E8E2E6AF4491CD723EFBEA5E548B7D63B1208E1D7AAC","2026-05-23T17:06:25"
"official-tools/slums_form.pdf","184328","AFC19398A45B5E7F4BB996745D187BD415A79AFEBF42FC6F4937FEC60DE8F68F","2026-05-23T17:06:28"
"official-tools/tics_nia_life_F030.pdf","152732","E1748474704FD8476DB3A056E498979A535B40338C6F9D2E82EBA78785DC4047","2026-05-23T17:06:00"
"papers/brodaty_2002_gpcog.pdf","111517","358817A51C3F0D89DAC406FAE7A59E36BA30BFAA5708D26038839AD88FAB4C35","2026-05-23T17:06:23"
"papers/julayanont_2013_moca_review.pdf","332881","721E5276D9CE9628DDF2EBC7A0AF87C03A0A327D64576352500470D3B641D7BE","2026-05-23T17:06:31"
"papers/mdpi_2022_five_word_test_adaptation.pdf","295392","ACEAAADA0EF532F95831DD3FE3B4ABF0F98FE9ED702918E42F4A1CCF05367AC4","2026-05-23T18:19:24"
"papers/pmc5388755_stroop_review.pdf","512907","87043FE4ED5AF1E97619884DCDBC1F8C16AD24B0DEABE58CEFAE57A8AE3CCB1D","2026-05-23T17:15:28"
"papers/pmc5619209_clock_drawing_history_review.pdf","195774","18C17A5C79A62EACC70D605371F6F1483926836582C81DDE26637790CA4E542B","2026-05-23T17:15:36"
"papers/pmc5632878_five_word_test_validation.pdf","730809","B391028E06680F10A6F90F5BA2379D0AC87DC5741E0C2D2EC253897C49CE1E22","2026-05-23T17:15:39"
"papers/pmc9731954_ncpt_dataset_paper.pdf","1108865","F217D1F23E35BEF42FC36A06FEE86DB13284C5F3EAF89B30E14E9DABE701FD1A","2026-05-23T17:15:53"
"papers/tmt_norms_ianindia.pdf","471382","876B37905D42B25EA2F81DF194365EC30C2F1F290886FCF6089AD230720E9FB2","2026-05-23T17:06:32"
"web-pages/ad8_official.html","95390","20281CDB40A285E6F32F03647D830F2F19C283EAF408E65E431E21FF7F0386E3","2026-05-23T17:06:39"
"web-pages/cambridge_alzheimers.html","507541","8CF8878C5EC5871A7BFEA6EAA208249542C56EAA74366913A90AB910185F3CEF","2026-05-23T17:06:54"
"web-pages/cambridge_cantab_overview.html","473968","75C9209DCB8922549CF62A77AB94D0ACB8F5571A0D04CA2577D4E5CA436CB1C8","2026-05-23T17:06:53"
"web-pages/cambridge_pal.html","464848","6EA0AC6FAD75A033DF379CAF3BC9A9F8ABC36DB438219B8B62711DD89B61DFBB","2026-05-23T17:06:54"
"web-pages/gale_bowie_harvey_2006_tmt.html","114164","A1D38036A32FECB1E6BC601B6B2B23670791288B3283FC01812A63810F253A67","2026-05-23T18:21:04"
"web-pages/gpcog_home.html","12023","517C883CD9C010E62E2B42011E2E96871E3EC7092D98FC2BEC49F22EF316CBF5","2026-05-23T17:06:40"
"web-pages/johns_hopkins_tics.html","41262","36533E643EEDA23F190919497A250BB9FDF363191596EECD033A351F0E1E8DCC","2026-05-23T17:06:43"
"web-pages/moca_official.html","130832","701EC45B2857203EF99136256A070F39C6FDB6FB0DF903A38DADE000F8605BDD","2026-05-23T17:06:39"
"web-pages/nature_bowie_harvey_2006_tmt.html","3038","32ED63159C77E21EE19CA1B9AA3213CCF0218EB59539560B132A8E68EF0E18EA","2026-05-23T18:20:51"
"web-pages/par_mmse_official.html","45699","8D75F1CA5EEF635952EDD9812C87EC4D3974986FE6C45543FE316FAAA90CDE77","2026-05-23T17:06:38"
"web-pages/par_ravlt.html","40899","87385D75EF52123AAC1DC24269E2B6A06608E713AFF4E3B2AABED6F63EFAEB0A","2026-05-23T17:06:45"
"web-pages/pearson_bnt_normative_request.html","351446","7AC6C1D7EAD7ED58A53BF32C5CE33FFF829DC65D78DD570D056373724A08DE11","2026-05-23T17:06:50"
"web-pages/pearson_cvlt_3.html","75127","A14F4439393309693E00E67106BB04DC5F0BA6C8533DB8969A489C8C1957733C","2026-05-23T17:06:47"
"web-pages/pearson_wais_iv.html","159107","DD08BA64FC61AF2D5DA4E3A16A8C73BBBA27988E24158EC44A79C2730128ACE0","2026-05-23T17:06:45"
"web-pages/pmc4821477_pdf_challenge_response.html","21199","664F19FE1364BCBE31B7EDA49F62BD9EEDB2356E8B966182D31857800974A91D","2026-05-23T17:06:36"
"web-pages/pmc4821477_pmc_article.html","368326","D0B036893CA27E0C017AA9DF31F1A0FAD704C59CBFFB9739CD4F79F5F250F8F4","2026-05-23T17:21:31"
"web-pages/pmc5388755_pmc_article.html","203384","9D7DCDA97B0B7E2D14DE65BFDB140CE88B362C7FA8FAA1B5F04447E1DB2F0723","2026-05-23T18:19:45"
"web-pages/pmc5619209_pmc_article.html","215427","9AC30E865F7AD5CAFF15F254AE248272E9A4522E3E81BF484D1727FC96814027","2026-05-23T18:19:46"
"web-pages/pmc5632878_pmc_article.html","155464","3463637FC30C05BCCCD838A05DAD5B261534D48EDB93400971F1DC9D23A15F73","2026-05-23T18:19:47"
"web-pages/pmc9049046_pdf_challenge_response.html","21199","F850C85EC5FB5A8FC7400897FD7BDCAA29E839068699BCE07F8FCB0D2071A896","2026-05-23T17:06:35"
"web-pages/pmc9049046_pmc_article.html","184335","F37CACE265C54DAA28320DBF9F2B5AB07CFB8DCA7853234AC38E02C378E89C3B","2026-05-23T17:21:30"
"web-pages/pmc9153280_pdf_challenge_response.html","21272","ECA64DC6555F9ABE84AA454837BBAB371B1B7D45BF575C617C7A345C5EBC6E13","2026-05-23T17:14:02"
"web-pages/pmc9153280_pmc_article.html","205159","42EC5C94153165BB981320A9341E90A5AB878D466953A95EA0B2F3F8468DD809","2026-05-23T17:21:29"
"web-pages/proed_boston_naming_test.html","131709","6A848F81E940F8431FDD06F4DDACBABCC75BA98E0E1C5652903DEBA48C6CED92","2026-05-23T17:06:49"
"web-pages/sage_official.html","103011","5D5D07374E5558674E3D437F0EA33F334C5E64F5BB587ED83464DC0F7E6FBC60","2026-05-23T17:06:40"
"web-pages/slums_official.html","110376","711542B875BB084DDBB234FCAAA0AF8FC09752BB762AB8FAF5652F4643977707","2026-05-23T17:06:42"
"web-pages/springer_verbal_fluency.html","269150","1948E600BB37686087CAA06F1D66FA1B6B974003A1D71FDC5C1E1C8909E844D7","2026-05-23T17:06:56"
"web-pages/sydney_ace_official.html","116345","449BD4B2EC8067C70391EBA127954B4BA13E753A96491F2E6BBD9B7E91821333","2026-05-23T17:06:44"
"web-pages/wps_stroop.html","290390","4E32A9FE07DC07295FF2910FA18D8E6E42CE919A44D410F13C967EDD5198CC21","2026-05-23T17:06:52"
"web-pages/zenodo_ncpt_record.html","101699","5E7F4F0F6B2028D6737F8657B169D6815493446A0B9D75C363BD6C90FAE815C6","2026-05-23T17:06:58"
